solid exported
	facet normal 0.7071067811865476 0.7071067811865476 0
		outer loop
			vertex 0.014999999664723873 0.01600000075995922 -0.0015999999595806003
			vertex 0.014999999664723873 0.01600000075995922 0
			vertex 0.01600000075995922 0.014999999664723873 0
		endloop
	endfacet
	facet normal 0.7071067811865476 0.7071067811865476 0
		outer loop
			vertex 0.014999999664723873 0.01600000075995922 -0.0015999999595806003
			vertex 0.01600000075995922 0.014999999664723873 0
			vertex 0.01600000075995922 0.014999999664723873 -0.0015999999595806003
		endloop
	endfacet
	facet normal 0 0 1
		outer loop
			vertex -0.014872766099870205 -0.014744684100151062 0
			vertex -0.01600000075995922 -0.014999999664723873 0
			vertex -0.014999999664723873 -0.01600000075995922 0
		endloop
	endfacet
	facet normal 0 0 1
		outer loop
			vertex -0.014602096751332283 -0.014984475448727608 0
			vertex -0.014872766099870205 -0.014744684100151062 0
			vertex -0.014999999664723873 -0.01600000075995922 0
		endloop
	endfacet
	facet normal 0 0 1
		outer loop
			vertex -0.015078184194862843 -0.014447084628045559 0
			vertex -0.01600000075995922 -0.014999999664723873 0
			vertex -0.014872766099870205 -0.014744684100151062 0
		endloop
	endfacet
	facet normal 0 0 1
		outer loop
			vertex -0.014281907118856907 -0.0151525242254138 0
			vertex -0.014602096751332283 -0.014984475448727608 0
			vertex -0.014999999664723873 -0.01600000075995922 0
		endloop
	endfacet
	facet normal 0 0 1
		outer loop
			vertex -0.0152064124122262 -0.014108973555266857 0
			vertex -0.01600000075995922 -0.014999999664723873 0
			vertex -0.015078184194862843 -0.014447084628045559 0
		endloop
	endfacet
	facet normal 0 0 1
		outer loop
			vertex -0.013930805027484894 -0.015239063650369644 0
			vertex -0.014281907118856907 -0.0151525242254138 0
			vertex -0.014999999664723873 -0.01600000075995922 0
		endloop
	endfacet
	facet normal 0 0 1
		outer loop
			vertex -0.015250000171363354 -0.013749999925494194 0
			vertex -0.01600000075995922 -0.014999999664723873 0
			vertex -0.0152064124122262 -0.014108973555266857 0
		endloop
	endfacet
	facet normal 0 0 1
		outer loop
			vertex -0.013569194823503494 -0.015239063650369644 0
			vertex -0.013930805027484894 -0.015239063650369644 0
			vertex -0.014999999664723873 -0.01600000075995922 0
		endloop
	endfacet
	facet normal 0 0 1
		outer loop
			vertex -0.0152064124122262 -0.013391026295721531 0
			vertex -0.01600000075995922 -0.014999999664723873 0
			vertex -0.015250000171363354 -0.013749999925494194 0
		endloop
	endfacet
	facet normal 0 0 1
		outer loop
			vertex -0.013218092732131481 -0.0151525242254138 0
			vertex -0.013569194823503494 -0.015239063650369644 0
			vertex -0.014999999664723873 -0.01600000075995922 0
		endloop
	endfacet
	facet normal 0 0 1
		outer loop
			vertex -0.015078184194862843 -0.013052915222942829 0
			vertex -0.01600000075995922 -0.014999999664723873 0
			vertex -0.0152064124122262 -0.013391026295721531 0
		endloop
	endfacet
	facet normal 0 0 1
		outer loop
			vertex -0.014602096751332283 0.01251552440226078 0
			vertex -0.014872766099870205 -0.012755315750837326 0
			vertex -0.014602096751332283 -0.01251552440226078 0
		endloop
	endfacet
	facet normal 0 0 1
		outer loop
			vertex -0.014602096751332283 0.01251552440226078 0
			vertex -0.014872766099870205 0.012755315750837326 0
			vertex -0.014872766099870205 -0.012755315750837326 0
		endloop
	endfacet
	facet normal 0 0 1
		outer loop
			vertex 0.012897903099656105 -0.014984475448727608 0
			vertex -0.012627233751118183 -0.014744684100151062 0
			vertex -0.012897903099656105 -0.014984475448727608 0
		endloop
	endfacet
	facet normal 0 0 1
		outer loop
			vertex 0.012897903099656105 -0.014984475448727608 0
			vertex 0.012627233751118183 -0.014744684100151062 0
			vertex -0.012627233751118183 -0.014744684100151062 0
		endloop
	endfacet
	facet normal 0 0 1
		outer loop
			vertex 0.012421815656125546 -0.014447084628045559 0
			vertex -0.012421815656125546 -0.014447084628045559 0
			vertex -0.012627233751118183 -0.014744684100151062 0
		endloop
	endfacet
	facet normal 0 0 1
		outer loop
			vertex 0.012421815656125546 -0.014447084628045559 0
			vertex -0.012627233751118183 -0.014744684100151062 0
			vertex 0.012627233751118183 -0.014744684100151062 0
		endloop
	endfacet
	facet normal 0 0 1
		outer loop
			vertex -0.015078184194862843 0.013052915222942829 0
			vertex -0.015078184194862843 -0.013052915222942829 0
			vertex -0.014872766099870205 -0.012755315750837326 0
		endloop
	endfacet
	facet normal 0 0 1
		outer loop
			vertex -0.015078184194862843 0.013052915222942829 0
			vertex -0.014872766099870205 -0.012755315750837326 0
			vertex -0.014872766099870205 0.012755315750837326 0
		endloop
	endfacet
	facet normal 0 0 1
		outer loop
			vertex 0.013218092732131481 -0.0151525242254138 0
			vertex -0.012897903099656105 -0.014984475448727608 0
			vertex -0.013218092732131481 -0.0151525242254138 0
		endloop
	endfacet
	facet normal 0 0 1
		outer loop
			vertex 0.013218092732131481 -0.0151525242254138 0
			vertex 0.012897903099656105 -0.014984475448727608 0
			vertex -0.012897903099656105 -0.014984475448727608 0
		endloop
	endfacet
	facet normal 0 0 1
		outer loop
			vertex -0.014281907118856907 0.012347475625574589 0
			vertex -0.014602096751332283 0.01251552440226078 0
			vertex -0.014602096751332283 -0.01251552440226078 0
		endloop
	endfacet
	facet normal 0 0 1
		outer loop
			vertex -0.014281907118856907 0.012347475625574589 0
			vertex -0.014602096751332283 -0.01251552440226078 0
			vertex -0.014281907118856907 -0.012347475625574589 0
		endloop
	endfacet
	facet normal 0 0 1
		outer loop
			vertex 0.012293587438762188 -0.014108973555266857 0
			vertex -0.012293587438762188 -0.014108973555266857 0
			vertex -0.012421815656125546 -0.014447084628045559 0
		endloop
	endfacet
	facet normal 0 0 1
		outer loop
			vertex 0.012293587438762188 -0.014108973555266857 0
			vertex -0.012421815656125546 -0.014447084628045559 0
			vertex 0.012421815656125546 -0.014447084628045559 0
		endloop
	endfacet
	facet normal 0 0 1
		outer loop
			vertex -0.013930805027484894 0.012260937131941319 0
			vertex -0.014281907118856907 -0.012347475625574589 0
			vertex -0.013930805027484894 -0.012260937131941319 0
		endloop
	endfacet
	facet normal 0 0 1
		outer loop
			vertex -0.013930805027484894 0.012260937131941319 0
			vertex -0.014281907118856907 0.012347475625574589 0
			vertex -0.014281907118856907 -0.012347475625574589 0
		endloop
	endfacet
	facet normal 0 0 1
		outer loop
			vertex 0.012249999679625034 -0.013749999925494194 0
			vertex -0.012249999679625034 -0.013749999925494194 0
			vertex -0.012293587438762188 -0.014108973555266857 0
		endloop
	endfacet
	facet normal 0 0 1
		outer loop
			vertex 0.012249999679625034 -0.013749999925494194 0
			vertex -0.012293587438762188 -0.014108973555266857 0
			vertex 0.012293587438762188 -0.014108973555266857 0
		endloop
	endfacet
	facet normal 0 0 1
		outer loop
			vertex -0.013569194823503494 0.012260937131941319 0
			vertex -0.013930805027484894 -0.012260937131941319 0
			vertex -0.013569194823503494 -0.012260937131941319 0
		endloop
	endfacet
	facet normal 0 0 1
		outer loop
			vertex -0.013569194823503494 0.012260937131941319 0
			vertex -0.013930805027484894 0.012260937131941319 0
			vertex -0.013930805027484894 -0.012260937131941319 0
		endloop
	endfacet
	facet normal 0 0 1
		outer loop
			vertex 0.012293587438762188 -0.013391026295721531 0
			vertex -0.012249999679625034 -0.013749999925494194 0
			vertex 0.012249999679625034 -0.013749999925494194 0
		endloop
	endfacet
	facet normal 0 0 1
		outer loop
			vertex 0.012293587438762188 -0.013391026295721531 0
			vertex -0.012293587438762188 -0.013391026295721531 0
			vertex -0.012249999679625034 -0.013749999925494194 0
		endloop
	endfacet
	facet normal 0 0 1
		outer loop
			vertex 0.014999999664723873 -0.01600000075995922 0
			vertex 0.013930805027484894 -0.015239063650369644 0
			vertex 0.013569194823503494 -0.015239063650369644 0
		endloop
	endfacet
	facet normal 0 0 1
		outer loop
			vertex 0.014999999664723873 -0.01600000075995922 0
			vertex 0.013569194823503494 -0.015239063650369644 0
			vertex 0.013218092732131481 -0.0151525242254138 0
		endloop
	endfacet
	facet normal 0 0 1
		outer loop
			vertex 0.014999999664723873 -0.01600000075995922 0
			vertex -0.013218092732131481 -0.0151525242254138 0
			vertex -0.014999999664723873 -0.01600000075995922 0
		endloop
	endfacet
	facet normal 0 0 1
		outer loop
			vertex 0.014999999664723873 -0.01600000075995922 0
			vertex 0.013218092732131481 -0.0151525242254138 0
			vertex -0.013218092732131481 -0.0151525242254138 0
		endloop
	endfacet
	facet normal 0 0 1
		outer loop
			vertex -0.01600000075995922 0.014999999664723873 0
			vertex -0.01600000075995922 -0.014999999664723873 0
			vertex -0.015078184194862843 -0.013052915222942829 0
		endloop
	endfacet
	facet normal 0 0 1
		outer loop
			vertex -0.01600000075995922 0.014999999664723873 0
			vertex -0.015078184194862843 -0.013052915222942829 0
			vertex -0.015078184194862843 0.013052915222942829 0
		endloop
	endfacet
	facet normal 0 0 1
		outer loop
			vertex -0.01600000075995922 0.014999999664723873 0
			vertex -0.015250000171363354 0.013749999925494194 0
			vertex -0.0152064124122262 0.014108973555266857 0
		endloop
	endfacet
	facet normal 0 0 1
		outer loop
			vertex -0.01600000075995922 0.014999999664723873 0
			vertex -0.015078184194862843 0.013052915222942829 0
			vertex -0.0152064124122262 0.013391026295721531 0
		endloop
	endfacet
	facet normal 0 0 1
		outer loop
			vertex -0.01600000075995922 0.014999999664723873 0
			vertex -0.0152064124122262 0.013391026295721531 0
			vertex -0.015250000171363354 0.013749999925494194 0
		endloop
	endfacet
	facet normal 0 0 1
		outer loop
			vertex 0.014281907118856907 -0.0151525242254138 0
			vertex 0.013930805027484894 -0.015239063650369644 0
			vertex 0.014999999664723873 -0.01600000075995922 0
		endloop
	endfacet
	facet normal 0 0 1
		outer loop
			vertex -0.013218092732131481 0.012347475625574589 0
			vertex -0.013569194823503494 -0.012260937131941319 0
			vertex -0.013218092732131481 -0.012347475625574589 0
		endloop
	endfacet
	facet normal 0 0 1
		outer loop
			vertex -0.013218092732131481 0.012347475625574589 0
			vertex -0.013569194823503494 0.012260937131941319 0
			vertex -0.013569194823503494 -0.012260937131941319 0
		endloop
	endfacet
	facet normal 0 0 1
		outer loop
			vertex -0.015078184194862843 0.014447084628045559 0
			vertex -0.01600000075995922 0.014999999664723873 0
			vertex -0.0152064124122262 0.014108973555266857 0
		endloop
	endfacet
	facet normal 0 0 1
		outer loop
			vertex 0.012421815656125546 -0.013052915222942829 0
			vertex -0.012293587438762188 -0.013391026295721531 0
			vertex 0.012293587438762188 -0.013391026295721531 0
		endloop
	endfacet
	facet normal 0 0 1
		outer loop
			vertex 0.012421815656125546 -0.013052915222942829 0
			vertex -0.012421815656125546 -0.013052915222942829 0
			vertex -0.012293587438762188 -0.013391026295721531 0
		endloop
	endfacet
	facet normal 0 0 1
		outer loop
			vertex 0.014602096751332283 -0.014984475448727608 0
			vertex 0.014281907118856907 -0.0151525242254138 0
			vertex 0.014999999664723873 -0.01600000075995922 0
		endloop
	endfacet
	facet normal 0 0 1
		outer loop
			vertex -0.012897903099656105 0.01251552440226078 0
			vertex -0.013218092732131481 -0.012347475625574589 0
			vertex -0.012897903099656105 -0.01251552440226078 0
		endloop
	endfacet
	facet normal 0 0 1
		outer loop
			vertex -0.012897903099656105 0.01251552440226078 0
			vertex -0.013218092732131481 0.012347475625574589 0
			vertex -0.013218092732131481 -0.012347475625574589 0
		endloop
	endfacet
	facet normal 0 0 1
		outer loop
			vertex 0.012627233751118183 -0.012755315750837326 0
			vertex -0.012421815656125546 -0.013052915222942829 0
			vertex 0.012421815656125546 -0.013052915222942829 0
		endloop
	endfacet
	facet normal 0 0 1
		outer loop
			vertex 0.012627233751118183 -0.012755315750837326 0
			vertex -0.012627233751118183 -0.012755315750837326 0
			vertex -0.012421815656125546 -0.013052915222942829 0
		endloop
	endfacet
	facet normal 0 0 1
		outer loop
			vertex -0.014872766099870205 0.014744684100151062 0
			vertex -0.01600000075995922 0.014999999664723873 0
			vertex -0.015078184194862843 0.014447084628045559 0
		endloop
	endfacet
	facet normal 0 0 1
		outer loop
			vertex 0.014872766099870205 -0.014744684100151062 0
			vertex 0.014602096751332283 -0.014984475448727608 0
			vertex 0.014999999664723873 -0.01600000075995922 0
		endloop
	endfacet
	facet normal 0 0 1
		outer loop
			vertex -0.012627233751118183 0.012755315750837326 0
			vertex -0.012897903099656105 -0.01251552440226078 0
			vertex -0.012627233751118183 -0.012755315750837326 0
		endloop
	endfacet
	facet normal 0 0 1
		outer loop
			vertex -0.012627233751118183 0.012755315750837326 0
			vertex -0.012897903099656105 0.01251552440226078 0
			vertex -0.012897903099656105 -0.01251552440226078 0
		endloop
	endfacet
	facet normal 0 0 1
		outer loop
			vertex -0.014999999664723873 0.01600000075995922 0
			vertex -0.01600000075995922 0.014999999664723873 0
			vertex -0.014872766099870205 0.014744684100151062 0
		endloop
	endfacet
	facet normal 0 0 1
		outer loop
			vertex -0.014999999664723873 0.01600000075995922 0
			vertex -0.014872766099870205 0.014744684100151062 0
			vertex -0.014602096751332283 0.014984475448727608 0
		endloop
	endfacet
	facet normal 0 0 1
		outer loop
			vertex -0.014999999664723873 0.01600000075995922 0
			vertex -0.014602096751332283 0.014984475448727608 0
			vertex -0.014281907118856907 0.0151525242254138 0
		endloop
	endfacet
	facet normal 0 0 1
		outer loop
			vertex 0.01600000075995922 -0.014999999664723873 0
			vertex 0.015078184194862843 -0.014447084628045559 0
			vertex 0.014872766099870205 -0.014744684100151062 0
		endloop
	endfacet
	facet normal 0 0 1
		outer loop
			vertex 0.01600000075995922 -0.014999999664723873 0
			vertex 0.014872766099870205 -0.014744684100151062 0
			vertex 0.014999999664723873 -0.01600000075995922 0
		endloop
	endfacet
	facet normal 0 0 1
		outer loop
			vertex 0.0152064124122262 -0.014108973555266857 0
			vertex 0.015078184194862843 -0.014447084628045559 0
			vertex 0.01600000075995922 -0.014999999664723873 0
		endloop
	endfacet
	facet normal 0 0 1
		outer loop
			vertex -0.013930805027484894 0.015239063650369644 0
			vertex -0.014999999664723873 0.01600000075995922 0
			vertex -0.014281907118856907 0.0151525242254138 0
		endloop
	endfacet
	facet normal 0 0 1
		outer loop
			vertex 0.015250000171363354 -0.013749999925494194 0
			vertex 0.0152064124122262 -0.014108973555266857 0
			vertex 0.01600000075995922 -0.014999999664723873 0
		endloop
	endfacet
	facet normal 0 0 1
		outer loop
			vertex -0.013569194823503494 0.015239063650369644 0
			vertex -0.014999999664723873 0.01600000075995922 0
			vertex -0.013930805027484894 0.015239063650369644 0
		endloop
	endfacet
	facet normal 0 0 1
		outer loop
			vertex 0.0152064124122262 -0.013391026295721531 0
			vertex 0.015250000171363354 -0.013749999925494194 0
			vertex 0.01600000075995922 -0.014999999664723873 0
		endloop
	endfacet
	facet normal 0 0 1
		outer loop
			vertex -0.013218092732131481 0.0151525242254138 0
			vertex -0.014999999664723873 0.01600000075995922 0
			vertex -0.013569194823503494 0.015239063650369644 0
		endloop
	endfacet
	facet normal 0 0 1
		outer loop
			vertex 0.015078184194862843 -0.013052915222942829 0
			vertex 0.0152064124122262 -0.013391026295721531 0
			vertex 0.01600000075995922 -0.014999999664723873 0
		endloop
	endfacet
	facet normal 0 0 1
		outer loop
			vertex 0.012627233751118183 0.012755315750837326 0
			vertex -0.012627233751118183 0.012755315750837326 0
			vertex -0.012627233751118183 -0.012755315750837326 0
		endloop
	endfacet
	facet normal 0 0 1
		outer loop
			vertex 0.012627233751118183 0.012755315750837326 0
			vertex -0.012627233751118183 -0.012755315750837326 0
			vertex 0.012627233751118183 -0.012755315750837326 0
		endloop
	endfacet
	facet normal 0 0 1
		outer loop
			vertex 0.012897903099656105 0.01251552440226078 0
			vertex 0.012627233751118183 0.012755315750837326 0
			vertex 0.012627233751118183 -0.012755315750837326 0
		endloop
	endfacet
	facet normal 0 0 1
		outer loop
			vertex 0.012897903099656105 0.01251552440226078 0
			vertex 0.012627233751118183 -0.012755315750837326 0
			vertex 0.012897903099656105 -0.01251552440226078 0
		endloop
	endfacet
	facet normal 0 0 1
		outer loop
			vertex 0.012421815656125546 0.013052915222942829 0
			vertex -0.012627233751118183 0.012755315750837326 0
			vertex 0.012627233751118183 0.012755315750837326 0
		endloop
	endfacet
	facet normal 0 0 1
		outer loop
			vertex 0.012421815656125546 0.013052915222942829 0
			vertex -0.012421815656125546 0.013052915222942829 0
			vertex -0.012627233751118183 0.012755315750837326 0
		endloop
	endfacet
	facet normal 0 0 1
		outer loop
			vertex 0.013218092732131481 0.012347475625574589 0
			vertex 0.012897903099656105 0.01251552440226078 0
			vertex 0.012897903099656105 -0.01251552440226078 0
		endloop
	endfacet
	facet normal 0 0 1
		outer loop
			vertex 0.013218092732131481 0.012347475625574589 0
			vertex 0.012897903099656105 -0.01251552440226078 0
			vertex 0.013218092732131481 -0.012347475625574589 0
		endloop
	endfacet
	facet normal 0 0 1
		outer loop
			vertex 0.012293587438762188 0.013391026295721531 0
			vertex -0.012293587438762188 0.013391026295721531 0
			vertex -0.012421815656125546 0.013052915222942829 0
		endloop
	endfacet
	facet normal 0 0 1
		outer loop
			vertex 0.012293587438762188 0.013391026295721531 0
			vertex -0.012421815656125546 0.013052915222942829 0
			vertex 0.012421815656125546 0.013052915222942829 0
		endloop
	endfacet
	facet normal 0 0 1
		outer loop
			vertex 0.013569194823503494 0.012260937131941319 0
			vertex 0.013218092732131481 0.012347475625574589 0
			vertex 0.013218092732131481 -0.012347475625574589 0
		endloop
	endfacet
	facet normal 0 0 1
		outer loop
			vertex 0.013569194823503494 0.012260937131941319 0
			vertex 0.013218092732131481 -0.012347475625574589 0
			vertex 0.013569194823503494 -0.012260937131941319 0
		endloop
	endfacet
	facet normal 0 0 1
		outer loop
			vertex 0.012249999679625034 0.013749999925494194 0
			vertex -0.012249999679625034 0.013749999925494194 0
			vertex -0.012293587438762188 0.013391026295721531 0
		endloop
	endfacet
	facet normal 0 0 1
		outer loop
			vertex 0.012249999679625034 0.013749999925494194 0
			vertex -0.012293587438762188 0.013391026295721531 0
			vertex 0.012293587438762188 0.013391026295721531 0
		endloop
	endfacet
	facet normal 0 0 1
		outer loop
			vertex 0.013930805027484894 0.012260937131941319 0
			vertex 0.013569194823503494 0.012260937131941319 0
			vertex 0.013569194823503494 -0.012260937131941319 0
		endloop
	endfacet
	facet normal 0 0 1
		outer loop
			vertex 0.013930805027484894 0.012260937131941319 0
			vertex 0.013569194823503494 -0.012260937131941319 0
			vertex 0.013930805027484894 -0.012260937131941319 0
		endloop
	endfacet
	facet normal 0 0 1
		outer loop
			vertex 0.012293587438762188 0.014108973555266857 0
			vertex -0.012293587438762188 0.014108973555266857 0
			vertex -0.012249999679625034 0.013749999925494194 0
		endloop
	endfacet
	facet normal 0 0 1
		outer loop
			vertex 0.012293587438762188 0.014108973555266857 0
			vertex -0.012249999679625034 0.013749999925494194 0
			vertex 0.012249999679625034 0.013749999925494194 0
		endloop
	endfacet
	facet normal 0 0 1
		outer loop
			vertex 0.014281907118856907 0.012347475625574589 0
			vertex 0.013930805027484894 -0.012260937131941319 0
			vertex 0.014281907118856907 -0.012347475625574589 0
		endloop
	endfacet
	facet normal 0 0 1
		outer loop
			vertex 0.014281907118856907 0.012347475625574589 0
			vertex 0.013930805027484894 0.012260937131941319 0
			vertex 0.013930805027484894 -0.012260937131941319 0
		endloop
	endfacet
	facet normal 0 0 1
		outer loop
			vertex 0.012421815656125546 0.014447084628045559 0
			vertex -0.012421815656125546 0.014447084628045559 0
			vertex -0.012293587438762188 0.014108973555266857 0
		endloop
	endfacet
	facet normal 0 0 1
		outer loop
			vertex 0.012421815656125546 0.014447084628045559 0
			vertex -0.012293587438762188 0.014108973555266857 0
			vertex 0.012293587438762188 0.014108973555266857 0
		endloop
	endfacet
	facet normal 0 0 1
		outer loop
			vertex 0.014602096751332283 0.01251552440226078 0
			vertex 0.014281907118856907 0.012347475625574589 0
			vertex 0.014281907118856907 -0.012347475625574589 0
		endloop
	endfacet
	facet normal 0 0 1
		outer loop
			vertex 0.014602096751332283 0.01251552440226078 0
			vertex 0.014281907118856907 -0.012347475625574589 0
			vertex 0.014602096751332283 -0.01251552440226078 0
		endloop
	endfacet
	facet normal 0 0 1
		outer loop
			vertex 0.012627233751118183 0.014744684100151062 0
			vertex -0.012421815656125546 0.014447084628045559 0
			vertex 0.012421815656125546 0.014447084628045559 0
		endloop
	endfacet
	facet normal 0 0 1
		outer loop
			vertex 0.012627233751118183 0.014744684100151062 0
			vertex -0.012627233751118183 0.014744684100151062 0
			vertex -0.012421815656125546 0.014447084628045559 0
		endloop
	endfacet
	facet normal 0 0 1
		outer loop
			vertex 0.014872766099870205 0.012755315750837326 0
			vertex 0.014602096751332283 0.01251552440226078 0
			vertex 0.014602096751332283 -0.01251552440226078 0
		endloop
	endfacet
	facet normal 0 0 1
		outer loop
			vertex 0.014872766099870205 0.012755315750837326 0
			vertex 0.014602096751332283 -0.01251552440226078 0
			vertex 0.014872766099870205 -0.012755315750837326 0
		endloop
	endfacet
	facet normal 0 0 1
		outer loop
			vertex 0.015078184194862843 0.013052915222942829 0
			vertex 0.014872766099870205 0.012755315750837326 0
			vertex 0.014872766099870205 -0.012755315750837326 0
		endloop
	endfacet
	facet normal 0 0 1
		outer loop
			vertex 0.015078184194862843 0.013052915222942829 0
			vertex 0.014872766099870205 -0.012755315750837326 0
			vertex 0.015078184194862843 -0.013052915222942829 0
		endloop
	endfacet
	facet normal 0 0 1
		outer loop
			vertex 0.014999999664723873 0.01600000075995922 0
			vertex 0.013218092732131481 0.0151525242254138 0
			vertex 0.013569194823503494 0.015239063650369644 0
		endloop
	endfacet
	facet normal 0 0 1
		outer loop
			vertex 0.014999999664723873 0.01600000075995922 0
			vertex 0.013569194823503494 0.015239063650369644 0
			vertex 0.013930805027484894 0.015239063650369644 0
		endloop
	endfacet
	facet normal 0 0 1
		outer loop
			vertex 0.014999999664723873 0.01600000075995922 0
			vertex 0.013930805027484894 0.015239063650369644 0
			vertex 0.014281907118856907 0.0151525242254138 0
		endloop
	endfacet
	facet normal 0 0 1
		outer loop
			vertex 0.014999999664723873 0.01600000075995922 0
			vertex 0.014281907118856907 0.0151525242254138 0
			vertex 0.014602096751332283 0.014984475448727608 0
		endloop
	endfacet
	facet normal 0 0 1
		outer loop
			vertex 0.014999999664723873 0.01600000075995922 0
			vertex 0.014602096751332283 0.014984475448727608 0
			vertex 0.014872766099870205 0.014744684100151062 0
		endloop
	endfacet
	facet normal 0 0 1
		outer loop
			vertex 0.01600000075995922 0.014999999664723873 0
			vertex 0.015078184194862843 0.013052915222942829 0
			vertex 0.015078184194862843 -0.013052915222942829 0
		endloop
	endfacet
	facet normal 0 0 1
		outer loop
			vertex 0.01600000075995922 0.014999999664723873 0
			vertex 0.014872766099870205 0.014744684100151062 0
			vertex 0.015078184194862843 0.014447084628045559 0
		endloop
	endfacet
	facet normal 0 0 1
		outer loop
			vertex 0.01600000075995922 0.014999999664723873 0
			vertex 0.015078184194862843 0.014447084628045559 0
			vertex 0.0152064124122262 0.014108973555266857 0
		endloop
	endfacet
	facet normal 0 0 1
		outer loop
			vertex 0.01600000075995922 0.014999999664723873 0
			vertex 0.0152064124122262 0.014108973555266857 0
			vertex 0.015250000171363354 0.013749999925494194 0
		endloop
	endfacet
	facet normal 0 0 1
		outer loop
			vertex 0.01600000075995922 0.014999999664723873 0
			vertex 0.015250000171363354 0.013749999925494194 0
			vertex 0.0152064124122262 0.013391026295721531 0
		endloop
	endfacet
	facet normal 0 0 1
		outer loop
			vertex 0.01600000075995922 0.014999999664723873 0
			vertex 0.0152064124122262 0.013391026295721531 0
			vertex 0.015078184194862843 0.013052915222942829 0
		endloop
	endfacet
	facet normal 0 0 1
		outer loop
			vertex 0.01600000075995922 0.014999999664723873 0
			vertex 0.014999999664723873 0.01600000075995922 0
			vertex 0.014872766099870205 0.014744684100151062 0
		endloop
	endfacet
	facet normal 0 0 1
		outer loop
			vertex 0.01600000075995922 0.014999999664723873 0
			vertex 0.015078184194862843 -0.013052915222942829 0
			vertex 0.01600000075995922 -0.014999999664723873 0
		endloop
	endfacet
	facet normal 0 0 1
		outer loop
			vertex 0.014999999664723873 0.01600000075995922 0
			vertex -0.014999999664723873 0.01600000075995922 0
			vertex -0.013218092732131481 0.0151525242254138 0
		endloop
	endfacet
	facet normal 0 0 1
		outer loop
			vertex 0.014999999664723873 0.01600000075995922 0
			vertex -0.013218092732131481 0.0151525242254138 0
			vertex -0.012897903099656105 0.014984475448727608 0
		endloop
	endfacet
	facet normal 0 0 1
		outer loop
			vertex 0.014999999664723873 0.01600000075995922 0
			vertex -0.012897903099656105 0.014984475448727608 0
			vertex -0.012627233751118183 0.014744684100151062 0
		endloop
	endfacet
	facet normal 0 0 1
		outer loop
			vertex 0.014999999664723873 0.01600000075995922 0
			vertex -0.012627233751118183 0.014744684100151062 0
			vertex 0.013218092732131481 0.0151525242254138 0
		endloop
	endfacet
	facet normal 0 0 1
		outer loop
			vertex 0.013218092732131481 0.0151525242254138 0
			vertex -0.012627233751118183 0.014744684100151062 0
			vertex 0.012897903099656105 0.014984475448727608 0
		endloop
	endfacet
	facet normal 0 0 1
		outer loop
			vertex 0.012897903099656105 0.014984475448727608 0
			vertex -0.012627233751118183 0.014744684100151062 0
			vertex 0.012627233751118183 0.014744684100151062 0
		endloop
	endfacet
	facet normal 0 1 0
		outer loop
			vertex 0.014999999664723873 0.01600000075995922 -0.0015999999595806003
			vertex -0.014999999664723873 0.01600000075995922 -0.0015999999595806003
			vertex -0.014999999664723873 0.01600000075995922 0
		endloop
	endfacet
	facet normal 0 1 0
		outer loop
			vertex 0.014999999664723873 0.01600000075995922 -0.0015999999595806003
			vertex -0.014999999664723873 0.01600000075995922 0
			vertex 0.014999999664723873 0.01600000075995922 0
		endloop
	endfacet
	facet normal -0.7071067811865476 0.7071067811865476 0
		outer loop
			vertex -0.014999999664723873 0.01600000075995922 0
			vertex -0.014999999664723873 0.01600000075995922 -0.0015999999595806003
			vertex -0.01600000075995922 0.014999999664723873 -0.0015999999595806003
		endloop
	endfacet
	facet normal -0.7071067811865476 0.7071067811865476 0
		outer loop
			vertex -0.014999999664723873 0.01600000075995922 0
			vertex -0.01600000075995922 0.014999999664723873 -0.0015999999595806003
			vertex -0.01600000075995922 0.014999999664723873 0
		endloop
	endfacet
	facet normal 0.7071067811865476 -0.7071067811865476 0
		outer loop
			vertex 0.01600000075995922 -0.014999999664723873 -0.0015999999595806003
			vertex 0.01600000075995922 -0.014999999664723873 0
			vertex 0.014999999664723873 -0.01600000075995922 0
		endloop
	endfacet
	facet normal 0.7071067811865476 -0.7071067811865476 0
		outer loop
			vertex 0.01600000075995922 -0.014999999664723873 -0.0015999999595806003
			vertex 0.014999999664723873 -0.01600000075995922 0
			vertex 0.014999999664723873 -0.01600000075995922 -0.0015999999595806003
		endloop
	endfacet
	facet normal 0 -1 0
		outer loop
			vertex -0.014999999664723873 -0.01600000075995922 -0.0015999999595806003
			vertex 0.014999999664723873 -0.01600000075995922 -0.0015999999595806003
			vertex 0.014999999664723873 -0.01600000075995922 0
		endloop
	endfacet
	facet normal 0 -1 0
		outer loop
			vertex -0.014999999664723873 -0.01600000075995922 -0.0015999999595806003
			vertex 0.014999999664723873 -0.01600000075995922 0
			vertex -0.014999999664723873 -0.01600000075995922 0
		endloop
	endfacet
	facet normal -0.7071067811865476 -0.7071067811865476 0
		outer loop
			vertex -0.01600000075995922 -0.014999999664723873 0
			vertex -0.01600000075995922 -0.014999999664723873 -0.0015999999595806003
			vertex -0.014999999664723873 -0.01600000075995922 -0.0015999999595806003
		endloop
	endfacet
	facet normal -0.7071067811865476 -0.7071067811865476 0
		outer loop
			vertex -0.01600000075995922 -0.014999999664723873 0
			vertex -0.014999999664723873 -0.01600000075995922 -0.0015999999595806003
			vertex -0.014999999664723873 -0.01600000075995922 0
		endloop
	endfacet
	facet normal 0.9927087188754793 -0.1205379586213602 0
		outer loop
			vertex 0.012293587438762188 0.014108973555266857 -0.0015999999595806003
			vertex 0.012249999679625034 0.013749999925494194 0
			vertex 0.012249999679625034 0.013749999925494194 -0.0015999999595806003
		endloop
	endfacet
	facet normal 0.9927087188754793 -0.1205379586213602 0
		outer loop
			vertex 0.012293587438762188 0.014108973555266857 -0.0015999999595806003
			vertex 0.012293587438762188 0.014108973555266857 0
			vertex 0.012249999679625034 0.013749999925494194 0
		endloop
	endfacet
	facet normal 0.9350166082291995 -0.35460392318129236 0
		outer loop
			vertex 0.012421815656125546 0.014447084628045559 -0.0015999999595806003
			vertex 0.012421815656125546 0.014447084628045559 0
			vertex 0.012293587438762188 0.014108973555266857 0
		endloop
	endfacet
	facet normal 0.9350166082291995 -0.35460392318129236 0
		outer loop
			vertex 0.012421815656125546 0.014447084628045559 -0.0015999999595806003
			vertex 0.012293587438762188 0.014108973555266857 0
			vertex 0.012293587438762188 0.014108973555266857 -0.0015999999595806003
		endloop
	endfacet
	facet normal 0.8229838514526991 -0.5680647676524936 0
		outer loop
			vertex 0.012627233751118183 0.014744684100151062 -0.0015999999595806003
			vertex 0.012627233751118183 0.014744684100151062 0
			vertex 0.012421815656125546 0.014447084628045559 0
		endloop
	endfacet
	facet normal 0.8229838514526991 -0.5680647676524936 0
		outer loop
			vertex 0.012627233751118183 0.014744684100151062 -0.0015999999595806003
			vertex 0.012421815656125546 0.014447084628045559 0
			vertex 0.012421815656125546 0.014447084628045559 -0.0015999999595806003
		endloop
	endfacet
	facet normal 0.6631214655848261 -0.748511804770394 0
		outer loop
			vertex 0.012897903099656105 0.014984475448727608 -0.0015999999595806003
			vertex 0.012897903099656105 0.014984475448727608 0
			vertex 0.012627233751118183 0.014744684100151062 0
		endloop
	endfacet
	facet normal 0.6631214655848261 -0.748511804770394 0
		outer loop
			vertex 0.012897903099656105 0.014984475448727608 -0.0015999999595806003
			vertex 0.012627233751118183 0.014744684100151062 0
			vertex 0.012627233751118183 0.014744684100151062 -0.0015999999595806003
		endloop
	endfacet
	facet normal 0.464723809331416 -0.8854556911785578 0
		outer loop
			vertex 0.013218092732131481 0.0151525242254138 -0.0015999999595806003
			vertex 0.013218092732131481 0.0151525242254138 0
			vertex 0.012897903099656105 0.014984475448727608 0
		endloop
	endfacet
	facet normal 0.464723809331416 -0.8854556911785578 0
		outer loop
			vertex 0.013218092732131481 0.0151525242254138 -0.0015999999595806003
			vertex 0.012897903099656105 0.014984475448727608 0
			vertex 0.012897903099656105 0.014984475448727608 -0.0015999999595806003
		endloop
	endfacet
	facet normal 0.23931705062358424 -0.970941475723861 0
		outer loop
			vertex 0.013569194823503494 0.015239063650369644 -0.0015999999595806003
			vertex 0.013569194823503494 0.015239063650369644 0
			vertex 0.013218092732131481 0.0151525242254138 0
		endloop
	endfacet
	facet normal 0.23931705062358424 -0.970941475723861 0
		outer loop
			vertex 0.013569194823503494 0.015239063650369644 -0.0015999999595806003
			vertex 0.013218092732131481 0.0151525242254138 0
			vertex 0.013218092732131481 0.0151525242254138 -0.0015999999595806003
		endloop
	endfacet
	facet normal 0 -1 0
		outer loop
			vertex 0.013930805027484894 0.015239063650369644 -0.0015999999595806003
			vertex 0.013930805027484894 0.015239063650369644 0
			vertex 0.013569194823503494 0.015239063650369644 0
		endloop
	endfacet
	facet normal 0 -1 0
		outer loop
			vertex 0.013930805027484894 0.015239063650369644 -0.0015999999595806003
			vertex 0.013569194823503494 0.015239063650369644 0
			vertex 0.013569194823503494 0.015239063650369644 -0.0015999999595806003
		endloop
	endfacet
	facet normal -0.23931705062358424 -0.970941475723861 0
		outer loop
			vertex 0.014281907118856907 0.0151525242254138 -0.0015999999595806003
			vertex 0.014281907118856907 0.0151525242254138 0
			vertex 0.013930805027484894 0.015239063650369644 0
		endloop
	endfacet
	facet normal -0.23931705062358424 -0.970941475723861 0
		outer loop
			vertex 0.014281907118856907 0.0151525242254138 -0.0015999999595806003
			vertex 0.013930805027484894 0.015239063650369644 0
			vertex 0.013930805027484894 0.015239063650369644 -0.0015999999595806003
		endloop
	endfacet
	facet normal -0.464723809331416 -0.8854556911785578 0
		outer loop
			vertex 0.014602096751332283 0.014984475448727608 -0.0015999999595806003
			vertex 0.014602096751332283 0.014984475448727608 0
			vertex 0.014281907118856907 0.0151525242254138 0
		endloop
	endfacet
	facet normal -0.464723809331416 -0.8854556911785578 0
		outer loop
			vertex 0.014602096751332283 0.014984475448727608 -0.0015999999595806003
			vertex 0.014281907118856907 0.0151525242254138 0
			vertex 0.014281907118856907 0.0151525242254138 -0.0015999999595806003
		endloop
	endfacet
	facet normal -0.6631214655848261 -0.748511804770394 0
		outer loop
			vertex 0.014872766099870205 0.014744684100151062 -0.0015999999595806003
			vertex 0.014872766099870205 0.014744684100151062 0
			vertex 0.014602096751332283 0.014984475448727608 0
		endloop
	endfacet
	facet normal -0.6631214655848261 -0.748511804770394 0
		outer loop
			vertex 0.014872766099870205 0.014744684100151062 -0.0015999999595806003
			vertex 0.014602096751332283 0.014984475448727608 0
			vertex 0.014602096751332283 0.014984475448727608 -0.0015999999595806003
		endloop
	endfacet
	facet normal -0.8229838514526991 -0.5680647676524936 0
		outer loop
			vertex 0.015078184194862843 0.014447084628045559 -0.0015999999595806003
			vertex 0.014872766099870205 0.014744684100151062 0
			vertex 0.014872766099870205 0.014744684100151062 -0.0015999999595806003
		endloop
	endfacet
	facet normal -0.8229838514526991 -0.5680647676524936 0
		outer loop
			vertex 0.015078184194862843 0.014447084628045559 -0.0015999999595806003
			vertex 0.015078184194862843 0.014447084628045559 0
			vertex 0.014872766099870205 0.014744684100151062 0
		endloop
	endfacet
	facet normal -0.9350166082291995 -0.35460392318129236 0
		outer loop
			vertex 0.0152064124122262 0.014108973555266857 -0.0015999999595806003
			vertex 0.015078184194862843 0.014447084628045559 0
			vertex 0.015078184194862843 0.014447084628045559 -0.0015999999595806003
		endloop
	endfacet
	facet normal -0.9350166082291995 -0.35460392318129236 0
		outer loop
			vertex 0.0152064124122262 0.014108973555266857 -0.0015999999595806003
			vertex 0.0152064124122262 0.014108973555266857 0
			vertex 0.015078184194862843 0.014447084628045559 0
		endloop
	endfacet
	facet normal -0.9927087188754793 -0.1205379586213602 0
		outer loop
			vertex 0.015250000171363354 0.013749999925494194 -0.0015999999595806003
			vertex 0.0152064124122262 0.014108973555266857 0
			vertex 0.0152064124122262 0.014108973555266857 -0.0015999999595806003
		endloop
	endfacet
	facet normal -0.9927087188754793 -0.1205379586213602 0
		outer loop
			vertex 0.015250000171363354 0.013749999925494194 -0.0015999999595806003
			vertex 0.015250000171363354 0.013749999925494194 0
			vertex 0.0152064124122262 0.014108973555266857 0
		endloop
	endfacet
	facet normal -0.9927087188754793 0.1205379586213602 0
		outer loop
			vertex 0.0152064124122262 0.013391026295721531 -0.0015999999595806003
			vertex 0.015250000171363354 0.013749999925494194 0
			vertex 0.015250000171363354 0.013749999925494194 -0.0015999999595806003
		endloop
	endfacet
	facet normal -0.9927087188754793 0.1205379586213602 0
		outer loop
			vertex 0.0152064124122262 0.013391026295721531 -0.0015999999595806003
			vertex 0.0152064124122262 0.013391026295721531 0
			vertex 0.015250000171363354 0.013749999925494194 0
		endloop
	endfacet
	facet normal -0.9350166082291995 0.35460392318129236 0
		outer loop
			vertex 0.015078184194862843 0.013052915222942829 -0.0015999999595806003
			vertex 0.0152064124122262 0.013391026295721531 0
			vertex 0.0152064124122262 0.013391026295721531 -0.0015999999595806003
		endloop
	endfacet
	facet normal -0.9350166082291995 0.35460392318129236 0
		outer loop
			vertex 0.015078184194862843 0.013052915222942829 -0.0015999999595806003
			vertex 0.015078184194862843 0.013052915222942829 0
			vertex 0.0152064124122262 0.013391026295721531 0
		endloop
	endfacet
	facet normal -0.8229838514526991 0.5680647676524936 0
		outer loop
			vertex 0.014872766099870205 0.012755315750837326 -0.0015999999595806003
			vertex 0.015078184194862843 0.013052915222942829 0
			vertex 0.015078184194862843 0.013052915222942829 -0.0015999999595806003
		endloop
	endfacet
	facet normal -0.8229838514526991 0.5680647676524936 0
		outer loop
			vertex 0.014872766099870205 0.012755315750837326 -0.0015999999595806003
			vertex 0.014872766099870205 0.012755315750837326 0
			vertex 0.015078184194862843 0.013052915222942829 0
		endloop
	endfacet
	facet normal -0.6631214655848261 0.748511804770394 0
		outer loop
			vertex 0.014602096751332283 0.01251552440226078 -0.0015999999595806003
			vertex 0.014872766099870205 0.012755315750837326 0
			vertex 0.014872766099870205 0.012755315750837326 -0.0015999999595806003
		endloop
	endfacet
	facet normal -0.6631214655848261 0.748511804770394 0
		outer loop
			vertex 0.014602096751332283 0.01251552440226078 -0.0015999999595806003
			vertex 0.014602096751332283 0.01251552440226078 0
			vertex 0.014872766099870205 0.012755315750837326 0
		endloop
	endfacet
	facet normal -0.464723809331416 0.8854556911785578 0
		outer loop
			vertex 0.014281907118856907 0.012347475625574589 -0.0015999999595806003
			vertex 0.014602096751332283 0.01251552440226078 0
			vertex 0.014602096751332283 0.01251552440226078 -0.0015999999595806003
		endloop
	endfacet
	facet normal -0.464723809331416 0.8854556911785578 0
		outer loop
			vertex 0.014281907118856907 0.012347475625574589 -0.0015999999595806003
			vertex 0.014281907118856907 0.012347475625574589 0
			vertex 0.014602096751332283 0.01251552440226078 0
		endloop
	endfacet
	facet normal -0.23931462263704342 0.9709420741692522 0
		outer loop
			vertex 0.013930805027484894 0.012260937131941319 -0.0015999999595806003
			vertex 0.014281907118856907 0.012347475625574589 0
			vertex 0.014281907118856907 0.012347475625574589 -0.0015999999595806003
		endloop
	endfacet
	facet normal -0.23931462263704342 0.9709420741692522 0
		outer loop
			vertex 0.013930805027484894 0.012260937131941319 -0.0015999999595806003
			vertex 0.013930805027484894 0.012260937131941319 0
			vertex 0.014281907118856907 0.012347475625574589 0
		endloop
	endfacet
	facet normal 0 1 0
		outer loop
			vertex 0.013569194823503494 0.012260937131941319 -0.0015999999595806003
			vertex 0.013930805027484894 0.012260937131941319 0
			vertex 0.013930805027484894 0.012260937131941319 -0.0015999999595806003
		endloop
	endfacet
	facet normal 0 1 0
		outer loop
			vertex 0.013569194823503494 0.012260937131941319 -0.0015999999595806003
			vertex 0.013569194823503494 0.012260937131941319 0
			vertex 0.013930805027484894 0.012260937131941319 0
		endloop
	endfacet
	facet normal 0.23931462263704342 0.9709420741692522 0
		outer loop
			vertex 0.013218092732131481 0.012347475625574589 -0.0015999999595806003
			vertex 0.013569194823503494 0.012260937131941319 0
			vertex 0.013569194823503494 0.012260937131941319 -0.0015999999595806003
		endloop
	endfacet
	facet normal 0.23931462263704342 0.9709420741692522 0
		outer loop
			vertex 0.013218092732131481 0.012347475625574589 -0.0015999999595806003
			vertex 0.013218092732131481 0.012347475625574589 0
			vertex 0.013569194823503494 0.012260937131941319 0
		endloop
	endfacet
	facet normal 0.464723809331416 0.8854556911785578 0
		outer loop
			vertex 0.012897903099656105 0.01251552440226078 -0.0015999999595806003
			vertex 0.013218092732131481 0.012347475625574589 0
			vertex 0.013218092732131481 0.012347475625574589 -0.0015999999595806003
		endloop
	endfacet
	facet normal 0.464723809331416 0.8854556911785578 0
		outer loop
			vertex 0.012897903099656105 0.01251552440226078 -0.0015999999595806003
			vertex 0.012897903099656105 0.01251552440226078 0
			vertex 0.013218092732131481 0.012347475625574589 0
		endloop
	endfacet
	facet normal 0.6631214655848261 0.748511804770394 0
		outer loop
			vertex 0.012627233751118183 0.012755315750837326 -0.0015999999595806003
			vertex 0.012627233751118183 0.012755315750837326 0
			vertex 0.012897903099656105 0.01251552440226078 0
		endloop
	endfacet
	facet normal 0.6631214655848261 0.748511804770394 0
		outer loop
			vertex 0.012627233751118183 0.012755315750837326 -0.0015999999595806003
			vertex 0.012897903099656105 0.01251552440226078 0
			vertex 0.012897903099656105 0.01251552440226078 -0.0015999999595806003
		endloop
	endfacet
	facet normal 0.8229838514526991 0.5680647676524936 0
		outer loop
			vertex 0.012421815656125546 0.013052915222942829 -0.0015999999595806003
			vertex 0.012627233751118183 0.012755315750837326 0
			vertex 0.012627233751118183 0.012755315750837326 -0.0015999999595806003
		endloop
	endfacet
	facet normal 0.8229838514526991 0.5680647676524936 0
		outer loop
			vertex 0.012421815656125546 0.013052915222942829 -0.0015999999595806003
			vertex 0.012421815656125546 0.013052915222942829 0
			vertex 0.012627233751118183 0.012755315750837326 0
		endloop
	endfacet
	facet normal 0.9350166082291995 0.35460392318129236 0
		outer loop
			vertex 0.012293587438762188 0.013391026295721531 -0.0015999999595806003
			vertex 0.012293587438762188 0.013391026295721531 0
			vertex 0.012421815656125546 0.013052915222942829 0
		endloop
	endfacet
	facet normal 0.9350166082291995 0.35460392318129236 0
		outer loop
			vertex 0.012293587438762188 0.013391026295721531 -0.0015999999595806003
			vertex 0.012421815656125546 0.013052915222942829 0
			vertex 0.012421815656125546 0.013052915222942829 -0.0015999999595806003
		endloop
	endfacet
	facet normal 0.9927087188754793 0.1205379586213602 0
		outer loop
			vertex 0.012249999679625034 0.013749999925494194 -0.0015999999595806003
			vertex 0.012249999679625034 0.013749999925494194 0
			vertex 0.012293587438762188 0.013391026295721531 0
		endloop
	endfacet
	facet normal 0.9927087188754793 0.1205379586213602 0
		outer loop
			vertex 0.012249999679625034 0.013749999925494194 -0.0015999999595806003
			vertex 0.012293587438762188 0.013391026295721531 0
			vertex 0.012293587438762188 0.013391026295721531 -0.0015999999595806003
		endloop
	endfacet
	facet normal 0.9927087188754793 -0.1205379586213602 0
		outer loop
			vertex -0.0152064124122262 -0.013391026295721531 -0.0015999999595806003
			vertex -0.015250000171363354 -0.013749999925494194 0
			vertex -0.015250000171363354 -0.013749999925494194 -0.0015999999595806003
		endloop
	endfacet
	facet normal 0.9927087188754793 -0.1205379586213602 0
		outer loop
			vertex -0.0152064124122262 -0.013391026295721531 -0.0015999999595806003
			vertex -0.0152064124122262 -0.013391026295721531 0
			vertex -0.015250000171363354 -0.013749999925494194 0
		endloop
	endfacet
	facet normal 0.9350166082291995 -0.35460392318129236 0
		outer loop
			vertex -0.015078184194862843 -0.013052915222942829 -0.0015999999595806003
			vertex -0.015078184194862843 -0.013052915222942829 0
			vertex -0.0152064124122262 -0.013391026295721531 0
		endloop
	endfacet
	facet normal 0.9350166082291995 -0.35460392318129236 0
		outer loop
			vertex -0.015078184194862843 -0.013052915222942829 -0.0015999999595806003
			vertex -0.0152064124122262 -0.013391026295721531 0
			vertex -0.0152064124122262 -0.013391026295721531 -0.0015999999595806003
		endloop
	endfacet
	facet normal 0.8229838514526991 -0.5680647676524936 0
		outer loop
			vertex -0.014872766099870205 -0.012755315750837326 -0.0015999999595806003
			vertex -0.014872766099870205 -0.012755315750837326 0
			vertex -0.015078184194862843 -0.013052915222942829 0
		endloop
	endfacet
	facet normal 0.8229838514526991 -0.5680647676524936 0
		outer loop
			vertex -0.014872766099870205 -0.012755315750837326 -0.0015999999595806003
			vertex -0.015078184194862843 -0.013052915222942829 0
			vertex -0.015078184194862843 -0.013052915222942829 -0.0015999999595806003
		endloop
	endfacet
	facet normal 0.6631214655848261 -0.748511804770394 0
		outer loop
			vertex -0.014602096751332283 -0.01251552440226078 -0.0015999999595806003
			vertex -0.014602096751332283 -0.01251552440226078 0
			vertex -0.014872766099870205 -0.012755315750837326 0
		endloop
	endfacet
	facet normal 0.6631214655848261 -0.748511804770394 0
		outer loop
			vertex -0.014602096751332283 -0.01251552440226078 -0.0015999999595806003
			vertex -0.014872766099870205 -0.012755315750837326 0
			vertex -0.014872766099870205 -0.012755315750837326 -0.0015999999595806003
		endloop
	endfacet
	facet normal 0.464723809331416 -0.8854556911785578 0
		outer loop
			vertex -0.014281907118856907 -0.012347475625574589 -0.0015999999595806003
			vertex -0.014281907118856907 -0.012347475625574589 0
			vertex -0.014602096751332283 -0.01251552440226078 0
		endloop
	endfacet
	facet normal 0.464723809331416 -0.8854556911785578 0
		outer loop
			vertex -0.014281907118856907 -0.012347475625574589 -0.0015999999595806003
			vertex -0.014602096751332283 -0.01251552440226078 0
			vertex -0.014602096751332283 -0.01251552440226078 -0.0015999999595806003
		endloop
	endfacet
	facet normal 0.23931462263704342 -0.9709420741692522 0
		outer loop
			vertex -0.013930805027484894 -0.012260937131941319 -0.0015999999595806003
			vertex -0.013930805027484894 -0.012260937131941319 0
			vertex -0.014281907118856907 -0.012347475625574589 0
		endloop
	endfacet
	facet normal 0.23931462263704342 -0.9709420741692522 0
		outer loop
			vertex -0.013930805027484894 -0.012260937131941319 -0.0015999999595806003
			vertex -0.014281907118856907 -0.012347475625574589 0
			vertex -0.014281907118856907 -0.012347475625574589 -0.0015999999595806003
		endloop
	endfacet
	facet normal 0 -1 0
		outer loop
			vertex -0.013569194823503494 -0.012260937131941319 -0.0015999999595806003
			vertex -0.013569194823503494 -0.012260937131941319 0
			vertex -0.013930805027484894 -0.012260937131941319 0
		endloop
	endfacet
	facet normal 0 -1 0
		outer loop
			vertex -0.013569194823503494 -0.012260937131941319 -0.0015999999595806003
			vertex -0.013930805027484894 -0.012260937131941319 0
			vertex -0.013930805027484894 -0.012260937131941319 -0.0015999999595806003
		endloop
	endfacet
	facet normal -0.23931462263704342 -0.9709420741692522 0
		outer loop
			vertex -0.013218092732131481 -0.012347475625574589 -0.0015999999595806003
			vertex -0.013218092732131481 -0.012347475625574589 0
			vertex -0.013569194823503494 -0.012260937131941319 0
		endloop
	endfacet
	facet normal -0.23931462263704342 -0.9709420741692522 0
		outer loop
			vertex -0.013218092732131481 -0.012347475625574589 -0.0015999999595806003
			vertex -0.013569194823503494 -0.012260937131941319 0
			vertex -0.013569194823503494 -0.012260937131941319 -0.0015999999595806003
		endloop
	endfacet
	facet normal -0.464723809331416 -0.8854556911785578 0
		outer loop
			vertex -0.012897903099656105 -0.01251552440226078 -0.0015999999595806003
			vertex -0.012897903099656105 -0.01251552440226078 0
			vertex -0.013218092732131481 -0.012347475625574589 0
		endloop
	endfacet
	facet normal -0.464723809331416 -0.8854556911785578 0
		outer loop
			vertex -0.012897903099656105 -0.01251552440226078 -0.0015999999595806003
			vertex -0.013218092732131481 -0.012347475625574589 0
			vertex -0.013218092732131481 -0.012347475625574589 -0.0015999999595806003
		endloop
	endfacet
	facet normal -0.6631214655848261 -0.748511804770394 0
		outer loop
			vertex -0.012627233751118183 -0.012755315750837326 -0.0015999999595806003
			vertex -0.012627233751118183 -0.012755315750837326 0
			vertex -0.012897903099656105 -0.01251552440226078 0
		endloop
	endfacet
	facet normal -0.6631214655848261 -0.748511804770394 0
		outer loop
			vertex -0.012627233751118183 -0.012755315750837326 -0.0015999999595806003
			vertex -0.012897903099656105 -0.01251552440226078 0
			vertex -0.012897903099656105 -0.01251552440226078 -0.0015999999595806003
		endloop
	endfacet
	facet normal -0.8229838514526991 -0.5680647676524936 0
		outer loop
			vertex -0.012421815656125546 -0.013052915222942829 -0.0015999999595806003
			vertex -0.012627233751118183 -0.012755315750837326 0
			vertex -0.012627233751118183 -0.012755315750837326 -0.0015999999595806003
		endloop
	endfacet
	facet normal -0.8229838514526991 -0.5680647676524936 0
		outer loop
			vertex -0.012421815656125546 -0.013052915222942829 -0.0015999999595806003
			vertex -0.012421815656125546 -0.013052915222942829 0
			vertex -0.012627233751118183 -0.012755315750837326 0
		endloop
	endfacet
	facet normal -0.9350166082291995 -0.35460392318129236 0
		outer loop
			vertex -0.012293587438762188 -0.013391026295721531 -0.0015999999595806003
			vertex -0.012421815656125546 -0.013052915222942829 0
			vertex -0.012421815656125546 -0.013052915222942829 -0.0015999999595806003
		endloop
	endfacet
	facet normal -0.9350166082291995 -0.35460392318129236 0
		outer loop
			vertex -0.012293587438762188 -0.013391026295721531 -0.0015999999595806003
			vertex -0.012293587438762188 -0.013391026295721531 0
			vertex -0.012421815656125546 -0.013052915222942829 0
		endloop
	endfacet
	facet normal -0.9927087188754793 -0.1205379586213602 0
		outer loop
			vertex -0.012249999679625034 -0.013749999925494194 -0.0015999999595806003
			vertex -0.012293587438762188 -0.013391026295721531 0
			vertex -0.012293587438762188 -0.013391026295721531 -0.0015999999595806003
		endloop
	endfacet
	facet normal -0.9927087188754793 -0.1205379586213602 0
		outer loop
			vertex -0.012249999679625034 -0.013749999925494194 -0.0015999999595806003
			vertex -0.012249999679625034 -0.013749999925494194 0
			vertex -0.012293587438762188 -0.013391026295721531 0
		endloop
	endfacet
	facet normal -0.9927087188754793 0.1205379586213602 0
		outer loop
			vertex -0.012293587438762188 -0.014108973555266857 -0.0015999999595806003
			vertex -0.012249999679625034 -0.013749999925494194 0
			vertex -0.012249999679625034 -0.013749999925494194 -0.0015999999595806003
		endloop
	endfacet
	facet normal -0.9927087188754793 0.1205379586213602 0
		outer loop
			vertex -0.012293587438762188 -0.014108973555266857 -0.0015999999595806003
			vertex -0.012293587438762188 -0.014108973555266857 0
			vertex -0.012249999679625034 -0.013749999925494194 0
		endloop
	endfacet
	facet normal -0.9350166082291995 0.35460392318129236 0
		outer loop
			vertex -0.012421815656125546 -0.014447084628045559 -0.0015999999595806003
			vertex -0.012293587438762188 -0.014108973555266857 0
			vertex -0.012293587438762188 -0.014108973555266857 -0.0015999999595806003
		endloop
	endfacet
	facet normal -0.9350166082291995 0.35460392318129236 0
		outer loop
			vertex -0.012421815656125546 -0.014447084628045559 -0.0015999999595806003
			vertex -0.012421815656125546 -0.014447084628045559 0
			vertex -0.012293587438762188 -0.014108973555266857 0
		endloop
	endfacet
	facet normal -0.8229838514526991 0.5680647676524936 0
		outer loop
			vertex -0.012627233751118183 -0.014744684100151062 -0.0015999999595806003
			vertex -0.012421815656125546 -0.014447084628045559 0
			vertex -0.012421815656125546 -0.014447084628045559 -0.0015999999595806003
		endloop
	endfacet
	facet normal -0.8229838514526991 0.5680647676524936 0
		outer loop
			vertex -0.012627233751118183 -0.014744684100151062 -0.0015999999595806003
			vertex -0.012627233751118183 -0.014744684100151062 0
			vertex -0.012421815656125546 -0.014447084628045559 0
		endloop
	endfacet
	facet normal -0.6631214655848261 0.748511804770394 0
		outer loop
			vertex -0.012897903099656105 -0.014984475448727608 -0.0015999999595806003
			vertex -0.012627233751118183 -0.014744684100151062 0
			vertex -0.012627233751118183 -0.014744684100151062 -0.0015999999595806003
		endloop
	endfacet
	facet normal -0.6631214655848261 0.748511804770394 0
		outer loop
			vertex -0.012897903099656105 -0.014984475448727608 -0.0015999999595806003
			vertex -0.012897903099656105 -0.014984475448727608 0
			vertex -0.012627233751118183 -0.014744684100151062 0
		endloop
	endfacet
	facet normal -0.464723809331416 0.8854556911785578 0
		outer loop
			vertex -0.013218092732131481 -0.0151525242254138 -0.0015999999595806003
			vertex -0.012897903099656105 -0.014984475448727608 0
			vertex -0.012897903099656105 -0.014984475448727608 -0.0015999999595806003
		endloop
	endfacet
	facet normal -0.464723809331416 0.8854556911785578 0
		outer loop
			vertex -0.013218092732131481 -0.0151525242254138 -0.0015999999595806003
			vertex -0.013218092732131481 -0.0151525242254138 0
			vertex -0.012897903099656105 -0.014984475448727608 0
		endloop
	endfacet
	facet normal -0.23931705062358424 0.970941475723861 0
		outer loop
			vertex -0.013569194823503494 -0.015239063650369644 -0.0015999999595806003
			vertex -0.013218092732131481 -0.0151525242254138 0
			vertex -0.013218092732131481 -0.0151525242254138 -0.0015999999595806003
		endloop
	endfacet
	facet normal -0.23931705062358424 0.970941475723861 0
		outer loop
			vertex -0.013569194823503494 -0.015239063650369644 -0.0015999999595806003
			vertex -0.013569194823503494 -0.015239063650369644 0
			vertex -0.013218092732131481 -0.0151525242254138 0
		endloop
	endfacet
	facet normal 0 1 0
		outer loop
			vertex -0.013930805027484894 -0.015239063650369644 -0.0015999999595806003
			vertex -0.013569194823503494 -0.015239063650369644 0
			vertex -0.013569194823503494 -0.015239063650369644 -0.0015999999595806003
		endloop
	endfacet
	facet normal 0 1 0
		outer loop
			vertex -0.013930805027484894 -0.015239063650369644 -0.0015999999595806003
			vertex -0.013930805027484894 -0.015239063650369644 0
			vertex -0.013569194823503494 -0.015239063650369644 0
		endloop
	endfacet
	facet normal 0.23931705062358424 0.970941475723861 0
		outer loop
			vertex -0.014281907118856907 -0.0151525242254138 -0.0015999999595806003
			vertex -0.013930805027484894 -0.015239063650369644 0
			vertex -0.013930805027484894 -0.015239063650369644 -0.0015999999595806003
		endloop
	endfacet
	facet normal 0.23931705062358424 0.970941475723861 0
		outer loop
			vertex -0.014281907118856907 -0.0151525242254138 -0.0015999999595806003
			vertex -0.014281907118856907 -0.0151525242254138 0
			vertex -0.013930805027484894 -0.015239063650369644 0
		endloop
	endfacet
	facet normal 0.464723809331416 0.8854556911785578 0
		outer loop
			vertex -0.014602096751332283 -0.014984475448727608 -0.0015999999595806003
			vertex -0.014281907118856907 -0.0151525242254138 0
			vertex -0.014281907118856907 -0.0151525242254138 -0.0015999999595806003
		endloop
	endfacet
	facet normal 0.464723809331416 0.8854556911785578 0
		outer loop
			vertex -0.014602096751332283 -0.014984475448727608 -0.0015999999595806003
			vertex -0.014602096751332283 -0.014984475448727608 0
			vertex -0.014281907118856907 -0.0151525242254138 0
		endloop
	endfacet
	facet normal 0.6631214655848261 0.748511804770394 0
		outer loop
			vertex -0.014872766099870205 -0.014744684100151062 -0.0015999999595806003
			vertex -0.014872766099870205 -0.014744684100151062 0
			vertex -0.014602096751332283 -0.014984475448727608 0
		endloop
	endfacet
	facet normal 0.6631214655848261 0.748511804770394 0
		outer loop
			vertex -0.014872766099870205 -0.014744684100151062 -0.0015999999595806003
			vertex -0.014602096751332283 -0.014984475448727608 0
			vertex -0.014602096751332283 -0.014984475448727608 -0.0015999999595806003
		endloop
	endfacet
	facet normal 0.8229838514526991 0.5680647676524936 0
		outer loop
			vertex -0.015078184194862843 -0.014447084628045559 -0.0015999999595806003
			vertex -0.014872766099870205 -0.014744684100151062 0
			vertex -0.014872766099870205 -0.014744684100151062 -0.0015999999595806003
		endloop
	endfacet
	facet normal 0.8229838514526991 0.5680647676524936 0
		outer loop
			vertex -0.015078184194862843 -0.014447084628045559 -0.0015999999595806003
			vertex -0.015078184194862843 -0.014447084628045559 0
			vertex -0.014872766099870205 -0.014744684100151062 0
		endloop
	endfacet
	facet normal 0.9350166082291995 0.35460392318129236 0
		outer loop
			vertex -0.0152064124122262 -0.014108973555266857 -0.0015999999595806003
			vertex -0.0152064124122262 -0.014108973555266857 0
			vertex -0.015078184194862843 -0.014447084628045559 0
		endloop
	endfacet
	facet normal 0.9350166082291995 0.35460392318129236 0
		outer loop
			vertex -0.0152064124122262 -0.014108973555266857 -0.0015999999595806003
			vertex -0.015078184194862843 -0.014447084628045559 0
			vertex -0.015078184194862843 -0.014447084628045559 -0.0015999999595806003
		endloop
	endfacet
	facet normal 0.9927087188754793 0.1205379586213602 0
		outer loop
			vertex -0.015250000171363354 -0.013749999925494194 -0.0015999999595806003
			vertex -0.015250000171363354 -0.013749999925494194 0
			vertex -0.0152064124122262 -0.014108973555266857 0
		endloop
	endfacet
	facet normal 0.9927087188754793 0.1205379586213602 0
		outer loop
			vertex -0.015250000171363354 -0.013749999925494194 -0.0015999999595806003
			vertex -0.0152064124122262 -0.014108973555266857 0
			vertex -0.0152064124122262 -0.014108973555266857 -0.0015999999595806003
		endloop
	endfacet
	facet normal 0.9927087188754793 -0.1205379586213602 0
		outer loop
			vertex -0.0152064124122262 0.014108973555266857 -0.0015999999595806003
			vertex -0.015250000171363354 0.013749999925494194 0
			vertex -0.015250000171363354 0.013749999925494194 -0.0015999999595806003
		endloop
	endfacet
	facet normal 0.9927087188754793 -0.1205379586213602 0
		outer loop
			vertex -0.0152064124122262 0.014108973555266857 -0.0015999999595806003
			vertex -0.0152064124122262 0.014108973555266857 0
			vertex -0.015250000171363354 0.013749999925494194 0
		endloop
	endfacet
	facet normal 0.9350166082291995 -0.35460392318129236 0
		outer loop
			vertex -0.015078184194862843 0.014447084628045559 -0.0015999999595806003
			vertex -0.015078184194862843 0.014447084628045559 0
			vertex -0.0152064124122262 0.014108973555266857 0
		endloop
	endfacet
	facet normal 0.9350166082291995 -0.35460392318129236 0
		outer loop
			vertex -0.015078184194862843 0.014447084628045559 -0.0015999999595806003
			vertex -0.0152064124122262 0.014108973555266857 0
			vertex -0.0152064124122262 0.014108973555266857 -0.0015999999595806003
		endloop
	endfacet
	facet normal 0.8229838514526991 -0.5680647676524936 0
		outer loop
			vertex -0.014872766099870205 0.014744684100151062 -0.0015999999595806003
			vertex -0.014872766099870205 0.014744684100151062 0
			vertex -0.015078184194862843 0.014447084628045559 0
		endloop
	endfacet
	facet normal 0.8229838514526991 -0.5680647676524936 0
		outer loop
			vertex -0.014872766099870205 0.014744684100151062 -0.0015999999595806003
			vertex -0.015078184194862843 0.014447084628045559 0
			vertex -0.015078184194862843 0.014447084628045559 -0.0015999999595806003
		endloop
	endfacet
	facet normal 0.6631214655848261 -0.748511804770394 0
		outer loop
			vertex -0.014602096751332283 0.014984475448727608 -0.0015999999595806003
			vertex -0.014602096751332283 0.014984475448727608 0
			vertex -0.014872766099870205 0.014744684100151062 0
		endloop
	endfacet
	facet normal 0.6631214655848261 -0.748511804770394 0
		outer loop
			vertex -0.014602096751332283 0.014984475448727608 -0.0015999999595806003
			vertex -0.014872766099870205 0.014744684100151062 0
			vertex -0.014872766099870205 0.014744684100151062 -0.0015999999595806003
		endloop
	endfacet
	facet normal 0.464723809331416 -0.8854556911785578 0
		outer loop
			vertex -0.014281907118856907 0.0151525242254138 -0.0015999999595806003
			vertex -0.014281907118856907 0.0151525242254138 0
			vertex -0.014602096751332283 0.014984475448727608 0
		endloop
	endfacet
	facet normal 0.464723809331416 -0.8854556911785578 0
		outer loop
			vertex -0.014281907118856907 0.0151525242254138 -0.0015999999595806003
			vertex -0.014602096751332283 0.014984475448727608 0
			vertex -0.014602096751332283 0.014984475448727608 -0.0015999999595806003
		endloop
	endfacet
	facet normal 0.23931705062358424 -0.970941475723861 0
		outer loop
			vertex -0.013930805027484894 0.015239063650369644 -0.0015999999595806003
			vertex -0.013930805027484894 0.015239063650369644 0
			vertex -0.014281907118856907 0.0151525242254138 0
		endloop
	endfacet
	facet normal 0.23931705062358424 -0.970941475723861 0
		outer loop
			vertex -0.013930805027484894 0.015239063650369644 -0.0015999999595806003
			vertex -0.014281907118856907 0.0151525242254138 0
			vertex -0.014281907118856907 0.0151525242254138 -0.0015999999595806003
		endloop
	endfacet
	facet normal 0 -1 0
		outer loop
			vertex -0.013569194823503494 0.015239063650369644 -0.0015999999595806003
			vertex -0.013569194823503494 0.015239063650369644 0
			vertex -0.013930805027484894 0.015239063650369644 0
		endloop
	endfacet
	facet normal 0 -1 0
		outer loop
			vertex -0.013569194823503494 0.015239063650369644 -0.0015999999595806003
			vertex -0.013930805027484894 0.015239063650369644 0
			vertex -0.013930805027484894 0.015239063650369644 -0.0015999999595806003
		endloop
	endfacet
	facet normal -0.23931705062358424 -0.970941475723861 0
		outer loop
			vertex -0.013218092732131481 0.0151525242254138 -0.0015999999595806003
			vertex -0.013218092732131481 0.0151525242254138 0
			vertex -0.013569194823503494 0.015239063650369644 0
		endloop
	endfacet
	facet normal -0.23931705062358424 -0.970941475723861 0
		outer loop
			vertex -0.013218092732131481 0.0151525242254138 -0.0015999999595806003
			vertex -0.013569194823503494 0.015239063650369644 0
			vertex -0.013569194823503494 0.015239063650369644 -0.0015999999595806003
		endloop
	endfacet
	facet normal -0.464723809331416 -0.8854556911785578 0
		outer loop
			vertex -0.012897903099656105 0.014984475448727608 -0.0015999999595806003
			vertex -0.012897903099656105 0.014984475448727608 0
			vertex -0.013218092732131481 0.0151525242254138 0
		endloop
	endfacet
	facet normal -0.464723809331416 -0.8854556911785578 0
		outer loop
			vertex -0.012897903099656105 0.014984475448727608 -0.0015999999595806003
			vertex -0.013218092732131481 0.0151525242254138 0
			vertex -0.013218092732131481 0.0151525242254138 -0.0015999999595806003
		endloop
	endfacet
	facet normal -0.6631214655848261 -0.748511804770394 0
		outer loop
			vertex -0.012627233751118183 0.014744684100151062 -0.0015999999595806003
			vertex -0.012627233751118183 0.014744684100151062 0
			vertex -0.012897903099656105 0.014984475448727608 0
		endloop
	endfacet
	facet normal -0.6631214655848261 -0.748511804770394 0
		outer loop
			vertex -0.012627233751118183 0.014744684100151062 -0.0015999999595806003
			vertex -0.012897903099656105 0.014984475448727608 0
			vertex -0.012897903099656105 0.014984475448727608 -0.0015999999595806003
		endloop
	endfacet
	facet normal -0.8229838514526991 -0.5680647676524936 0
		outer loop
			vertex -0.012421815656125546 0.014447084628045559 -0.0015999999595806003
			vertex -0.012627233751118183 0.014744684100151062 0
			vertex -0.012627233751118183 0.014744684100151062 -0.0015999999595806003
		endloop
	endfacet
	facet normal -0.8229838514526991 -0.5680647676524936 0
		outer loop
			vertex -0.012421815656125546 0.014447084628045559 -0.0015999999595806003
			vertex -0.012421815656125546 0.014447084628045559 0
			vertex -0.012627233751118183 0.014744684100151062 0
		endloop
	endfacet
	facet normal -0.9350166082291995 -0.35460392318129236 0
		outer loop
			vertex -0.012293587438762188 0.014108973555266857 -0.0015999999595806003
			vertex -0.012421815656125546 0.014447084628045559 0
			vertex -0.012421815656125546 0.014447084628045559 -0.0015999999595806003
		endloop
	endfacet
	facet normal -0.9350166082291995 -0.35460392318129236 0
		outer loop
			vertex -0.012293587438762188 0.014108973555266857 -0.0015999999595806003
			vertex -0.012293587438762188 0.014108973555266857 0
			vertex -0.012421815656125546 0.014447084628045559 0
		endloop
	endfacet
	facet normal -0.9927087188754793 -0.1205379586213602 0
		outer loop
			vertex -0.012249999679625034 0.013749999925494194 -0.0015999999595806003
			vertex -0.012293587438762188 0.014108973555266857 0
			vertex -0.012293587438762188 0.014108973555266857 -0.0015999999595806003
		endloop
	endfacet
	facet normal -0.9927087188754793 -0.1205379586213602 0
		outer loop
			vertex -0.012249999679625034 0.013749999925494194 -0.0015999999595806003
			vertex -0.012249999679625034 0.013749999925494194 0
			vertex -0.012293587438762188 0.014108973555266857 0
		endloop
	endfacet
	facet normal -0.9927087188754793 0.1205379586213602 0
		outer loop
			vertex -0.012293587438762188 0.013391026295721531 -0.0015999999595806003
			vertex -0.012249999679625034 0.013749999925494194 0
			vertex -0.012249999679625034 0.013749999925494194 -0.0015999999595806003
		endloop
	endfacet
	facet normal -0.9927087188754793 0.1205379586213602 0
		outer loop
			vertex -0.012293587438762188 0.013391026295721531 -0.0015999999595806003
			vertex -0.012293587438762188 0.013391026295721531 0
			vertex -0.012249999679625034 0.013749999925494194 0
		endloop
	endfacet
	facet normal -0.9350166082291995 0.35460392318129236 0
		outer loop
			vertex -0.012421815656125546 0.013052915222942829 -0.0015999999595806003
			vertex -0.012293587438762188 0.013391026295721531 0
			vertex -0.012293587438762188 0.013391026295721531 -0.0015999999595806003
		endloop
	endfacet
	facet normal -0.9350166082291995 0.35460392318129236 0
		outer loop
			vertex -0.012421815656125546 0.013052915222942829 -0.0015999999595806003
			vertex -0.012421815656125546 0.013052915222942829 0
			vertex -0.012293587438762188 0.013391026295721531 0
		endloop
	endfacet
	facet normal -0.8229838514526991 0.5680647676524936 0
		outer loop
			vertex -0.012627233751118183 0.012755315750837326 -0.0015999999595806003
			vertex -0.012421815656125546 0.013052915222942829 0
			vertex -0.012421815656125546 0.013052915222942829 -0.0015999999595806003
		endloop
	endfacet
	facet normal -0.8229838514526991 0.5680647676524936 0
		outer loop
			vertex -0.012627233751118183 0.012755315750837326 -0.0015999999595806003
			vertex -0.012627233751118183 0.012755315750837326 0
			vertex -0.012421815656125546 0.013052915222942829 0
		endloop
	endfacet
	facet normal -0.6631214655848261 0.748511804770394 0
		outer loop
			vertex -0.012897903099656105 0.01251552440226078 -0.0015999999595806003
			vertex -0.012627233751118183 0.012755315750837326 0
			vertex -0.012627233751118183 0.012755315750837326 -0.0015999999595806003
		endloop
	endfacet
	facet normal -0.6631214655848261 0.748511804770394 0
		outer loop
			vertex -0.012897903099656105 0.01251552440226078 -0.0015999999595806003
			vertex -0.012897903099656105 0.01251552440226078 0
			vertex -0.012627233751118183 0.012755315750837326 0
		endloop
	endfacet
	facet normal -0.464723809331416 0.8854556911785578 0
		outer loop
			vertex -0.013218092732131481 0.012347475625574589 -0.0015999999595806003
			vertex -0.012897903099656105 0.01251552440226078 0
			vertex -0.012897903099656105 0.01251552440226078 -0.0015999999595806003
		endloop
	endfacet
	facet normal -0.464723809331416 0.8854556911785578 0
		outer loop
			vertex -0.013218092732131481 0.012347475625574589 -0.0015999999595806003
			vertex -0.013218092732131481 0.012347475625574589 0
			vertex -0.012897903099656105 0.01251552440226078 0
		endloop
	endfacet
	facet normal -0.23931462263704342 0.9709420741692522 0
		outer loop
			vertex -0.013569194823503494 0.012260937131941319 -0.0015999999595806003
			vertex -0.013218092732131481 0.012347475625574589 0
			vertex -0.013218092732131481 0.012347475625574589 -0.0015999999595806003
		endloop
	endfacet
	facet normal -0.23931462263704342 0.9709420741692522 0
		outer loop
			vertex -0.013569194823503494 0.012260937131941319 -0.0015999999595806003
			vertex -0.013569194823503494 0.012260937131941319 0
			vertex -0.013218092732131481 0.012347475625574589 0
		endloop
	endfacet
	facet normal 0 1 0
		outer loop
			vertex -0.013930805027484894 0.012260937131941319 -0.0015999999595806003
			vertex -0.013569194823503494 0.012260937131941319 0
			vertex -0.013569194823503494 0.012260937131941319 -0.0015999999595806003
		endloop
	endfacet
	facet normal 0 1 0
		outer loop
			vertex -0.013930805027484894 0.012260937131941319 -0.0015999999595806003
			vertex -0.013930805027484894 0.012260937131941319 0
			vertex -0.013569194823503494 0.012260937131941319 0
		endloop
	endfacet
	facet normal 0.23931462263704342 0.9709420741692522 0
		outer loop
			vertex -0.014281907118856907 0.012347475625574589 -0.0015999999595806003
			vertex -0.013930805027484894 0.012260937131941319 0
			vertex -0.013930805027484894 0.012260937131941319 -0.0015999999595806003
		endloop
	endfacet
	facet normal 0.23931462263704342 0.9709420741692522 0
		outer loop
			vertex -0.014281907118856907 0.012347475625574589 -0.0015999999595806003
			vertex -0.014281907118856907 0.012347475625574589 0
			vertex -0.013930805027484894 0.012260937131941319 0
		endloop
	endfacet
	facet normal 0.464723809331416 0.8854556911785578 0
		outer loop
			vertex -0.014602096751332283 0.01251552440226078 -0.0015999999595806003
			vertex -0.014281907118856907 0.012347475625574589 0
			vertex -0.014281907118856907 0.012347475625574589 -0.0015999999595806003
		endloop
	endfacet
	facet normal 0.464723809331416 0.8854556911785578 0
		outer loop
			vertex -0.014602096751332283 0.01251552440226078 -0.0015999999595806003
			vertex -0.014602096751332283 0.01251552440226078 0
			vertex -0.014281907118856907 0.012347475625574589 0
		endloop
	endfacet
	facet normal 0.6631214655848261 0.748511804770394 0
		outer loop
			vertex -0.014872766099870205 0.012755315750837326 -0.0015999999595806003
			vertex -0.014872766099870205 0.012755315750837326 0
			vertex -0.014602096751332283 0.01251552440226078 0
		endloop
	endfacet
	facet normal 0.6631214655848261 0.748511804770394 0
		outer loop
			vertex -0.014872766099870205 0.012755315750837326 -0.0015999999595806003
			vertex -0.014602096751332283 0.01251552440226078 0
			vertex -0.014602096751332283 0.01251552440226078 -0.0015999999595806003
		endloop
	endfacet
	facet normal 0.8229838514526991 0.5680647676524936 0
		outer loop
			vertex -0.015078184194862843 0.013052915222942829 -0.0015999999595806003
			vertex -0.014872766099870205 0.012755315750837326 0
			vertex -0.014872766099870205 0.012755315750837326 -0.0015999999595806003
		endloop
	endfacet
	facet normal 0.8229838514526991 0.5680647676524936 0
		outer loop
			vertex -0.015078184194862843 0.013052915222942829 -0.0015999999595806003
			vertex -0.015078184194862843 0.013052915222942829 0
			vertex -0.014872766099870205 0.012755315750837326 0
		endloop
	endfacet
	facet normal 0.9350166082291995 0.35460392318129236 0
		outer loop
			vertex -0.0152064124122262 0.013391026295721531 -0.0015999999595806003
			vertex -0.0152064124122262 0.013391026295721531 0
			vertex -0.015078184194862843 0.013052915222942829 0
		endloop
	endfacet
	facet normal 0.9350166082291995 0.35460392318129236 0
		outer loop
			vertex -0.0152064124122262 0.013391026295721531 -0.0015999999595806003
			vertex -0.015078184194862843 0.013052915222942829 0
			vertex -0.015078184194862843 0.013052915222942829 -0.0015999999595806003
		endloop
	endfacet
	facet normal 0.9927087188754793 0.1205379586213602 0
		outer loop
			vertex -0.015250000171363354 0.013749999925494194 -0.0015999999595806003
			vertex -0.015250000171363354 0.013749999925494194 0
			vertex -0.0152064124122262 0.013391026295721531 0
		endloop
	endfacet
	facet normal 0.9927087188754793 0.1205379586213602 0
		outer loop
			vertex -0.015250000171363354 0.013749999925494194 -0.0015999999595806003
			vertex -0.0152064124122262 0.013391026295721531 0
			vertex -0.0152064124122262 0.013391026295721531 -0.0015999999595806003
		endloop
	endfacet
	facet normal 0.9927087188754793 -0.1205379586213602 0
		outer loop
			vertex 0.012293587438762188 -0.013391026295721531 -0.0015999999595806003
			vertex 0.012249999679625034 -0.013749999925494194 0
			vertex 0.012249999679625034 -0.013749999925494194 -0.0015999999595806003
		endloop
	endfacet
	facet normal 0.9927087188754793 -0.1205379586213602 0
		outer loop
			vertex 0.012293587438762188 -0.013391026295721531 -0.0015999999595806003
			vertex 0.012293587438762188 -0.013391026295721531 0
			vertex 0.012249999679625034 -0.013749999925494194 0
		endloop
	endfacet
	facet normal 0.9350166082291995 -0.35460392318129236 0
		outer loop
			vertex 0.012421815656125546 -0.013052915222942829 -0.0015999999595806003
			vertex 0.012421815656125546 -0.013052915222942829 0
			vertex 0.012293587438762188 -0.013391026295721531 0
		endloop
	endfacet
	facet normal 0.9350166082291995 -0.35460392318129236 0
		outer loop
			vertex 0.012421815656125546 -0.013052915222942829 -0.0015999999595806003
			vertex 0.012293587438762188 -0.013391026295721531 0
			vertex 0.012293587438762188 -0.013391026295721531 -0.0015999999595806003
		endloop
	endfacet
	facet normal 0.8229838514526991 -0.5680647676524936 0
		outer loop
			vertex 0.012627233751118183 -0.012755315750837326 -0.0015999999595806003
			vertex 0.012627233751118183 -0.012755315750837326 0
			vertex 0.012421815656125546 -0.013052915222942829 0
		endloop
	endfacet
	facet normal 0.8229838514526991 -0.5680647676524936 0
		outer loop
			vertex 0.012627233751118183 -0.012755315750837326 -0.0015999999595806003
			vertex 0.012421815656125546 -0.013052915222942829 0
			vertex 0.012421815656125546 -0.013052915222942829 -0.0015999999595806003
		endloop
	endfacet
	facet normal 0.6631214655848261 -0.748511804770394 0
		outer loop
			vertex 0.012897903099656105 -0.01251552440226078 -0.0015999999595806003
			vertex 0.012897903099656105 -0.01251552440226078 0
			vertex 0.012627233751118183 -0.012755315750837326 0
		endloop
	endfacet
	facet normal 0.6631214655848261 -0.748511804770394 0
		outer loop
			vertex 0.012897903099656105 -0.01251552440226078 -0.0015999999595806003
			vertex 0.012627233751118183 -0.012755315750837326 0
			vertex 0.012627233751118183 -0.012755315750837326 -0.0015999999595806003
		endloop
	endfacet
	facet normal 0.464723809331416 -0.8854556911785578 0
		outer loop
			vertex 0.013218092732131481 -0.012347475625574589 -0.0015999999595806003
			vertex 0.013218092732131481 -0.012347475625574589 0
			vertex 0.012897903099656105 -0.01251552440226078 0
		endloop
	endfacet
	facet normal 0.464723809331416 -0.8854556911785578 0
		outer loop
			vertex 0.013218092732131481 -0.012347475625574589 -0.0015999999595806003
			vertex 0.012897903099656105 -0.01251552440226078 0
			vertex 0.012897903099656105 -0.01251552440226078 -0.0015999999595806003
		endloop
	endfacet
	facet normal 0.23931462263704342 -0.9709420741692522 0
		outer loop
			vertex 0.013569194823503494 -0.012260937131941319 -0.0015999999595806003
			vertex 0.013569194823503494 -0.012260937131941319 0
			vertex 0.013218092732131481 -0.012347475625574589 0
		endloop
	endfacet
	facet normal 0.23931462263704342 -0.9709420741692522 0
		outer loop
			vertex 0.013569194823503494 -0.012260937131941319 -0.0015999999595806003
			vertex 0.013218092732131481 -0.012347475625574589 0
			vertex 0.013218092732131481 -0.012347475625574589 -0.0015999999595806003
		endloop
	endfacet
	facet normal 0 -1 0
		outer loop
			vertex 0.013930805027484894 -0.012260937131941319 -0.0015999999595806003
			vertex 0.013930805027484894 -0.012260937131941319 0
			vertex 0.013569194823503494 -0.012260937131941319 0
		endloop
	endfacet
	facet normal 0 -1 0
		outer loop
			vertex 0.013930805027484894 -0.012260937131941319 -0.0015999999595806003
			vertex 0.013569194823503494 -0.012260937131941319 0
			vertex 0.013569194823503494 -0.012260937131941319 -0.0015999999595806003
		endloop
	endfacet
	facet normal -0.23931462263704342 -0.9709420741692522 0
		outer loop
			vertex 0.014281907118856907 -0.012347475625574589 -0.0015999999595806003
			vertex 0.014281907118856907 -0.012347475625574589 0
			vertex 0.013930805027484894 -0.012260937131941319 0
		endloop
	endfacet
	facet normal -0.23931462263704342 -0.9709420741692522 0
		outer loop
			vertex 0.014281907118856907 -0.012347475625574589 -0.0015999999595806003
			vertex 0.013930805027484894 -0.012260937131941319 0
			vertex 0.013930805027484894 -0.012260937131941319 -0.0015999999595806003
		endloop
	endfacet
	facet normal -0.464723809331416 -0.8854556911785578 0
		outer loop
			vertex 0.014602096751332283 -0.01251552440226078 -0.0015999999595806003
			vertex 0.014602096751332283 -0.01251552440226078 0
			vertex 0.014281907118856907 -0.012347475625574589 0
		endloop
	endfacet
	facet normal -0.464723809331416 -0.8854556911785578 0
		outer loop
			vertex 0.014602096751332283 -0.01251552440226078 -0.0015999999595806003
			vertex 0.014281907118856907 -0.012347475625574589 0
			vertex 0.014281907118856907 -0.012347475625574589 -0.0015999999595806003
		endloop
	endfacet
	facet normal -0.6631214655848261 -0.748511804770394 0
		outer loop
			vertex 0.014872766099870205 -0.012755315750837326 -0.0015999999595806003
			vertex 0.014872766099870205 -0.012755315750837326 0
			vertex 0.014602096751332283 -0.01251552440226078 0
		endloop
	endfacet
	facet normal -0.6631214655848261 -0.748511804770394 0
		outer loop
			vertex 0.014872766099870205 -0.012755315750837326 -0.0015999999595806003
			vertex 0.014602096751332283 -0.01251552440226078 0
			vertex 0.014602096751332283 -0.01251552440226078 -0.0015999999595806003
		endloop
	endfacet
	facet normal -0.8229838514526991 -0.5680647676524936 0
		outer loop
			vertex 0.015078184194862843 -0.013052915222942829 -0.0015999999595806003
			vertex 0.014872766099870205 -0.012755315750837326 0
			vertex 0.014872766099870205 -0.012755315750837326 -0.0015999999595806003
		endloop
	endfacet
	facet normal -0.8229838514526991 -0.5680647676524936 0
		outer loop
			vertex 0.015078184194862843 -0.013052915222942829 -0.0015999999595806003
			vertex 0.015078184194862843 -0.013052915222942829 0
			vertex 0.014872766099870205 -0.012755315750837326 0
		endloop
	endfacet
	facet normal -0.9350166082291995 -0.35460392318129236 0
		outer loop
			vertex 0.0152064124122262 -0.013391026295721531 -0.0015999999595806003
			vertex 0.015078184194862843 -0.013052915222942829 0
			vertex 0.015078184194862843 -0.013052915222942829 -0.0015999999595806003
		endloop
	endfacet
	facet normal -0.9350166082291995 -0.35460392318129236 0
		outer loop
			vertex 0.0152064124122262 -0.013391026295721531 -0.0015999999595806003
			vertex 0.0152064124122262 -0.013391026295721531 0
			vertex 0.015078184194862843 -0.013052915222942829 0
		endloop
	endfacet
	facet normal -0.9927087188754793 -0.1205379586213602 0
		outer loop
			vertex 0.015250000171363354 -0.013749999925494194 -0.0015999999595806003
			vertex 0.0152064124122262 -0.013391026295721531 0
			vertex 0.0152064124122262 -0.013391026295721531 -0.0015999999595806003
		endloop
	endfacet
	facet normal -0.9927087188754793 -0.1205379586213602 0
		outer loop
			vertex 0.015250000171363354 -0.013749999925494194 -0.0015999999595806003
			vertex 0.015250000171363354 -0.013749999925494194 0
			vertex 0.0152064124122262 -0.013391026295721531 0
		endloop
	endfacet
	facet normal -0.9927087188754793 0.1205379586213602 0
		outer loop
			vertex 0.0152064124122262 -0.014108973555266857 -0.0015999999595806003
			vertex 0.015250000171363354 -0.013749999925494194 0
			vertex 0.015250000171363354 -0.013749999925494194 -0.0015999999595806003
		endloop
	endfacet
	facet normal -0.9927087188754793 0.1205379586213602 0
		outer loop
			vertex 0.0152064124122262 -0.014108973555266857 -0.0015999999595806003
			vertex 0.0152064124122262 -0.014108973555266857 0
			vertex 0.015250000171363354 -0.013749999925494194 0
		endloop
	endfacet
	facet normal -0.9350166082291995 0.35460392318129236 0
		outer loop
			vertex 0.015078184194862843 -0.014447084628045559 -0.0015999999595806003
			vertex 0.0152064124122262 -0.014108973555266857 0
			vertex 0.0152064124122262 -0.014108973555266857 -0.0015999999595806003
		endloop
	endfacet
	facet normal -0.9350166082291995 0.35460392318129236 0
		outer loop
			vertex 0.015078184194862843 -0.014447084628045559 -0.0015999999595806003
			vertex 0.015078184194862843 -0.014447084628045559 0
			vertex 0.0152064124122262 -0.014108973555266857 0
		endloop
	endfacet
	facet normal -0.8229838514526991 0.5680647676524936 0
		outer loop
			vertex 0.014872766099870205 -0.014744684100151062 -0.0015999999595806003
			vertex 0.015078184194862843 -0.014447084628045559 0
			vertex 0.015078184194862843 -0.014447084628045559 -0.0015999999595806003
		endloop
	endfacet
	facet normal -0.8229838514526991 0.5680647676524936 0
		outer loop
			vertex 0.014872766099870205 -0.014744684100151062 -0.0015999999595806003
			vertex 0.014872766099870205 -0.014744684100151062 0
			vertex 0.015078184194862843 -0.014447084628045559 0
		endloop
	endfacet
	facet normal -0.6631214655848261 0.748511804770394 0
		outer loop
			vertex 0.014602096751332283 -0.014984475448727608 -0.0015999999595806003
			vertex 0.014872766099870205 -0.014744684100151062 0
			vertex 0.014872766099870205 -0.014744684100151062 -0.0015999999595806003
		endloop
	endfacet
	facet normal -0.6631214655848261 0.748511804770394 0
		outer loop
			vertex 0.014602096751332283 -0.014984475448727608 -0.0015999999595806003
			vertex 0.014602096751332283 -0.014984475448727608 0
			vertex 0.014872766099870205 -0.014744684100151062 0
		endloop
	endfacet
	facet normal -0.464723809331416 0.8854556911785578 0
		outer loop
			vertex 0.014281907118856907 -0.0151525242254138 -0.0015999999595806003
			vertex 0.014602096751332283 -0.014984475448727608 0
			vertex 0.014602096751332283 -0.014984475448727608 -0.0015999999595806003
		endloop
	endfacet
	facet normal -0.464723809331416 0.8854556911785578 0
		outer loop
			vertex 0.014281907118856907 -0.0151525242254138 -0.0015999999595806003
			vertex 0.014281907118856907 -0.0151525242254138 0
			vertex 0.014602096751332283 -0.014984475448727608 0
		endloop
	endfacet
	facet normal -0.23931705062358424 0.970941475723861 0
		outer loop
			vertex 0.013930805027484894 -0.015239063650369644 -0.0015999999595806003
			vertex 0.014281907118856907 -0.0151525242254138 0
			vertex 0.014281907118856907 -0.0151525242254138 -0.0015999999595806003
		endloop
	endfacet
	facet normal -0.23931705062358424 0.970941475723861 0
		outer loop
			vertex 0.013930805027484894 -0.015239063650369644 -0.0015999999595806003
			vertex 0.013930805027484894 -0.015239063650369644 0
			vertex 0.014281907118856907 -0.0151525242254138 0
		endloop
	endfacet
	facet normal 0 1 0
		outer loop
			vertex 0.013569194823503494 -0.015239063650369644 -0.0015999999595806003
			vertex 0.013930805027484894 -0.015239063650369644 0
			vertex 0.013930805027484894 -0.015239063650369644 -0.0015999999595806003
		endloop
	endfacet
	facet normal 0 1 0
		outer loop
			vertex 0.013569194823503494 -0.015239063650369644 -0.0015999999595806003
			vertex 0.013569194823503494 -0.015239063650369644 0
			vertex 0.013930805027484894 -0.015239063650369644 0
		endloop
	endfacet
	facet normal 0.23931705062358424 0.970941475723861 0
		outer loop
			vertex 0.013218092732131481 -0.0151525242254138 -0.0015999999595806003
			vertex 0.013569194823503494 -0.015239063650369644 0
			vertex 0.013569194823503494 -0.015239063650369644 -0.0015999999595806003
		endloop
	endfacet
	facet normal 0.23931705062358424 0.970941475723861 0
		outer loop
			vertex 0.013218092732131481 -0.0151525242254138 -0.0015999999595806003
			vertex 0.013218092732131481 -0.0151525242254138 0
			vertex 0.013569194823503494 -0.015239063650369644 0
		endloop
	endfacet
	facet normal 0.464723809331416 0.8854556911785578 0
		outer loop
			vertex 0.012897903099656105 -0.014984475448727608 -0.0015999999595806003
			vertex 0.013218092732131481 -0.0151525242254138 0
			vertex 0.013218092732131481 -0.0151525242254138 -0.0015999999595806003
		endloop
	endfacet
	facet normal 0.464723809331416 0.8854556911785578 0
		outer loop
			vertex 0.012897903099656105 -0.014984475448727608 -0.0015999999595806003
			vertex 0.012897903099656105 -0.014984475448727608 0
			vertex 0.013218092732131481 -0.0151525242254138 0
		endloop
	endfacet
	facet normal 0.6631214655848261 0.748511804770394 0
		outer loop
			vertex 0.012627233751118183 -0.014744684100151062 -0.0015999999595806003
			vertex 0.012627233751118183 -0.014744684100151062 0
			vertex 0.012897903099656105 -0.014984475448727608 0
		endloop
	endfacet
	facet normal 0.6631214655848261 0.748511804770394 0
		outer loop
			vertex 0.012627233751118183 -0.014744684100151062 -0.0015999999595806003
			vertex 0.012897903099656105 -0.014984475448727608 0
			vertex 0.012897903099656105 -0.014984475448727608 -0.0015999999595806003
		endloop
	endfacet
	facet normal 0.8229838514526991 0.5680647676524936 0
		outer loop
			vertex 0.012421815656125546 -0.014447084628045559 -0.0015999999595806003
			vertex 0.012627233751118183 -0.014744684100151062 0
			vertex 0.012627233751118183 -0.014744684100151062 -0.0015999999595806003
		endloop
	endfacet
	facet normal 0.8229838514526991 0.5680647676524936 0
		outer loop
			vertex 0.012421815656125546 -0.014447084628045559 -0.0015999999595806003
			vertex 0.012421815656125546 -0.014447084628045559 0
			vertex 0.012627233751118183 -0.014744684100151062 0
		endloop
	endfacet
	facet normal 0.9350166082291995 0.35460392318129236 0
		outer loop
			vertex 0.012293587438762188 -0.014108973555266857 -0.0015999999595806003
			vertex 0.012293587438762188 -0.014108973555266857 0
			vertex 0.012421815656125546 -0.014447084628045559 0
		endloop
	endfacet
	facet normal 0.9350166082291995 0.35460392318129236 0
		outer loop
			vertex 0.012293587438762188 -0.014108973555266857 -0.0015999999595806003
			vertex 0.012421815656125546 -0.014447084628045559 0
			vertex 0.012421815656125546 -0.014447084628045559 -0.0015999999595806003
		endloop
	endfacet
	facet normal 0.9927087188754793 0.1205379586213602 0
		outer loop
			vertex 0.012249999679625034 -0.013749999925494194 -0.0015999999595806003
			vertex 0.012249999679625034 -0.013749999925494194 0
			vertex 0.012293587438762188 -0.014108973555266857 0
		endloop
	endfacet
	facet normal 0.9927087188754793 0.1205379586213602 0
		outer loop
			vertex 0.012249999679625034 -0.013749999925494194 -0.0015999999595806003
			vertex 0.012293587438762188 -0.014108973555266857 0
			vertex 0.012293587438762188 -0.014108973555266857 -0.0015999999595806003
		endloop
	endfacet
	facet normal -1 0 0
		outer loop
			vertex -0.01600000075995922 0.014999999664723873 -0.0015999999595806003
			vertex -0.01600000075995922 -0.014999999664723873 -0.0015999999595806003
			vertex -0.01600000075995922 -0.014999999664723873 0
		endloop
	endfacet
	facet normal -1 0 0
		outer loop
			vertex -0.01600000075995922 0.014999999664723873 -0.0015999999595806003
			vertex -0.01600000075995922 -0.014999999664723873 0
			vertex -0.01600000075995922 0.014999999664723873 0
		endloop
	endfacet
	facet normal 1 0 0
		outer loop
			vertex 0.01600000075995922 -0.014999999664723873 -0.0015999999595806003
			vertex 0.01600000075995922 0.014999999664723873 -0.0015999999595806003
			vertex 0.01600000075995922 0.014999999664723873 0
		endloop
	endfacet
	facet normal 1 0 0
		outer loop
			vertex 0.01600000075995922 -0.014999999664723873 -0.0015999999595806003
			vertex 0.01600000075995922 0.014999999664723873 0
			vertex 0.01600000075995922 -0.014999999664723873 0
		endloop
	endfacet
	facet normal 0 0 -1
		outer loop
			vertex 0.014872766099870205 -0.014744684100151062 -0.0015999999595806003
			vertex 0.01600000075995922 -0.014999999664723873 -0.0015999999595806003
			vertex 0.014999999664723873 -0.01600000075995922 -0.0015999999595806003
		endloop
	endfacet
	facet normal 0 0 -1
		outer loop
			vertex 0.014602096751332283 -0.014984475448727608 -0.0015999999595806003
			vertex 0.014872766099870205 -0.014744684100151062 -0.0015999999595806003
			vertex 0.014999999664723873 -0.01600000075995922 -0.0015999999595806003
		endloop
	endfacet
	facet normal 0 0 -1
		outer loop
			vertex 0.015078184194862843 -0.014447084628045559 -0.0015999999595806003
			vertex 0.01600000075995922 -0.014999999664723873 -0.0015999999595806003
			vertex 0.014872766099870205 -0.014744684100151062 -0.0015999999595806003
		endloop
	endfacet
	facet normal 0 0 -1
		outer loop
			vertex 0.014281907118856907 -0.0151525242254138 -0.0015999999595806003
			vertex 0.014602096751332283 -0.014984475448727608 -0.0015999999595806003
			vertex 0.014999999664723873 -0.01600000075995922 -0.0015999999595806003
		endloop
	endfacet
	facet normal 0 0 -1
		outer loop
			vertex 0.0152064124122262 -0.014108973555266857 -0.0015999999595806003
			vertex 0.01600000075995922 -0.014999999664723873 -0.0015999999595806003
			vertex 0.015078184194862843 -0.014447084628045559 -0.0015999999595806003
		endloop
	endfacet
	facet normal 0 0 -1
		outer loop
			vertex 0.013930805027484894 -0.015239063650369644 -0.0015999999595806003
			vertex 0.014281907118856907 -0.0151525242254138 -0.0015999999595806003
			vertex 0.014999999664723873 -0.01600000075995922 -0.0015999999595806003
		endloop
	endfacet
	facet normal 0 0 -1
		outer loop
			vertex 0.015250000171363354 -0.013749999925494194 -0.0015999999595806003
			vertex 0.01600000075995922 -0.014999999664723873 -0.0015999999595806003
			vertex 0.0152064124122262 -0.014108973555266857 -0.0015999999595806003
		endloop
	endfacet
	facet normal 0 0 -1
		outer loop
			vertex 0.013569194823503494 -0.015239063650369644 -0.0015999999595806003
			vertex 0.013930805027484894 -0.015239063650369644 -0.0015999999595806003
			vertex 0.014999999664723873 -0.01600000075995922 -0.0015999999595806003
		endloop
	endfacet
	facet normal 0 0 -1
		outer loop
			vertex 0.0152064124122262 -0.013391026295721531 -0.0015999999595806003
			vertex 0.01600000075995922 -0.014999999664723873 -0.0015999999595806003
			vertex 0.015250000171363354 -0.013749999925494194 -0.0015999999595806003
		endloop
	endfacet
	facet normal 0 0 -1
		outer loop
			vertex 0.013218092732131481 -0.0151525242254138 -0.0015999999595806003
			vertex 0.013569194823503494 -0.015239063650369644 -0.0015999999595806003
			vertex 0.014999999664723873 -0.01600000075995922 -0.0015999999595806003
		endloop
	endfacet
	facet normal 0 0 -1
		outer loop
			vertex 0.015078184194862843 -0.013052915222942829 -0.0015999999595806003
			vertex 0.01600000075995922 -0.014999999664723873 -0.0015999999595806003
			vertex 0.0152064124122262 -0.013391026295721531 -0.0015999999595806003
		endloop
	endfacet
	facet normal 0 0 -1
		outer loop
			vertex 0.014602096751332283 0.01251552440226078 -0.0015999999595806003
			vertex 0.014872766099870205 -0.012755315750837326 -0.0015999999595806003
			vertex 0.014602096751332283 -0.01251552440226078 -0.0015999999595806003
		endloop
	endfacet
	facet normal 0 0 -1
		outer loop
			vertex 0.014602096751332283 0.01251552440226078 -0.0015999999595806003
			vertex 0.014872766099870205 0.012755315750837326 -0.0015999999595806003
			vertex 0.014872766099870205 -0.012755315750837326 -0.0015999999595806003
		endloop
	endfacet
	facet normal 0 0 -1
		outer loop
			vertex -0.012897903099656105 -0.014984475448727608 -0.0015999999595806003
			vertex -0.012627233751118183 -0.014744684100151062 -0.0015999999595806003
			vertex 0.012627233751118183 -0.014744684100151062 -0.0015999999595806003
		endloop
	endfacet
	facet normal 0 0 -1
		outer loop
			vertex -0.012897903099656105 -0.014984475448727608 -0.0015999999595806003
			vertex 0.012627233751118183 -0.014744684100151062 -0.0015999999595806003
			vertex 0.012897903099656105 -0.014984475448727608 -0.0015999999595806003
		endloop
	endfacet
	facet normal 0 0 -1
		outer loop
			vertex -0.012421815656125546 -0.014447084628045559 -0.0015999999595806003
			vertex 0.012627233751118183 -0.014744684100151062 -0.0015999999595806003
			vertex -0.012627233751118183 -0.014744684100151062 -0.0015999999595806003
		endloop
	endfacet
	facet normal 0 0 -1
		outer loop
			vertex -0.012421815656125546 -0.014447084628045559 -0.0015999999595806003
			vertex 0.012421815656125546 -0.014447084628045559 -0.0015999999595806003
			vertex 0.012627233751118183 -0.014744684100151062 -0.0015999999595806003
		endloop
	endfacet
	facet normal 0 0 -1
		outer loop
			vertex 0.015078184194862843 0.013052915222942829 -0.0015999999595806003
			vertex 0.015078184194862843 -0.013052915222942829 -0.0015999999595806003
			vertex 0.014872766099870205 -0.012755315750837326 -0.0015999999595806003
		endloop
	endfacet
	facet normal 0 0 -1
		outer loop
			vertex 0.015078184194862843 0.013052915222942829 -0.0015999999595806003
			vertex 0.014872766099870205 -0.012755315750837326 -0.0015999999595806003
			vertex 0.014872766099870205 0.012755315750837326 -0.0015999999595806003
		endloop
	endfacet
	facet normal 0 0 -1
		outer loop
			vertex 0.014281907118856907 0.012347475625574589 -0.0015999999595806003
			vertex 0.014602096751332283 -0.01251552440226078 -0.0015999999595806003
			vertex 0.014281907118856907 -0.012347475625574589 -0.0015999999595806003
		endloop
	endfacet
	facet normal 0 0 -1
		outer loop
			vertex 0.014281907118856907 0.012347475625574589 -0.0015999999595806003
			vertex 0.014602096751332283 0.01251552440226078 -0.0015999999595806003
			vertex 0.014602096751332283 -0.01251552440226078 -0.0015999999595806003
		endloop
	endfacet
	facet normal 0 0 -1
		outer loop
			vertex -0.013218092732131481 -0.0151525242254138 -0.0015999999595806003
			vertex -0.012897903099656105 -0.014984475448727608 -0.0015999999595806003
			vertex 0.012897903099656105 -0.014984475448727608 -0.0015999999595806003
		endloop
	endfacet
	facet normal 0 0 -1
		outer loop
			vertex -0.013218092732131481 -0.0151525242254138 -0.0015999999595806003
			vertex 0.012897903099656105 -0.014984475448727608 -0.0015999999595806003
			vertex 0.013218092732131481 -0.0151525242254138 -0.0015999999595806003
		endloop
	endfacet
	facet normal 0 0 -1
		outer loop
			vertex -0.012293587438762188 -0.014108973555266857 -0.0015999999595806003
			vertex 0.012421815656125546 -0.014447084628045559 -0.0015999999595806003
			vertex -0.012421815656125546 -0.014447084628045559 -0.0015999999595806003
		endloop
	endfacet
	facet normal 0 0 -1
		outer loop
			vertex -0.012293587438762188 -0.014108973555266857 -0.0015999999595806003
			vertex 0.012293587438762188 -0.014108973555266857 -0.0015999999595806003
			vertex 0.012421815656125546 -0.014447084628045559 -0.0015999999595806003
		endloop
	endfacet
	facet normal 0 0 -1
		outer loop
			vertex 0.013930805027484894 0.012260937131941319 -0.0015999999595806003
			vertex 0.014281907118856907 -0.012347475625574589 -0.0015999999595806003
			vertex 0.013930805027484894 -0.012260937131941319 -0.0015999999595806003
		endloop
	endfacet
	facet normal 0 0 -1
		outer loop
			vertex 0.013930805027484894 0.012260937131941319 -0.0015999999595806003
			vertex 0.014281907118856907 0.012347475625574589 -0.0015999999595806003
			vertex 0.014281907118856907 -0.012347475625574589 -0.0015999999595806003
		endloop
	endfacet
	facet normal 0 0 -1
		outer loop
			vertex -0.012249999679625034 -0.013749999925494194 -0.0015999999595806003
			vertex 0.012249999679625034 -0.013749999925494194 -0.0015999999595806003
			vertex 0.012293587438762188 -0.014108973555266857 -0.0015999999595806003
		endloop
	endfacet
	facet normal 0 0 -1
		outer loop
			vertex -0.012249999679625034 -0.013749999925494194 -0.0015999999595806003
			vertex 0.012293587438762188 -0.014108973555266857 -0.0015999999595806003
			vertex -0.012293587438762188 -0.014108973555266857 -0.0015999999595806003
		endloop
	endfacet
	facet normal 0 0 -1
		outer loop
			vertex 0.013569194823503494 0.012260937131941319 -0.0015999999595806003
			vertex 0.013930805027484894 -0.012260937131941319 -0.0015999999595806003
			vertex 0.013569194823503494 -0.012260937131941319 -0.0015999999595806003
		endloop
	endfacet
	facet normal 0 0 -1
		outer loop
			vertex 0.013569194823503494 0.012260937131941319 -0.0015999999595806003
			vertex 0.013930805027484894 0.012260937131941319 -0.0015999999595806003
			vertex 0.013930805027484894 -0.012260937131941319 -0.0015999999595806003
		endloop
	endfacet
	facet normal 0 0 -1
		outer loop
			vertex -0.012293587438762188 -0.013391026295721531 -0.0015999999595806003
			vertex 0.012293587438762188 -0.013391026295721531 -0.0015999999595806003
			vertex 0.012249999679625034 -0.013749999925494194 -0.0015999999595806003
		endloop
	endfacet
	facet normal 0 0 -1
		outer loop
			vertex -0.012293587438762188 -0.013391026295721531 -0.0015999999595806003
			vertex 0.012249999679625034 -0.013749999925494194 -0.0015999999595806003
			vertex -0.012249999679625034 -0.013749999925494194 -0.0015999999595806003
		endloop
	endfacet
	facet normal 0 0 -1
		outer loop
			vertex 0.01600000075995922 0.014999999664723873 -0.0015999999595806003
			vertex 0.015078184194862843 0.013052915222942829 -0.0015999999595806003
			vertex 0.0152064124122262 0.013391026295721531 -0.0015999999595806003
		endloop
	endfacet
	facet normal 0 0 -1
		outer loop
			vertex 0.01600000075995922 0.014999999664723873 -0.0015999999595806003
			vertex 0.0152064124122262 0.013391026295721531 -0.0015999999595806003
			vertex 0.015250000171363354 0.013749999925494194 -0.0015999999595806003
		endloop
	endfacet
	facet normal 0 0 -1
		outer loop
			vertex 0.01600000075995922 0.014999999664723873 -0.0015999999595806003
			vertex 0.015250000171363354 0.013749999925494194 -0.0015999999595806003
			vertex 0.0152064124122262 0.014108973555266857 -0.0015999999595806003
		endloop
	endfacet
	facet normal 0 0 -1
		outer loop
			vertex 0.01600000075995922 0.014999999664723873 -0.0015999999595806003
			vertex 0.01600000075995922 -0.014999999664723873 -0.0015999999595806003
			vertex 0.015078184194862843 -0.013052915222942829 -0.0015999999595806003
		endloop
	endfacet
	facet normal 0 0 -1
		outer loop
			vertex 0.01600000075995922 0.014999999664723873 -0.0015999999595806003
			vertex 0.015078184194862843 -0.013052915222942829 -0.0015999999595806003
			vertex 0.015078184194862843 0.013052915222942829 -0.0015999999595806003
		endloop
	endfacet
	facet normal 0 0 -1
		outer loop
			vertex -0.014999999664723873 -0.01600000075995922 -0.0015999999595806003
			vertex 0.013218092732131481 -0.0151525242254138 -0.0015999999595806003
			vertex 0.014999999664723873 -0.01600000075995922 -0.0015999999595806003
		endloop
	endfacet
	facet normal 0 0 -1
		outer loop
			vertex -0.014999999664723873 -0.01600000075995922 -0.0015999999595806003
			vertex -0.013218092732131481 -0.0151525242254138 -0.0015999999595806003
			vertex 0.013218092732131481 -0.0151525242254138 -0.0015999999595806003
		endloop
	endfacet
	facet normal 0 0 -1
		outer loop
			vertex -0.014999999664723873 -0.01600000075995922 -0.0015999999595806003
			vertex -0.013930805027484894 -0.015239063650369644 -0.0015999999595806003
			vertex -0.013569194823503494 -0.015239063650369644 -0.0015999999595806003
		endloop
	endfacet
	facet normal 0 0 -1
		outer loop
			vertex -0.014999999664723873 -0.01600000075995922 -0.0015999999595806003
			vertex -0.013569194823503494 -0.015239063650369644 -0.0015999999595806003
			vertex -0.013218092732131481 -0.0151525242254138 -0.0015999999595806003
		endloop
	endfacet
	facet normal 0 0 -1
		outer loop
			vertex 0.013218092732131481 0.012347475625574589 -0.0015999999595806003
			vertex 0.013569194823503494 -0.012260937131941319 -0.0015999999595806003
			vertex 0.013218092732131481 -0.012347475625574589 -0.0015999999595806003
		endloop
	endfacet
	facet normal 0 0 -1
		outer loop
			vertex 0.013218092732131481 0.012347475625574589 -0.0015999999595806003
			vertex 0.013569194823503494 0.012260937131941319 -0.0015999999595806003
			vertex 0.013569194823503494 -0.012260937131941319 -0.0015999999595806003
		endloop
	endfacet
	facet normal 0 0 -1
		outer loop
			vertex -0.014281907118856907 -0.0151525242254138 -0.0015999999595806003
			vertex -0.013930805027484894 -0.015239063650369644 -0.0015999999595806003
			vertex -0.014999999664723873 -0.01600000075995922 -0.0015999999595806003
		endloop
	endfacet
	facet normal 0 0 -1
		outer loop
			vertex -0.012421815656125546 -0.013052915222942829 -0.0015999999595806003
			vertex 0.012421815656125546 -0.013052915222942829 -0.0015999999595806003
			vertex 0.012293587438762188 -0.013391026295721531 -0.0015999999595806003
		endloop
	endfacet
	facet normal 0 0 -1
		outer loop
			vertex -0.012421815656125546 -0.013052915222942829 -0.0015999999595806003
			vertex 0.012293587438762188 -0.013391026295721531 -0.0015999999595806003
			vertex -0.012293587438762188 -0.013391026295721531 -0.0015999999595806003
		endloop
	endfacet
	facet normal 0 0 -1
		outer loop
			vertex 0.015078184194862843 0.014447084628045559 -0.0015999999595806003
			vertex 0.01600000075995922 0.014999999664723873 -0.0015999999595806003
			vertex 0.0152064124122262 0.014108973555266857 -0.0015999999595806003
		endloop
	endfacet
	facet normal 0 0 -1
		outer loop
			vertex 0.012897903099656105 0.01251552440226078 -0.0015999999595806003
			vertex 0.013218092732131481 -0.012347475625574589 -0.0015999999595806003
			vertex 0.012897903099656105 -0.01251552440226078 -0.0015999999595806003
		endloop
	endfacet
	facet normal 0 0 -1
		outer loop
			vertex 0.012897903099656105 0.01251552440226078 -0.0015999999595806003
			vertex 0.013218092732131481 0.012347475625574589 -0.0015999999595806003
			vertex 0.013218092732131481 -0.012347475625574589 -0.0015999999595806003
		endloop
	endfacet
	facet normal 0 0 -1
		outer loop
			vertex -0.014602096751332283 -0.014984475448727608 -0.0015999999595806003
			vertex -0.014281907118856907 -0.0151525242254138 -0.0015999999595806003
			vertex -0.014999999664723873 -0.01600000075995922 -0.0015999999595806003
		endloop
	endfacet
	facet normal 0 0 -1
		outer loop
			vertex 0.014872766099870205 0.014744684100151062 -0.0015999999595806003
			vertex 0.01600000075995922 0.014999999664723873 -0.0015999999595806003
			vertex 0.015078184194862843 0.014447084628045559 -0.0015999999595806003
		endloop
	endfacet
	facet normal 0 0 -1
		outer loop
			vertex -0.012627233751118183 -0.012755315750837326 -0.0015999999595806003
			vertex 0.012421815656125546 -0.013052915222942829 -0.0015999999595806003
			vertex -0.012421815656125546 -0.013052915222942829 -0.0015999999595806003
		endloop
	endfacet
	facet normal 0 0 -1
		outer loop
			vertex -0.012627233751118183 -0.012755315750837326 -0.0015999999595806003
			vertex 0.012627233751118183 -0.012755315750837326 -0.0015999999595806003
			vertex 0.012421815656125546 -0.013052915222942829 -0.0015999999595806003
		endloop
	endfacet
	facet normal 0 0 -1
		outer loop
			vertex 0.012627233751118183 0.012755315750837326 -0.0015999999595806003
			vertex 0.012897903099656105 -0.01251552440226078 -0.0015999999595806003
			vertex 0.012627233751118183 -0.012755315750837326 -0.0015999999595806003
		endloop
	endfacet
	facet normal 0 0 -1
		outer loop
			vertex 0.012627233751118183 0.012755315750837326 -0.0015999999595806003
			vertex 0.012897903099656105 0.01251552440226078 -0.0015999999595806003
			vertex 0.012897903099656105 -0.01251552440226078 -0.0015999999595806003
		endloop
	endfacet
	facet normal 0 0 -1
		outer loop
			vertex -0.014872766099870205 -0.014744684100151062 -0.0015999999595806003
			vertex -0.014602096751332283 -0.014984475448727608 -0.0015999999595806003
			vertex -0.014999999664723873 -0.01600000075995922 -0.0015999999595806003
		endloop
	endfacet
	facet normal 0 0 -1
		outer loop
			vertex -0.01600000075995922 -0.014999999664723873 -0.0015999999595806003
			vertex -0.015078184194862843 -0.014447084628045559 -0.0015999999595806003
			vertex -0.014872766099870205 -0.014744684100151062 -0.0015999999595806003
		endloop
	endfacet
	facet normal 0 0 -1
		outer loop
			vertex -0.01600000075995922 -0.014999999664723873 -0.0015999999595806003
			vertex -0.014872766099870205 -0.014744684100151062 -0.0015999999595806003
			vertex -0.014999999664723873 -0.01600000075995922 -0.0015999999595806003
		endloop
	endfacet
	facet normal 0 0 -1
		outer loop
			vertex 0.014999999664723873 0.01600000075995922 -0.0015999999595806003
			vertex 0.01600000075995922 0.014999999664723873 -0.0015999999595806003
			vertex 0.014872766099870205 0.014744684100151062 -0.0015999999595806003
		endloop
	endfacet
	facet normal 0 0 -1
		outer loop
			vertex 0.014999999664723873 0.01600000075995922 -0.0015999999595806003
			vertex 0.014872766099870205 0.014744684100151062 -0.0015999999595806003
			vertex 0.014602096751332283 0.014984475448727608 -0.0015999999595806003
		endloop
	endfacet
	facet normal 0 0 -1
		outer loop
			vertex 0.014999999664723873 0.01600000075995922 -0.0015999999595806003
			vertex 0.014602096751332283 0.014984475448727608 -0.0015999999595806003
			vertex 0.014281907118856907 0.0151525242254138 -0.0015999999595806003
		endloop
	endfacet
	facet normal 0 0 -1
		outer loop
			vertex -0.0152064124122262 -0.014108973555266857 -0.0015999999595806003
			vertex -0.015078184194862843 -0.014447084628045559 -0.0015999999595806003
			vertex -0.01600000075995922 -0.014999999664723873 -0.0015999999595806003
		endloop
	endfacet
	facet normal 0 0 -1
		outer loop
			vertex 0.013930805027484894 0.015239063650369644 -0.0015999999595806003
			vertex 0.014999999664723873 0.01600000075995922 -0.0015999999595806003
			vertex 0.014281907118856907 0.0151525242254138 -0.0015999999595806003
		endloop
	endfacet
	facet normal 0 0 -1
		outer loop
			vertex -0.015250000171363354 -0.013749999925494194 -0.0015999999595806003
			vertex -0.0152064124122262 -0.014108973555266857 -0.0015999999595806003
			vertex -0.01600000075995922 -0.014999999664723873 -0.0015999999595806003
		endloop
	endfacet
	facet normal 0 0 -1
		outer loop
			vertex 0.013569194823503494 0.015239063650369644 -0.0015999999595806003
			vertex 0.014999999664723873 0.01600000075995922 -0.0015999999595806003
			vertex 0.013930805027484894 0.015239063650369644 -0.0015999999595806003
		endloop
	endfacet
	facet normal 0 0 -1
		outer loop
			vertex -0.0152064124122262 -0.013391026295721531 -0.0015999999595806003
			vertex -0.015250000171363354 -0.013749999925494194 -0.0015999999595806003
			vertex -0.01600000075995922 -0.014999999664723873 -0.0015999999595806003
		endloop
	endfacet
	facet normal 0 0 -1
		outer loop
			vertex 0.013218092732131481 0.0151525242254138 -0.0015999999595806003
			vertex 0.014999999664723873 0.01600000075995922 -0.0015999999595806003
			vertex 0.013569194823503494 0.015239063650369644 -0.0015999999595806003
		endloop
	endfacet
	facet normal 0 0 -1
		outer loop
			vertex -0.015078184194862843 -0.013052915222942829 -0.0015999999595806003
			vertex -0.0152064124122262 -0.013391026295721531 -0.0015999999595806003
			vertex -0.01600000075995922 -0.014999999664723873 -0.0015999999595806003
		endloop
	endfacet
	facet normal 0 0 -1
		outer loop
			vertex -0.012627233751118183 0.012755315750837326 -0.0015999999595806003
			vertex 0.012627233751118183 0.012755315750837326 -0.0015999999595806003
			vertex 0.012627233751118183 -0.012755315750837326 -0.0015999999595806003
		endloop
	endfacet
	facet normal 0 0 -1
		outer loop
			vertex -0.012627233751118183 0.012755315750837326 -0.0015999999595806003
			vertex 0.012627233751118183 -0.012755315750837326 -0.0015999999595806003
			vertex -0.012627233751118183 -0.012755315750837326 -0.0015999999595806003
		endloop
	endfacet
	facet normal 0 0 -1
		outer loop
			vertex -0.012897903099656105 0.01251552440226078 -0.0015999999595806003
			vertex -0.012627233751118183 -0.012755315750837326 -0.0015999999595806003
			vertex -0.012897903099656105 -0.01251552440226078 -0.0015999999595806003
		endloop
	endfacet
	facet normal 0 0 -1
		outer loop
			vertex -0.012897903099656105 0.01251552440226078 -0.0015999999595806003
			vertex -0.012627233751118183 0.012755315750837326 -0.0015999999595806003
			vertex -0.012627233751118183 -0.012755315750837326 -0.0015999999595806003
		endloop
	endfacet
	facet normal 0 0 -1
		outer loop
			vertex -0.012421815656125546 0.013052915222942829 -0.0015999999595806003
			vertex 0.012421815656125546 0.013052915222942829 -0.0015999999595806003
			vertex 0.012627233751118183 0.012755315750837326 -0.0015999999595806003
		endloop
	endfacet
	facet normal 0 0 -1
		outer loop
			vertex -0.012421815656125546 0.013052915222942829 -0.0015999999595806003
			vertex 0.012627233751118183 0.012755315750837326 -0.0015999999595806003
			vertex -0.012627233751118183 0.012755315750837326 -0.0015999999595806003
		endloop
	endfacet
	facet normal 0 0 -1
		outer loop
			vertex -0.013218092732131481 0.012347475625574589 -0.0015999999595806003
			vertex -0.012897903099656105 -0.01251552440226078 -0.0015999999595806003
			vertex -0.013218092732131481 -0.012347475625574589 -0.0015999999595806003
		endloop
	endfacet
	facet normal 0 0 -1
		outer loop
			vertex -0.013218092732131481 0.012347475625574589 -0.0015999999595806003
			vertex -0.012897903099656105 0.01251552440226078 -0.0015999999595806003
			vertex -0.012897903099656105 -0.01251552440226078 -0.0015999999595806003
		endloop
	endfacet
	facet normal 0 0 -1
		outer loop
			vertex -0.012293587438762188 0.013391026295721531 -0.0015999999595806003
			vertex 0.012293587438762188 0.013391026295721531 -0.0015999999595806003
			vertex 0.012421815656125546 0.013052915222942829 -0.0015999999595806003
		endloop
	endfacet
	facet normal 0 0 -1
		outer loop
			vertex -0.012293587438762188 0.013391026295721531 -0.0015999999595806003
			vertex 0.012421815656125546 0.013052915222942829 -0.0015999999595806003
			vertex -0.012421815656125546 0.013052915222942829 -0.0015999999595806003
		endloop
	endfacet
	facet normal 0 0 -1
		outer loop
			vertex -0.013569194823503494 0.012260937131941319 -0.0015999999595806003
			vertex -0.013218092732131481 -0.012347475625574589 -0.0015999999595806003
			vertex -0.013569194823503494 -0.012260937131941319 -0.0015999999595806003
		endloop
	endfacet
	facet normal 0 0 -1
		outer loop
			vertex -0.013569194823503494 0.012260937131941319 -0.0015999999595806003
			vertex -0.013218092732131481 0.012347475625574589 -0.0015999999595806003
			vertex -0.013218092732131481 -0.012347475625574589 -0.0015999999595806003
		endloop
	endfacet
	facet normal 0 0 -1
		outer loop
			vertex -0.012249999679625034 0.013749999925494194 -0.0015999999595806003
			vertex 0.012249999679625034 0.013749999925494194 -0.0015999999595806003
			vertex 0.012293587438762188 0.013391026295721531 -0.0015999999595806003
		endloop
	endfacet
	facet normal 0 0 -1
		outer loop
			vertex -0.012249999679625034 0.013749999925494194 -0.0015999999595806003
			vertex 0.012293587438762188 0.013391026295721531 -0.0015999999595806003
			vertex -0.012293587438762188 0.013391026295721531 -0.0015999999595806003
		endloop
	endfacet
	facet normal 0 0 -1
		outer loop
			vertex -0.013930805027484894 0.012260937131941319 -0.0015999999595806003
			vertex -0.013569194823503494 -0.012260937131941319 -0.0015999999595806003
			vertex -0.013930805027484894 -0.012260937131941319 -0.0015999999595806003
		endloop
	endfacet
	facet normal 0 0 -1
		outer loop
			vertex -0.013930805027484894 0.012260937131941319 -0.0015999999595806003
			vertex -0.013569194823503494 0.012260937131941319 -0.0015999999595806003
			vertex -0.013569194823503494 -0.012260937131941319 -0.0015999999595806003
		endloop
	endfacet
	facet normal 0 0 -1
		outer loop
			vertex -0.012293587438762188 0.014108973555266857 -0.0015999999595806003
			vertex 0.012293587438762188 0.014108973555266857 -0.0015999999595806003
			vertex 0.012249999679625034 0.013749999925494194 -0.0015999999595806003
		endloop
	endfacet
	facet normal 0 0 -1
		outer loop
			vertex -0.012293587438762188 0.014108973555266857 -0.0015999999595806003
			vertex 0.012249999679625034 0.013749999925494194 -0.0015999999595806003
			vertex -0.012249999679625034 0.013749999925494194 -0.0015999999595806003
		endloop
	endfacet
	facet normal 0 0 -1
		outer loop
			vertex -0.014281907118856907 0.012347475625574589 -0.0015999999595806003
			vertex -0.013930805027484894 -0.012260937131941319 -0.0015999999595806003
			vertex -0.014281907118856907 -0.012347475625574589 -0.0015999999595806003
		endloop
	endfacet
	facet normal 0 0 -1
		outer loop
			vertex -0.014281907118856907 0.012347475625574589 -0.0015999999595806003
			vertex -0.013930805027484894 0.012260937131941319 -0.0015999999595806003
			vertex -0.013930805027484894 -0.012260937131941319 -0.0015999999595806003
		endloop
	endfacet
	facet normal 0 0 -1
		outer loop
			vertex -0.012421815656125546 0.014447084628045559 -0.0015999999595806003
			vertex 0.012421815656125546 0.014447084628045559 -0.0015999999595806003
			vertex 0.012293587438762188 0.014108973555266857 -0.0015999999595806003
		endloop
	endfacet
	facet normal 0 0 -1
		outer loop
			vertex -0.012421815656125546 0.014447084628045559 -0.0015999999595806003
			vertex 0.012293587438762188 0.014108973555266857 -0.0015999999595806003
			vertex -0.012293587438762188 0.014108973555266857 -0.0015999999595806003
		endloop
	endfacet
	facet normal 0 0 -1
		outer loop
			vertex -0.014602096751332283 0.01251552440226078 -0.0015999999595806003
			vertex -0.014281907118856907 -0.012347475625574589 -0.0015999999595806003
			vertex -0.014602096751332283 -0.01251552440226078 -0.0015999999595806003
		endloop
	endfacet
	facet normal 0 0 -1
		outer loop
			vertex -0.014602096751332283 0.01251552440226078 -0.0015999999595806003
			vertex -0.014281907118856907 0.012347475625574589 -0.0015999999595806003
			vertex -0.014281907118856907 -0.012347475625574589 -0.0015999999595806003
		endloop
	endfacet
	facet normal 0 0 -1
		outer loop
			vertex -0.012627233751118183 0.014744684100151062 -0.0015999999595806003
			vertex 0.012421815656125546 0.014447084628045559 -0.0015999999595806003
			vertex -0.012421815656125546 0.014447084628045559 -0.0015999999595806003
		endloop
	endfacet
	facet normal 0 0 -1
		outer loop
			vertex -0.012627233751118183 0.014744684100151062 -0.0015999999595806003
			vertex 0.012627233751118183 0.014744684100151062 -0.0015999999595806003
			vertex 0.012421815656125546 0.014447084628045559 -0.0015999999595806003
		endloop
	endfacet
	facet normal 0 0 -1
		outer loop
			vertex -0.014872766099870205 0.012755315750837326 -0.0015999999595806003
			vertex -0.014602096751332283 -0.01251552440226078 -0.0015999999595806003
			vertex -0.014872766099870205 -0.012755315750837326 -0.0015999999595806003
		endloop
	endfacet
	facet normal 0 0 -1
		outer loop
			vertex -0.014872766099870205 0.012755315750837326 -0.0015999999595806003
			vertex -0.014602096751332283 0.01251552440226078 -0.0015999999595806003
			vertex -0.014602096751332283 -0.01251552440226078 -0.0015999999595806003
		endloop
	endfacet
	facet normal 0 0 -1
		outer loop
			vertex -0.015078184194862843 0.013052915222942829 -0.0015999999595806003
			vertex -0.014872766099870205 0.012755315750837326 -0.0015999999595806003
			vertex -0.014872766099870205 -0.012755315750837326 -0.0015999999595806003
		endloop
	endfacet
	facet normal 0 0 -1
		outer loop
			vertex -0.015078184194862843 0.013052915222942829 -0.0015999999595806003
			vertex -0.014872766099870205 -0.012755315750837326 -0.0015999999595806003
			vertex -0.015078184194862843 -0.013052915222942829 -0.0015999999595806003
		endloop
	endfacet
	facet normal 0 0 -1
		outer loop
			vertex -0.01600000075995922 0.014999999664723873 -0.0015999999595806003
			vertex -0.015250000171363354 0.013749999925494194 -0.0015999999595806003
			vertex -0.0152064124122262 0.013391026295721531 -0.0015999999595806003
		endloop
	endfacet
	facet normal 0 0 -1
		outer loop
			vertex -0.01600000075995922 0.014999999664723873 -0.0015999999595806003
			vertex -0.0152064124122262 0.013391026295721531 -0.0015999999595806003
			vertex -0.015078184194862843 0.013052915222942829 -0.0015999999595806003
		endloop
	endfacet
	facet normal 0 0 -1
		outer loop
			vertex -0.01600000075995922 0.014999999664723873 -0.0015999999595806003
			vertex -0.015078184194862843 -0.013052915222942829 -0.0015999999595806003
			vertex -0.01600000075995922 -0.014999999664723873 -0.0015999999595806003
		endloop
	endfacet
	facet normal 0 0 -1
		outer loop
			vertex -0.01600000075995922 0.014999999664723873 -0.0015999999595806003
			vertex -0.014872766099870205 0.014744684100151062 -0.0015999999595806003
			vertex -0.015078184194862843 0.014447084628045559 -0.0015999999595806003
		endloop
	endfacet
	facet normal 0 0 -1
		outer loop
			vertex -0.01600000075995922 0.014999999664723873 -0.0015999999595806003
			vertex -0.015078184194862843 0.014447084628045559 -0.0015999999595806003
			vertex -0.0152064124122262 0.014108973555266857 -0.0015999999595806003
		endloop
	endfacet
	facet normal 0 0 -1
		outer loop
			vertex -0.01600000075995922 0.014999999664723873 -0.0015999999595806003
			vertex -0.0152064124122262 0.014108973555266857 -0.0015999999595806003
			vertex -0.015250000171363354 0.013749999925494194 -0.0015999999595806003
		endloop
	endfacet
	facet normal 0 0 -1
		outer loop
			vertex -0.01600000075995922 0.014999999664723873 -0.0015999999595806003
			vertex -0.015078184194862843 0.013052915222942829 -0.0015999999595806003
			vertex -0.015078184194862843 -0.013052915222942829 -0.0015999999595806003
		endloop
	endfacet
	facet normal 0 0 -1
		outer loop
			vertex -0.014999999664723873 0.01600000075995922 -0.0015999999595806003
			vertex -0.014872766099870205 0.014744684100151062 -0.0015999999595806003
			vertex -0.01600000075995922 0.014999999664723873 -0.0015999999595806003
		endloop
	endfacet
	facet normal 0 0 -1
		outer loop
			vertex -0.014999999664723873 0.01600000075995922 -0.0015999999595806003
			vertex -0.013218092732131481 0.0151525242254138 -0.0015999999595806003
			vertex -0.013569194823503494 0.015239063650369644 -0.0015999999595806003
		endloop
	endfacet
	facet normal 0 0 -1
		outer loop
			vertex -0.014999999664723873 0.01600000075995922 -0.0015999999595806003
			vertex -0.013569194823503494 0.015239063650369644 -0.0015999999595806003
			vertex -0.013930805027484894 0.015239063650369644 -0.0015999999595806003
		endloop
	endfacet
	facet normal 0 0 -1
		outer loop
			vertex -0.014999999664723873 0.01600000075995922 -0.0015999999595806003
			vertex -0.013930805027484894 0.015239063650369644 -0.0015999999595806003
			vertex -0.014281907118856907 0.0151525242254138 -0.0015999999595806003
		endloop
	endfacet
	facet normal 0 0 -1
		outer loop
			vertex -0.014999999664723873 0.01600000075995922 -0.0015999999595806003
			vertex -0.014281907118856907 0.0151525242254138 -0.0015999999595806003
			vertex -0.014602096751332283 0.014984475448727608 -0.0015999999595806003
		endloop
	endfacet
	facet normal 0 0 -1
		outer loop
			vertex -0.014999999664723873 0.01600000075995922 -0.0015999999595806003
			vertex -0.014602096751332283 0.014984475448727608 -0.0015999999595806003
			vertex -0.014872766099870205 0.014744684100151062 -0.0015999999595806003
		endloop
	endfacet
	facet normal 0 0 -1
		outer loop
			vertex -0.014999999664723873 0.01600000075995922 -0.0015999999595806003
			vertex 0.014999999664723873 0.01600000075995922 -0.0015999999595806003
			vertex 0.013218092732131481 0.0151525242254138 -0.0015999999595806003
		endloop
	endfacet
	facet normal 0 0 -1
		outer loop
			vertex -0.014999999664723873 0.01600000075995922 -0.0015999999595806003
			vertex 0.013218092732131481 0.0151525242254138 -0.0015999999595806003
			vertex 0.012897903099656105 0.014984475448727608 -0.0015999999595806003
		endloop
	endfacet
	facet normal 0 0 -1
		outer loop
			vertex -0.014999999664723873 0.01600000075995922 -0.0015999999595806003
			vertex 0.012897903099656105 0.014984475448727608 -0.0015999999595806003
			vertex 0.012627233751118183 0.014744684100151062 -0.0015999999595806003
		endloop
	endfacet
	facet normal 0 0 -1
		outer loop
			vertex -0.014999999664723873 0.01600000075995922 -0.0015999999595806003
			vertex 0.012627233751118183 0.014744684100151062 -0.0015999999595806003
			vertex -0.013218092732131481 0.0151525242254138 -0.0015999999595806003
		endloop
	endfacet
	facet normal 0 0 -1
		outer loop
			vertex -0.013218092732131481 0.0151525242254138 -0.0015999999595806003
			vertex 0.012627233751118183 0.014744684100151062 -0.0015999999595806003
			vertex -0.012897903099656105 0.014984475448727608 -0.0015999999595806003
		endloop
	endfacet
	facet normal 0 0 -1
		outer loop
			vertex -0.012897903099656105 0.014984475448727608 -0.0015999999595806003
			vertex 0.012627233751118183 0.014744684100151062 -0.0015999999595806003
			vertex -0.012627233751118183 0.014744684100151062 -0.0015999999595806003
		endloop
	endfacet
	facet normal 0 0 -1
		outer loop
			vertex -0.00860000029206276 0.0020000000949949026 0
			vertex -0.009529446251690388 0.0017709120875224471 0
			vertex -0.009078631177544594 0.0019418835872784257 0
		endloop
	endfacet
	facet normal 0 0 -1
		outer loop
			vertex -0.00860000029206276 0.0020000000949949026 0
			vertex -0.009926245547831059 0.001497021527029574 0
			vertex -0.009529446251690388 0.0017709120875224471 0
		endloop
	endfacet
	facet normal 0 0 -1
		outer loop
			vertex -0.00860000029206276 0.0020000000949949026 0
			vertex -0.010245967656373978 0.0011361294891685247 0
			vertex -0.009926245547831059 0.001497021527029574 0
		endloop
	endfacet
	facet normal 0 0 -1
		outer loop
			vertex -0.00860000029206276 0.0020000000949949026 0
			vertex -0.010470032691955566 0.0007092097657732666 0
			vertex -0.010245967656373978 0.0011361294891685247 0
		endloop
	endfacet
	facet normal 0 0 -1
		outer loop
			vertex -0.00860000029206276 0.0020000000949949026 0
			vertex -0.010585417971014977 0.0002410733577562496 0
			vertex -0.010470032691955566 0.0007092097657732666 0
		endloop
	endfacet
	facet normal 0 0 -1
		outer loop
			vertex -0.00860000029206276 0.0020000000949949026 0
			vertex -0.010585417971014977 -0.0002410733577562496 0
			vertex -0.010585417971014977 0.0002410733577562496 0
		endloop
	endfacet
	facet normal 0 0 -1
		outer loop
			vertex -0.00860000029206276 0.0020000000949949026 0
			vertex -0.010470032691955566 -0.0007092097657732666 0
			vertex -0.010585417971014977 -0.0002410733577562496 0
		endloop
	endfacet
	facet normal 0 0 -1
		outer loop
			vertex -0.00860000029206276 0.0020000000949949026 0
			vertex -0.010245967656373978 -0.0011361294891685247 0
			vertex -0.010470032691955566 -0.0007092097657732666 0
		endloop
	endfacet
	facet normal 0 0 -1
		outer loop
			vertex -0.00860000029206276 0.0020000000949949026 0
			vertex -0.009926245547831059 -0.001497021527029574 0
			vertex -0.010245967656373978 -0.0011361294891685247 0
		endloop
	endfacet
	facet normal 0 0 -1
		outer loop
			vertex -0.00860000029206276 0.0020000000949949026 0
			vertex -0.009529446251690388 -0.0017709120875224471 0
			vertex -0.009926245547831059 -0.001497021527029574 0
		endloop
	endfacet
	facet normal 0 0 -1
		outer loop
			vertex -0.00860000029206276 0.0020000000949949026 0
			vertex -0.009078631177544594 -0.0019418835872784257 0
			vertex -0.009529446251690388 -0.0017709120875224471 0
		endloop
	endfacet
	facet normal 0 0 -1
		outer loop
			vertex -0.00860000029206276 0.0020000000949949026 0
			vertex -0.00860000029206276 -0.0020000000949949026 0
			vertex -0.009078631177544594 -0.0019418835872784257 0
		endloop
	endfacet
	facet normal 0 0 -1
		outer loop
			vertex -0.006599999964237213 0.0020000000949949026 0
			vertex -0.006599999964237213 -0.0020000000949949026 0
			vertex -0.00860000029206276 -0.0020000000949949026 0
		endloop
	endfacet
	facet normal 0 0 -1
		outer loop
			vertex -0.006599999964237213 0.0020000000949949026 0
			vertex -0.00860000029206276 -0.0020000000949949026 0
			vertex -0.00860000029206276 0.0020000000949949026 0
		endloop
	endfacet
	facet normal 0 0 -1
		outer loop
			vertex 0.006599999964237213 -0.0020000000949949026 0
			vertex -0.006599999964237213 -0.006599999964237213 0
			vertex -0.006599999964237213 -0.0020000000949949026 0
		endloop
	endfacet
	facet normal 0 0 -1
		outer loop
			vertex 0.006599999964237213 -0.0020000000949949026 0
			vertex 0.006599999964237213 -0.006599999964237213 0
			vertex -0.006599999964237213 -0.006599999964237213 0
		endloop
	endfacet
	facet normal 0 0 -1
		outer loop
			vertex 0.006599999964237213 0.0020000000949949026 0
			vertex -0.006599999964237213 -0.0020000000949949026 0
			vertex -0.006599999964237213 0.0020000000949949026 0
		endloop
	endfacet
	facet normal 0 0 -1
		outer loop
			vertex 0.006599999964237213 0.0020000000949949026 0
			vertex 0.006599999964237213 -0.0020000000949949026 0
			vertex -0.006599999964237213 -0.0020000000949949026 0
		endloop
	endfacet
	facet normal 0 0 -1
		outer loop
			vertex 0.00860000029206276 0.0020000000949949026 0
			vertex 0.00860000029206276 -0.0020000000949949026 0
			vertex 0.006599999964237213 -0.0020000000949949026 0
		endloop
	endfacet
	facet normal 0 0 -1
		outer loop
			vertex 0.00860000029206276 0.0020000000949949026 0
			vertex 0.006599999964237213 -0.0020000000949949026 0
			vertex 0.006599999964237213 0.0020000000949949026 0
		endloop
	endfacet
	facet normal 0 0 -1
		outer loop
			vertex 0.009926245547831059 0.001497021527029574 0
			vertex 0.009078631177544594 -0.0019418835872784257 0
			vertex 0.00860000029206276 -0.0020000000949949026 0
		endloop
	endfacet
	facet normal 0 0 -1
		outer loop
			vertex 0.009926245547831059 0.001497021527029574 0
			vertex 0.009529446251690388 -0.0017709120875224471 0
			vertex 0.009078631177544594 -0.0019418835872784257 0
		endloop
	endfacet
	facet normal 0 0 -1
		outer loop
			vertex 0.009926245547831059 0.001497021527029574 0
			vertex 0.009926245547831059 -0.001497021527029574 0
			vertex 0.009529446251690388 -0.0017709120875224471 0
		endloop
	endfacet
	facet normal 0 0 -1
		outer loop
			vertex 0.009926245547831059 0.001497021527029574 0
			vertex 0.010245967656373978 -0.0011361294891685247 0
			vertex 0.009926245547831059 -0.001497021527029574 0
		endloop
	endfacet
	facet normal 0 0 -1
		outer loop
			vertex 0.009926245547831059 0.001497021527029574 0
			vertex 0.010470032691955566 -0.0007092097657732666 0
			vertex 0.010245967656373978 -0.0011361294891685247 0
		endloop
	endfacet
	facet normal 0 0 -1
		outer loop
			vertex 0.009926245547831059 0.001497021527029574 0
			vertex 0.010585417971014977 -0.0002410733577562496 0
			vertex 0.010470032691955566 -0.0007092097657732666 0
		endloop
	endfacet
	facet normal 0 0 -1
		outer loop
			vertex 0.009926245547831059 0.001497021527029574 0
			vertex 0.010585417971014977 0.0002410733577562496 0
			vertex 0.010585417971014977 -0.0002410733577562496 0
		endloop
	endfacet
	facet normal 0 0 -1
		outer loop
			vertex 0.009926245547831059 0.001497021527029574 0
			vertex 0.010470032691955566 0.0007092097657732666 0
			vertex 0.010585417971014977 0.0002410733577562496 0
		endloop
	endfacet
	facet normal 0 0 -1
		outer loop
			vertex 0.009926245547831059 0.001497021527029574 0
			vertex 0.010245967656373978 0.0011361294891685247 0
			vertex 0.010470032691955566 0.0007092097657732666 0
		endloop
	endfacet
	facet normal 0 0 -1
		outer loop
			vertex 0.009926245547831059 0.001497021527029574 0
			vertex 0.009078631177544594 0.0019418835872784257 0
			vertex 0.009529446251690388 0.0017709120875224471 0
		endloop
	endfacet
	facet normal 0 0 -1
		outer loop
			vertex 0.009926245547831059 0.001497021527029574 0
			vertex 0.00860000029206276 0.0020000000949949026 0
			vertex 0.009078631177544594 0.0019418835872784257 0
		endloop
	endfacet
	facet normal 0 0 -1
		outer loop
			vertex 0.009926245547831059 0.001497021527029574 0
			vertex 0.00860000029206276 -0.0020000000949949026 0
			vertex 0.00860000029206276 0.0020000000949949026 0
		endloop
	endfacet
	facet normal 0 0 -1
		outer loop
			vertex 0.006599999964237213 0.006599999964237213 0
			vertex -0.006599999964237213 0.0020000000949949026 0
			vertex -0.006599999964237213 0.006599999964237213 0
		endloop
	endfacet
	facet normal 0 0 -1
		outer loop
			vertex 0.006599999964237213 0.006599999964237213 0
			vertex 0.006599999964237213 0.0020000000949949026 0
			vertex -0.006599999964237213 0.0020000000949949026 0
		endloop
	endfacet
	facet normal 0.12053708162056515 -0.9927088253634081 0
		outer loop
			vertex 0.009078631177544594 -0.0019418835872784257 0.003800000064074993
			vertex 0.00860000029206276 -0.0020000000949949026 0.003800000064074993
			vertex 0.00860000029206276 -0.0020000000949949026 0
		endloop
	endfacet
	facet normal 0.12053708162056515 -0.9927088253634081 0
		outer loop
			vertex 0.009078631177544594 -0.0019418835872784257 0.003800000064074993
			vertex 0.00860000029206276 -0.0020000000949949026 0
			vertex 0.009078631177544594 -0.0019418835872784257 0
		endloop
	endfacet
	facet normal 0.35460469478952616 -0.9350163155973413 0
		outer loop
			vertex 0.009529446251690388 -0.0017709120875224471 0.003800000064074993
			vertex 0.009078631177544594 -0.0019418835872784257 0
			vertex 0.009529446251690388 -0.0017709120875224471 0
		endloop
	endfacet
	facet normal 0.35460469478952616 -0.9350163155973413 0
		outer loop
			vertex 0.009529446251690388 -0.0017709120875224471 0.003800000064074993
			vertex 0.009078631177544594 -0.0019418835872784257 0.003800000064074993
			vertex 0.009078631177544594 -0.0019418835872784257 0
		endloop
	endfacet
	facet normal 0.5680644405804948 -0.8229840772141159 0
		outer loop
			vertex 0.009926245547831059 -0.001497021527029574 0.003800000064074993
			vertex 0.009529446251690388 -0.0017709120875224471 0
			vertex 0.009926245547831059 -0.001497021527029574 0
		endloop
	endfacet
	facet normal 0.5680644405804948 -0.8229840772141159 0
		outer loop
			vertex 0.009926245547831059 -0.001497021527029574 0.003800000064074993
			vertex 0.009529446251690388 -0.0017709120875224471 0.003800000064074993
			vertex 0.009529446251690388 -0.0017709120875224471 0
		endloop
	endfacet
	facet normal 0.7485110958773203 -0.6631222657614002 0
		outer loop
			vertex 0.010245967656373978 -0.0011361294891685247 0.003800000064074993
			vertex 0.009926245547831059 -0.001497021527029574 0
			vertex 0.010245967656373978 -0.0011361294891685247 0
		endloop
	endfacet
	facet normal 0.7485110958773203 -0.6631222657614002 0
		outer loop
			vertex 0.010245967656373978 -0.0011361294891685247 0.003800000064074993
			vertex 0.009926245547831059 -0.001497021527029574 0.003800000064074993
			vertex 0.009926245547831059 -0.001497021527029574 0
		endloop
	endfacet
	facet normal 0.8854557867794622 -0.46472362717938437 0
		outer loop
			vertex 0.010470032691955566 -0.0007092097657732666 0.003800000064074993
			vertex 0.010245967656373978 -0.0011361294891685247 0
			vertex 0.010470032691955566 -0.0007092097657732666 0
		endloop
	endfacet
	facet normal 0.8854557867794622 -0.46472362717938437 0
		outer loop
			vertex 0.010470032691955566 -0.0007092097657732666 0.003800000064074993
			vertex 0.010245967656373978 -0.0011361294891685247 0.003800000064074993
			vertex 0.010245967656373978 -0.0011361294891685247 0
		endloop
	endfacet
	facet normal 0.9709418089421767 -0.23931569870799085 0
		outer loop
			vertex 0.010585417971014977 -0.0002410733577562496 0.003800000064074993
			vertex 0.010470032691955566 -0.0007092097657732666 0
			vertex 0.010585417971014977 -0.0002410733577562496 0
		endloop
	endfacet
	facet normal 0.9709418089421767 -0.23931569870799085 0
		outer loop
			vertex 0.010585417971014977 -0.0002410733577562496 0.003800000064074993
			vertex 0.010470032691955566 -0.0007092097657732666 0.003800000064074993
			vertex 0.010470032691955566 -0.0007092097657732666 0
		endloop
	endfacet
	facet normal 1 0 0
		outer loop
			vertex 0.010585417971014977 0.0002410733577562496 0.003800000064074993
			vertex 0.010585417971014977 -0.0002410733577562496 0
			vertex 0.010585417971014977 0.0002410733577562496 0
		endloop
	endfacet
	facet normal 1 0 0
		outer loop
			vertex 0.010585417971014977 0.0002410733577562496 0.003800000064074993
			vertex 0.010585417971014977 -0.0002410733577562496 0.003800000064074993
			vertex 0.010585417971014977 -0.0002410733577562496 0
		endloop
	endfacet
	facet normal 0.9709418089421767 0.23931569870799085 0
		outer loop
			vertex 0.010470032691955566 0.0007092097657732666 0.003800000064074993
			vertex 0.010585417971014977 0.0002410733577562496 0
			vertex 0.010470032691955566 0.0007092097657732666 0
		endloop
	endfacet
	facet normal 0.9709418089421767 0.23931569870799085 0
		outer loop
			vertex 0.010470032691955566 0.0007092097657732666 0.003800000064074993
			vertex 0.010585417971014977 0.0002410733577562496 0.003800000064074993
			vertex 0.010585417971014977 0.0002410733577562496 0
		endloop
	endfacet
	facet normal 0.8854557867794622 0.46472362717938437 0
		outer loop
			vertex 0.010245967656373978 0.0011361294891685247 0.003800000064074993
			vertex 0.010470032691955566 0.0007092097657732666 0
			vertex 0.010245967656373978 0.0011361294891685247 0
		endloop
	endfacet
	facet normal 0.8854557867794622 0.46472362717938437 0
		outer loop
			vertex 0.010245967656373978 0.0011361294891685247 0.003800000064074993
			vertex 0.010470032691955566 0.0007092097657732666 0.003800000064074993
			vertex 0.010470032691955566 0.0007092097657732666 0
		endloop
	endfacet
	facet normal 0.7485110958773203 0.6631222657614002 0
		outer loop
			vertex 0.009926245547831059 0.001497021527029574 0.003800000064074993
			vertex 0.010245967656373978 0.0011361294891685247 0
			vertex 0.009926245547831059 0.001497021527029574 0
		endloop
	endfacet
	facet normal 0.7485110958773203 0.6631222657614002 0
		outer loop
			vertex 0.009926245547831059 0.001497021527029574 0.003800000064074993
			vertex 0.010245967656373978 0.0011361294891685247 0.003800000064074993
			vertex 0.010245967656373978 0.0011361294891685247 0
		endloop
	endfacet
	facet normal 0.5680644405804948 0.8229840772141159 0
		outer loop
			vertex 0.009529446251690388 0.0017709120875224471 0.003800000064074993
			vertex 0.009926245547831059 0.001497021527029574 0
			vertex 0.009529446251690388 0.0017709120875224471 0
		endloop
	endfacet
	facet normal 0.5680644405804948 0.8229840772141159 0
		outer loop
			vertex 0.009529446251690388 0.0017709120875224471 0.003800000064074993
			vertex 0.009926245547831059 0.001497021527029574 0.003800000064074993
			vertex 0.009926245547831059 0.001497021527029574 0
		endloop
	endfacet
	facet normal 0.35460469478952616 0.9350163155973413 0
		outer loop
			vertex 0.009078631177544594 0.0019418835872784257 0.003800000064074993
			vertex 0.009529446251690388 0.0017709120875224471 0
			vertex 0.009078631177544594 0.0019418835872784257 0
		endloop
	endfacet
	facet normal 0.35460469478952616 0.9350163155973413 0
		outer loop
			vertex 0.009078631177544594 0.0019418835872784257 0.003800000064074993
			vertex 0.009529446251690388 0.0017709120875224471 0.003800000064074993
			vertex 0.009529446251690388 0.0017709120875224471 0
		endloop
	endfacet
	facet normal 0.12053708162056515 0.9927088253634081 0
		outer loop
			vertex 0.00860000029206276 0.0020000000949949026 0.003800000064074993
			vertex 0.009078631177544594 0.0019418835872784257 0
			vertex 0.00860000029206276 0.0020000000949949026 0
		endloop
	endfacet
	facet normal 0.12053708162056515 0.9927088253634081 0
		outer loop
			vertex 0.00860000029206276 0.0020000000949949026 0.003800000064074993
			vertex 0.009078631177544594 0.0019418835872784257 0.003800000064074993
			vertex 0.009078631177544594 0.0019418835872784257 0
		endloop
	endfacet
	facet normal 0 -1 0
		outer loop
			vertex 0.0066037867218256 -0.0020000000949949026 0.003800000064074993
			vertex 0.006599999964237213 -0.0020000000949949026 0.003800000064074993
			vertex 0.006599999964237213 -0.0020000000949949026 0
		endloop
	endfacet
	facet normal 0 -1 0
		outer loop
			vertex 0.0066037867218256 -0.0020000000949949026 0.003800000064074993
			vertex 0.006599999964237213 -0.0020000000949949026 0
			vertex 0.00860000029206276 -0.0020000000949949026 0
		endloop
	endfacet
	facet normal 0 -1 0
		outer loop
			vertex 0.00860000029206276 -0.0020000000949949026 0.003800000064074993
			vertex 0.0066037867218256 -0.0020000000949949026 0.003800000064074993
			vertex 0.00860000029206276 -0.0020000000949949026 0
		endloop
	endfacet
	facet normal 0 0 1
		outer loop
			vertex 0.00860000029206276 -0.0020000000949949026 0.003800000064074993
			vertex 0.006866875570267439 -0.0006752907647751272 0.003800000064074993
			vertex 0.006767821032553911 -0.001344097894616425 0.003800000064074993
		endloop
	endfacet
	facet normal 0 0 1
		outer loop
			vertex 0.00860000029206276 -0.0020000000949949026 0.003800000064074993
			vertex 0.006767821032553911 -0.001344097894616425 0.003800000064074993
			vertex 0.0066037867218256 -0.0020000000949949026 0.003800000064074993
		endloop
	endfacet
	facet normal 0 0 1
		outer loop
			vertex 0.006899999920278788 8.450063030547571e-19 0.003800000064074993
			vertex 0.006866875570267439 -0.0006752907647751272 0.003800000064074993
			vertex 0.00860000029206276 -0.0020000000949949026 0.003800000064074993
		endloop
	endfacet
	facet normal 0 0 1
		outer loop
			vertex 0.009078631177544594 -0.0019418835872784257 0.003800000064074993
			vertex 0.006899999920278788 8.450063030547571e-19 0.003800000064074993
			vertex 0.00860000029206276 -0.0020000000949949026 0.003800000064074993
		endloop
	endfacet
	facet normal 0 0 1
		outer loop
			vertex 0.009529446251690388 -0.0017709120875224471 0.003800000064074993
			vertex 0.006899999920278788 8.450063030547571e-19 0.003800000064074993
			vertex 0.009078631177544594 -0.0019418835872784257 0.003800000064074993
		endloop
	endfacet
	facet normal 0 0 1
		outer loop
			vertex 0.009926245547831059 -0.001497021527029574 0.003800000064074993
			vertex 0.006899999920278788 8.450063030547571e-19 0.003800000064074993
			vertex 0.009529446251690388 -0.0017709120875224471 0.003800000064074993
		endloop
	endfacet
	facet normal 0 0 1
		outer loop
			vertex 0.010245967656373978 -0.0011361294891685247 0.003800000064074993
			vertex 0.006899999920278788 8.450063030547571e-19 0.003800000064074993
			vertex 0.009926245547831059 -0.001497021527029574 0.003800000064074993
		endloop
	endfacet
	facet normal 0 0 1
		outer loop
			vertex 0.010470032691955566 -0.0007092097657732666 0.003800000064074993
			vertex 0.006899999920278788 8.450063030547571e-19 0.003800000064074993
			vertex 0.010245967656373978 -0.0011361294891685247 0.003800000064074993
		endloop
	endfacet
	facet normal 0 0 1
		outer loop
			vertex 0.010585417971014977 -0.0002410733577562496 0.003800000064074993
			vertex 0.006899999920278788 8.450063030547571e-19 0.003800000064074993
			vertex 0.010470032691955566 -0.0007092097657732666 0.003800000064074993
		endloop
	endfacet
	facet normal 0 0 1
		outer loop
			vertex 0.00860000029206276 0.0020000000949949026 0.003800000064074993
			vertex 0.0066037867218256 0.0020000000949949026 0.003800000064074993
			vertex 0.006767821032553911 0.001344097894616425 0.003800000064074993
		endloop
	endfacet
	facet normal 0 0 1
		outer loop
			vertex 0.00860000029206276 0.0020000000949949026 0.003800000064074993
			vertex 0.006767821032553911 0.001344097894616425 0.003800000064074993
			vertex 0.006866875570267439 0.0006752907647751272 0.003800000064074993
		endloop
	endfacet
	facet normal 0 0 1
		outer loop
			vertex 0.00860000029206276 0.0020000000949949026 0.003800000064074993
			vertex 0.006866875570267439 0.0006752907647751272 0.003800000064074993
			vertex 0.006899999920278788 8.450063030547571e-19 0.003800000064074993
		endloop
	endfacet
	facet normal 0 0 1
		outer loop
			vertex 0.010585417971014977 0.0002410733577562496 0.003800000064074993
			vertex 0.006899999920278788 8.450063030547571e-19 0.003800000064074993
			vertex 0.010585417971014977 -0.0002410733577562496 0.003800000064074993
		endloop
	endfacet
	facet normal 0 0 1
		outer loop
			vertex 0.009078631177544594 0.0019418835872784257 0.003800000064074993
			vertex 0.00860000029206276 0.0020000000949949026 0.003800000064074993
			vertex 0.006899999920278788 8.450063030547571e-19 0.003800000064074993
		endloop
	endfacet
	facet normal 0 0 1
		outer loop
			vertex 0.010470032691955566 0.0007092097657732666 0.003800000064074993
			vertex 0.006899999920278788 8.450063030547571e-19 0.003800000064074993
			vertex 0.010585417971014977 0.0002410733577562496 0.003800000064074993
		endloop
	endfacet
	facet normal 0 0 1
		outer loop
			vertex 0.009529446251690388 0.0017709120875224471 0.003800000064074993
			vertex 0.009078631177544594 0.0019418835872784257 0.003800000064074993
			vertex 0.006899999920278788 8.450063030547571e-19 0.003800000064074993
		endloop
	endfacet
	facet normal 0 0 1
		outer loop
			vertex 0.010245967656373978 0.0011361294891685247 0.003800000064074993
			vertex 0.006899999920278788 8.450063030547571e-19 0.003800000064074993
			vertex 0.010470032691955566 0.0007092097657732666 0.003800000064074993
		endloop
	endfacet
	facet normal 0 0 1
		outer loop
			vertex 0.009926245547831059 0.001497021527029574 0.003800000064074993
			vertex 0.009529446251690388 0.0017709120875224471 0.003800000064074993
			vertex 0.006899999920278788 8.450063030547571e-19 0.003800000064074993
		endloop
	endfacet
	facet normal 0 0 1
		outer loop
			vertex 0.009926245547831059 0.001497021527029574 0.003800000064074993
			vertex 0.006899999920278788 8.450063030547571e-19 0.003800000064074993
			vertex 0.010245967656373978 0.0011361294891685247 0.003800000064074993
		endloop
	endfacet
	facet normal -0.12053708162056515 0.9927088253634081 0
		outer loop
			vertex -0.009078631177544594 0.0019418835872784257 0.003800000064074993
			vertex -0.00860000029206276 0.0020000000949949026 0.003800000064074993
			vertex -0.00860000029206276 0.0020000000949949026 0
		endloop
	endfacet
	facet normal -0.12053708162056515 0.9927088253634081 0
		outer loop
			vertex -0.009078631177544594 0.0019418835872784257 0.003800000064074993
			vertex -0.00860000029206276 0.0020000000949949026 0
			vertex -0.009078631177544594 0.0019418835872784257 0
		endloop
	endfacet
	facet normal -0.35460469478952616 0.9350163155973413 0
		outer loop
			vertex -0.009529446251690388 0.0017709120875224471 0.003800000064074993
			vertex -0.009078631177544594 0.0019418835872784257 0
			vertex -0.009529446251690388 0.0017709120875224471 0
		endloop
	endfacet
	facet normal -0.35460469478952616 0.9350163155973413 0
		outer loop
			vertex -0.009529446251690388 0.0017709120875224471 0.003800000064074993
			vertex -0.009078631177544594 0.0019418835872784257 0.003800000064074993
			vertex -0.009078631177544594 0.0019418835872784257 0
		endloop
	endfacet
	facet normal -0.5680644405804948 0.8229840772141159 0
		outer loop
			vertex -0.009926245547831059 0.001497021527029574 0.003800000064074993
			vertex -0.009529446251690388 0.0017709120875224471 0
			vertex -0.009926245547831059 0.001497021527029574 0
		endloop
	endfacet
	facet normal -0.5680644405804948 0.8229840772141159 0
		outer loop
			vertex -0.009926245547831059 0.001497021527029574 0.003800000064074993
			vertex -0.009529446251690388 0.0017709120875224471 0.003800000064074993
			vertex -0.009529446251690388 0.0017709120875224471 0
		endloop
	endfacet
	facet normal -0.7485110958773203 0.6631222657614002 0
		outer loop
			vertex -0.010245967656373978 0.0011361294891685247 0.003800000064074993
			vertex -0.009926245547831059 0.001497021527029574 0
			vertex -0.010245967656373978 0.0011361294891685247 0
		endloop
	endfacet
	facet normal -0.7485110958773203 0.6631222657614002 0
		outer loop
			vertex -0.010245967656373978 0.0011361294891685247 0.003800000064074993
			vertex -0.009926245547831059 0.001497021527029574 0.003800000064074993
			vertex -0.009926245547831059 0.001497021527029574 0
		endloop
	endfacet
	facet normal -0.8854557867794622 0.46472362717938437 0
		outer loop
			vertex -0.010470032691955566 0.0007092097657732666 0.003800000064074993
			vertex -0.010245967656373978 0.0011361294891685247 0
			vertex -0.010470032691955566 0.0007092097657732666 0
		endloop
	endfacet
	facet normal -0.8854557867794622 0.46472362717938437 0
		outer loop
			vertex -0.010470032691955566 0.0007092097657732666 0.003800000064074993
			vertex -0.010245967656373978 0.0011361294891685247 0.003800000064074993
			vertex -0.010245967656373978 0.0011361294891685247 0
		endloop
	endfacet
	facet normal -0.9709418089421767 0.23931569870799085 0
		outer loop
			vertex -0.010585417971014977 0.0002410733577562496 0.003800000064074993
			vertex -0.010470032691955566 0.0007092097657732666 0
			vertex -0.010585417971014977 0.0002410733577562496 0
		endloop
	endfacet
	facet normal -0.9709418089421767 0.23931569870799085 0
		outer loop
			vertex -0.010585417971014977 0.0002410733577562496 0.003800000064074993
			vertex -0.010470032691955566 0.0007092097657732666 0.003800000064074993
			vertex -0.010470032691955566 0.0007092097657732666 0
		endloop
	endfacet
	facet normal -1 0 0
		outer loop
			vertex -0.010585417971014977 -0.0002410733577562496 0.003800000064074993
			vertex -0.010585417971014977 0.0002410733577562496 0
			vertex -0.010585417971014977 -0.0002410733577562496 0
		endloop
	endfacet
	facet normal -1 0 0
		outer loop
			vertex -0.010585417971014977 -0.0002410733577562496 0.003800000064074993
			vertex -0.010585417971014977 0.0002410733577562496 0.003800000064074993
			vertex -0.010585417971014977 0.0002410733577562496 0
		endloop
	endfacet
	facet normal -0.9709418089421767 -0.23931569870799085 0
		outer loop
			vertex -0.010470032691955566 -0.0007092097657732666 0.003800000064074993
			vertex -0.010585417971014977 -0.0002410733577562496 0
			vertex -0.010470032691955566 -0.0007092097657732666 0
		endloop
	endfacet
	facet normal -0.9709418089421767 -0.23931569870799085 0
		outer loop
			vertex -0.010470032691955566 -0.0007092097657732666 0.003800000064074993
			vertex -0.010585417971014977 -0.0002410733577562496 0.003800000064074993
			vertex -0.010585417971014977 -0.0002410733577562496 0
		endloop
	endfacet
	facet normal -0.8854557867794622 -0.46472362717938437 0
		outer loop
			vertex -0.010245967656373978 -0.0011361294891685247 0.003800000064074993
			vertex -0.010470032691955566 -0.0007092097657732666 0
			vertex -0.010245967656373978 -0.0011361294891685247 0
		endloop
	endfacet
	facet normal -0.8854557867794622 -0.46472362717938437 0
		outer loop
			vertex -0.010245967656373978 -0.0011361294891685247 0.003800000064074993
			vertex -0.010470032691955566 -0.0007092097657732666 0.003800000064074993
			vertex -0.010470032691955566 -0.0007092097657732666 0
		endloop
	endfacet
	facet normal -0.7485110958773203 -0.6631222657614002 0
		outer loop
			vertex -0.009926245547831059 -0.001497021527029574 0.003800000064074993
			vertex -0.010245967656373978 -0.0011361294891685247 0
			vertex -0.009926245547831059 -0.001497021527029574 0
		endloop
	endfacet
	facet normal -0.7485110958773203 -0.6631222657614002 0
		outer loop
			vertex -0.009926245547831059 -0.001497021527029574 0.003800000064074993
			vertex -0.010245967656373978 -0.0011361294891685247 0.003800000064074993
			vertex -0.010245967656373978 -0.0011361294891685247 0
		endloop
	endfacet
	facet normal -0.5680644405804948 -0.8229840772141159 0
		outer loop
			vertex -0.009529446251690388 -0.0017709120875224471 0.003800000064074993
			vertex -0.009926245547831059 -0.001497021527029574 0
			vertex -0.009529446251690388 -0.0017709120875224471 0
		endloop
	endfacet
	facet normal -0.5680644405804948 -0.8229840772141159 0
		outer loop
			vertex -0.009529446251690388 -0.0017709120875224471 0.003800000064074993
			vertex -0.009926245547831059 -0.001497021527029574 0.003800000064074993
			vertex -0.009926245547831059 -0.001497021527029574 0
		endloop
	endfacet
	facet normal -0.35460469478952616 -0.9350163155973413 0
		outer loop
			vertex -0.009078631177544594 -0.0019418835872784257 0.003800000064074993
			vertex -0.009529446251690388 -0.0017709120875224471 0
			vertex -0.009078631177544594 -0.0019418835872784257 0
		endloop
	endfacet
	facet normal -0.35460469478952616 -0.9350163155973413 0
		outer loop
			vertex -0.009078631177544594 -0.0019418835872784257 0.003800000064074993
			vertex -0.009529446251690388 -0.0017709120875224471 0.003800000064074993
			vertex -0.009529446251690388 -0.0017709120875224471 0
		endloop
	endfacet
	facet normal -0.12053708162056515 -0.9927088253634081 0
		outer loop
			vertex -0.00860000029206276 -0.0020000000949949026 0.003800000064074993
			vertex -0.009078631177544594 -0.0019418835872784257 0
			vertex -0.00860000029206276 -0.0020000000949949026 0
		endloop
	endfacet
	facet normal -0.12053708162056515 -0.9927088253634081 0
		outer loop
			vertex -0.00860000029206276 -0.0020000000949949026 0.003800000064074993
			vertex -0.009078631177544594 -0.0019418835872784257 0.003800000064074993
			vertex -0.009078631177544594 -0.0019418835872784257 0
		endloop
	endfacet
	facet normal 0 1 0
		outer loop
			vertex -0.0066037867218256 0.0020000000949949026 0.003800000064074993
			vertex -0.006599999964237213 0.0020000000949949026 0.003800000064074993
			vertex -0.006599999964237213 0.0020000000949949026 0
		endloop
	endfacet
	facet normal 0 1 0
		outer loop
			vertex -0.0066037867218256 0.0020000000949949026 0.003800000064074993
			vertex -0.006599999964237213 0.0020000000949949026 0
			vertex -0.00860000029206276 0.0020000000949949026 0
		endloop
	endfacet
	facet normal 0 1 0
		outer loop
			vertex -0.00860000029206276 0.0020000000949949026 0.003800000064074993
			vertex -0.0066037867218256 0.0020000000949949026 0.003800000064074993
			vertex -0.00860000029206276 0.0020000000949949026 0
		endloop
	endfacet
	facet normal 0 0 1
		outer loop
			vertex -0.006792869884520769 -0.001211164752021432 0.003800000064074993
			vertex -0.00860000029206276 -0.0020000000949949026 0.003800000064074993
			vertex -0.0066037867218256 -0.0020000000949949026 0.003800000064074993
		endloop
	endfacet
	facet normal 0 0 1
		outer loop
			vertex -0.006888069212436676 -0.00040559013723395765 0.003800000064074993
			vertex -0.009078631177544594 -0.0019418835872784257 0.003800000064074993
			vertex -0.00860000029206276 -0.0020000000949949026 0.003800000064074993
		endloop
	endfacet
	facet normal 0 0 1
		outer loop
			vertex -0.006888069212436676 -0.00040559013723395765 0.003800000064074993
			vertex -0.009529446251690388 -0.0017709120875224471 0.003800000064074993
			vertex -0.009078631177544594 -0.0019418835872784257 0.003800000064074993
		endloop
	endfacet
	facet normal 0 0 1
		outer loop
			vertex -0.006888069212436676 -0.00040559013723395765 0.003800000064074993
			vertex -0.009926245547831059 -0.001497021527029574 0.003800000064074993
			vertex -0.009529446251690388 -0.0017709120875224471 0.003800000064074993
		endloop
	endfacet
	facet normal 0 0 1
		outer loop
			vertex -0.006888069212436676 -0.00040559013723395765 0.003800000064074993
			vertex -0.010245967656373978 -0.0011361294891685247 0.003800000064074993
			vertex -0.009926245547831059 -0.001497021527029574 0.003800000064074993
		endloop
	endfacet
	facet normal 0 0 1
		outer loop
			vertex -0.006888069212436676 -0.00040559013723395765 0.003800000064074993
			vertex -0.010470032691955566 -0.0007092097657732666 0.003800000064074993
			vertex -0.010245967656373978 -0.0011361294891685247 0.003800000064074993
		endloop
	endfacet
	facet normal 0 0 1
		outer loop
			vertex -0.006888069212436676 -0.00040559013723395765 0.003800000064074993
			vertex -0.010585417971014977 -0.0002410733577562496 0.003800000064074993
			vertex -0.010470032691955566 -0.0007092097657732666 0.003800000064074993
		endloop
	endfacet
	facet normal 0 0 1
		outer loop
			vertex -0.006888069212436676 -0.00040559013723395765 0.003800000064074993
			vertex -0.00860000029206276 -0.0020000000949949026 0.003800000064074993
			vertex -0.006792869884520769 -0.001211164752021432 0.003800000064074993
		endloop
	endfacet
	facet normal 0 0 1
		outer loop
			vertex -0.006888069212436676 0.00040559013723395765 0.003800000064074993
			vertex -0.010585417971014977 0.0002410733577562496 0.003800000064074993
			vertex -0.010585417971014977 -0.0002410733577562496 0.003800000064074993
		endloop
	endfacet
	facet normal 0 0 1
		outer loop
			vertex -0.006888069212436676 0.00040559013723395765 0.003800000064074993
			vertex -0.010470032691955566 0.0007092097657732666 0.003800000064074993
			vertex -0.010585417971014977 0.0002410733577562496 0.003800000064074993
		endloop
	endfacet
	facet normal 0 0 1
		outer loop
			vertex -0.006888069212436676 0.00040559013723395765 0.003800000064074993
			vertex -0.010245967656373978 0.0011361294891685247 0.003800000064074993
			vertex -0.010470032691955566 0.0007092097657732666 0.003800000064074993
		endloop
	endfacet
	facet normal 0 0 1
		outer loop
			vertex -0.006888069212436676 0.00040559013723395765 0.003800000064074993
			vertex -0.009926245547831059 0.001497021527029574 0.003800000064074993
			vertex -0.010245967656373978 0.0011361294891685247 0.003800000064074993
		endloop
	endfacet
	facet normal 0 0 1
		outer loop
			vertex -0.006888069212436676 0.00040559013723395765 0.003800000064074993
			vertex -0.009529446251690388 0.0017709120875224471 0.003800000064074993
			vertex -0.009926245547831059 0.001497021527029574 0.003800000064074993
		endloop
	endfacet
	facet normal 0 0 1
		outer loop
			vertex -0.006888069212436676 0.00040559013723395765 0.003800000064074993
			vertex -0.009078631177544594 0.0019418835872784257 0.003800000064074993
			vertex -0.009529446251690388 0.0017709120875224471 0.003800000064074993
		endloop
	endfacet
	facet normal 0 0 1
		outer loop
			vertex -0.006888069212436676 0.00040559013723395765 0.003800000064074993
			vertex -0.00860000029206276 0.0020000000949949026 0.003800000064074993
			vertex -0.009078631177544594 0.0019418835872784257 0.003800000064074993
		endloop
	endfacet
	facet normal 0 0 1
		outer loop
			vertex -0.006888069212436676 0.00040559013723395765 0.003800000064074993
			vertex -0.010585417971014977 -0.0002410733577562496 0.003800000064074993
			vertex -0.006888069212436676 -0.00040559013723395765 0.003800000064074993
		endloop
	endfacet
	facet normal 0 0 1
		outer loop
			vertex -0.006792869884520769 0.001211164752021432 0.003800000064074993
			vertex -0.00860000029206276 0.0020000000949949026 0.003800000064074993
			vertex -0.006888069212436676 0.00040559013723395765 0.003800000064074993
		endloop
	endfacet
	facet normal 0 0 1
		outer loop
			vertex -0.0066037867218256 0.0020000000949949026 0.003800000064074993
			vertex -0.00860000029206276 0.0020000000949949026 0.003800000064074993
			vertex -0.006792869884520769 0.001211164752021432 0.003800000064074993
		endloop
	endfacet
	facet normal -0.9970657923309859 0.07654936814489943 8.59337802483953e-18
		outer loop
			vertex 0.005435542203485966 -0.000839571061078459 0.0013000000035390258
			vertex 0.005499999970197678 -6.735557503102785e-19 0.013299999758601189
			vertex 0.005499999970197678 6.735557503102785e-19 0.0013000000035390258
		endloop
	endfacet
	facet normal -0.997065792330986 0.07654936814489956 0
		outer loop
			vertex 0.005435542203485966 -0.000839571061078459 0.0013000000035390258
			vertex 0.005435542203485966 -0.000839571061078459 0.013299999758601189
			vertex 0.005499999970197678 -6.735557503102785e-19 0.013299999758601189
		endloop
	endfacet
	facet normal -0.9736954085848275 0.22785357425510375 0
		outer loop
			vertex 0.005243679974228144 -0.001659463276155293 0.0013000000035390258
			vertex 0.005243679974228144 -0.001659463276155293 0.013299999758601189
			vertex 0.005435542203485966 -0.000839571061078459 0.013299999758601189
		endloop
	endfacet
	facet normal -0.9736954085848275 0.22785357425510375 0
		outer loop
			vertex 0.005243679974228144 -0.001659463276155293 0.0013000000035390258
			vertex 0.005435542203485966 -0.000839571061078459 0.013299999758601189
			vertex 0.005435542203485966 -0.000839571061078459 0.0013000000035390258
		endloop
	endfacet
	facet normal -0.9275025577677426 0.37381680718541205 0
		outer loop
			vertex 0.00492891063913703 -0.002440459094941616 0.0013000000035390258
			vertex 0.00492891063913703 -0.002440459094941616 0.013299999758601189
			vertex 0.005243679974228144 -0.001659463276155293 0.013299999758601189
		endloop
	endfacet
	facet normal -0.9275025577677426 0.37381680718541205 0
		outer loop
			vertex 0.00492891063913703 -0.002440459094941616 0.0013000000035390258
			vertex 0.005243679974228144 -0.001659463276155293 0.013299999758601189
			vertex 0.005243679974228144 -0.001659463276155293 0.0013000000035390258
		endloop
	endfacet
	facet normal -0.8595696997044755 0.5110185234900569 0
		outer loop
			vertex 0.00449861166998744 -0.003164252731949091 0.0013000000035390258
			vertex 0.00492891063913703 -0.002440459094941616 0.013299999758601189
			vertex 0.00492891063913703 -0.002440459094941616 0.0013000000035390258
		endloop
	endfacet
	facet normal -0.8595696997044755 0.5110185234900569 0
		outer loop
			vertex 0.00449861166998744 -0.003164252731949091 0.0013000000035390258
			vertex 0.00449861166998744 -0.003164252731949091 0.013299999758601189
			vertex 0.00492891063913703 -0.002440459094941616 0.013299999758601189
		endloop
	endfacet
	facet normal -0.7714891115838349 0.6362425250701066 0
		outer loop
			vertex 0.003962868824601173 -0.0038138788659125566 0.0013000000035390258
			vertex 0.00449861166998744 -0.003164252731949091 0.013299999758601189
			vertex 0.00449861166998744 -0.003164252731949091 0.0013000000035390258
		endloop
	endfacet
	facet normal -0.7714891115838349 0.6362425250701066 0
		outer loop
			vertex 0.003962868824601173 -0.0038138788659125566 0.0013000000035390258
			vertex 0.003962868824601173 -0.0038138788659125566 0.013299999758601189
			vertex 0.00449861166998744 -0.003164252731949091 0.013299999758601189
		endloop
	endfacet
	facet normal -0.6653255050684926 0.7465533954817667 0
		outer loop
			vertex 0.003334239823743701 -0.004374110605567694 0.0013000000035390258
			vertex 0.003962868824601173 -0.0038138788659125566 0.013299999758601189
			vertex 0.003962868824601173 -0.0038138788659125566 0.0013000000035390258
		endloop
	endfacet
	facet normal -0.6653255050684926 0.7465533954817667 0
		outer loop
			vertex 0.003334239823743701 -0.004374110605567694 0.0013000000035390258
			vertex 0.003334239823743701 -0.004374110605567694 0.013299999758601189
			vertex 0.003962868824601173 -0.0038138788659125566 0.013299999758601189
		endloop
	endfacet
	facet normal -0.5435676831038039 0.8393653399355747 0
		outer loop
			vertex 0.0026274588890373707 -0.004831817466765642 0.0013000000035390258
			vertex 0.003334239823743701 -0.004374110605567694 0.013299999758601189
			vertex 0.003334239823743701 -0.004374110605567694 0.0013000000035390258
		endloop
	endfacet
	facet normal -0.5435676831038039 0.8393653399355747 0
		outer loop
			vertex 0.0026274588890373707 -0.004831817466765642 0.0013000000035390258
			vertex 0.0026274588890373707 -0.004831817466765642 0.013299999758601189
			vertex 0.003334239823743701 -0.004374110605567694 0.013299999758601189
		endloop
	endfacet
	facet normal -0.40906872605052835 0.9125035766326606 0
		outer loop
			vertex 0.00185909285210073 -0.005176270380616188 0.0013000000035390258
			vertex 0.0026274588890373707 -0.004831817466765642 0.013299999758601189
			vertex 0.0026274588890373707 -0.004831817466765642 0.0013000000035390258
		endloop
	endfacet
	facet normal -0.40906872605052835 0.9125035766326606 0
		outer loop
			vertex 0.00185909285210073 -0.005176270380616188 0.0013000000035390258
			vertex 0.00185909285210073 -0.005176270380616188 0.013299999758601189
			vertex 0.0026274588890373707 -0.004831817466765642 0.013299999758601189
		endloop
	endfacet
	facet normal -0.26498129742030474 0.9642535517266464 0
		outer loop
			vertex 0.0010471510468050838 -0.00539939571171999 0.0013000000035390258
			vertex 0.00185909285210073 -0.005176270380616188 0.013299999758601189
			vertex 0.00185909285210073 -0.005176270380616188 0.0013000000035390258
		endloop
	endfacet
	facet normal -0.26498129742030474 0.9642535517266464 0
		outer loop
			vertex 0.0010471510468050838 -0.00539939571171999 0.0013000000035390258
			vertex 0.0010471510468050838 -0.00539939571171999 0.013299999758601189
			vertex 0.00185909285210073 -0.005176270380616188 0.013299999758601189
		endloop
	endfacet
	facet normal -0.1146835924101209 0.9934020704789724 0
		outer loop
			vertex 0.00021066503541078418 -0.0054959640838205814 0.0013000000035390258
			vertex 0.0010471510468050838 -0.00539939571171999 0.013299999758601189
			vertex 0.0010471510468050838 -0.00539939571171999 0.0013000000035390258
		endloop
	endfacet
	facet normal -0.1146835924101209 0.9934020704789724 0
		outer loop
			vertex 0.00021066503541078418 -0.0054959640838205814 0.0013000000035390258
			vertex 0.00021066503541078418 -0.0054959640838205814 0.013299999758601189
			vertex 0.0010471510468050838 -0.00539939571171999 0.013299999758601189
		endloop
	endfacet
	facet normal 0.03830288875428894 0.9992661751070515 0
		outer loop
			vertex -0.0006307588191702962 -0.005463711451739073 0.0013000000035390258
			vertex 0.00021066503541078418 -0.0054959640838205814 0.013299999758601189
			vertex 0.00021066503541078418 -0.0054959640838205814 0.0013000000035390258
		endloop
	endfacet
	facet normal 0.03830288875428894 0.9992661751070515 0
		outer loop
			vertex -0.0006307588191702962 -0.005463711451739073 0.0013000000035390258
			vertex -0.0006307588191702962 -0.005463711451739073 0.013299999758601189
			vertex 0.00021066503541078418 -0.0054959640838205814 0.013299999758601189
		endloop
	endfacet
	facet normal 0.19039125100481075 0.9817082924885697 0
		outer loop
			vertex -0.0014573982916772366 -0.005303394049406052 0.0013000000035390258
			vertex -0.0006307588191702962 -0.005463711451739073 0.013299999758601189
			vertex -0.0006307588191702962 -0.005463711451739073 0.0013000000035390258
		endloop
	endfacet
	facet normal 0.19039125100481075 0.9817082924885697 0
		outer loop
			vertex -0.0014573982916772366 -0.005303394049406052 0.0013000000035390258
			vertex -0.0014573982916772366 -0.005303394049406052 0.013299999758601189
			vertex -0.0006307588191702962 -0.005463711451739073 0.013299999758601189
		endloop
	endfacet
	facet normal 0.33801686523198665 0.9411400527119974 0
		outer loop
			vertex -0.0022498774342238903 -0.005018769763410091 0.0013000000035390258
			vertex -0.0014573982916772366 -0.005303394049406052 0.013299999758601189
			vertex -0.0014573982916772366 -0.005303394049406052 0.0013000000035390258
		endloop
	endfacet
	facet normal 0.33801686523198665 0.9411400527119974 0
		outer loop
			vertex -0.0022498774342238903 -0.005018769763410091 0.0013000000035390258
			vertex -0.0022498774342238903 -0.005018769763410091 0.013299999758601189
			vertex -0.0014573982916772366 -0.005303394049406052 0.013299999758601189
		endloop
	endfacet
	facet normal 0.4777198002946119 0.8785122608173868 0
		outer loop
			vertex -0.002989621600136161 -0.004616509657353163 0.0013000000035390258
			vertex -0.0022498774342238903 -0.005018769763410091 0.013299999758601189
			vertex -0.0022498774342238903 -0.005018769763410091 0.0013000000035390258
		endloop
	endfacet
	facet normal 0.4777198002946119 0.8785122608173868 0
		outer loop
			vertex -0.002989621600136161 -0.004616509657353163 0.0013000000035390258
			vertex -0.002989621600136161 -0.004616509657353163 0.013299999758601189
			vertex -0.0022498774342238903 -0.005018769763410091 0.013299999758601189
		endloop
	endfacet
	facet normal 0.6062251301120116 0.7952930853595261 0
		outer loop
			vertex -0.003659291425719857 -0.00410604290664196 0.0013000000035390258
			vertex -0.002989621600136161 -0.004616509657353163 0.013299999758601189
			vertex -0.002989621600136161 -0.004616509657353163 0.0013000000035390258
		endloop
	endfacet
	facet normal 0.6062251301120116 0.7952930853595261 0
		outer loop
			vertex -0.003659291425719857 -0.00410604290664196 0.0013000000035390258
			vertex -0.003659291425719857 -0.00410604290664196 0.013299999758601189
			vertex -0.002989621600136161 -0.004616509657353163 0.013299999758601189
		endloop
	endfacet
	facet normal 0.7205217515462138 0.6934323366766048 0
		outer loop
			vertex -0.00424319040030241 -0.0034993335139006376 0.0013000000035390258
			vertex -0.003659291425719857 -0.00410604290664196 0.013299999758601189
			vertex -0.003659291425719857 -0.00410604290664196 0.0013000000035390258
		endloop
	endfacet
	facet normal 0.7205217515462138 0.6934323366766048 0
		outer loop
			vertex -0.00424319040030241 -0.0034993335139006376 0.0013000000035390258
			vertex -0.00424319040030241 -0.0034993335139006376 0.013299999758601189
			vertex -0.003659291425719857 -0.00410604290664196 0.013299999758601189
		endloop
	endfacet
	facet normal 0.8179293839374063 0.5753186272768988 0
		outer loop
			vertex -0.004727632738649845 -0.0028106027748435736 0.0013000000035390258
			vertex -0.00424319040030241 -0.0034993335139006376 0.013299999758601189
			vertex -0.00424319040030241 -0.0034993335139006376 0.0013000000035390258
		endloop
	endfacet
	facet normal 0.8179293839374063 0.5753186272768988 0
		outer loop
			vertex -0.004727632738649845 -0.0028106027748435736 0.0013000000035390258
			vertex -0.004727632738649845 -0.0028106027748435736 0.013299999758601189
			vertex -0.00424319040030241 -0.0034993335139006376 0.013299999758601189
		endloop
	endfacet
	facet normal 0.8961654738214752 0.4437200057810453 0
		outer loop
			vertex -0.005101263523101807 -0.002055994002148509 0.0013000000035390258
			vertex -0.005101263523101807 -0.002055994002148509 0.013299999758601189
			vertex -0.004727632738649845 -0.0028106027748435736 0.013299999758601189
		endloop
	endfacet
	facet normal 0.8961654738214752 0.4437200057810453 0
		outer loop
			vertex -0.005101263523101807 -0.002055994002148509 0.0013000000035390258
			vertex -0.004727632738649845 -0.0028106027748435736 0.013299999758601189
			vertex -0.004727632738649845 -0.0028106027748435736 0.0013000000035390258
		endloop
	endfacet
	facet normal 0.9533963399887643 0.30172076311720547 0
		outer loop
			vertex -0.005355325061827898 -0.001253194292075932 0.0013000000035390258
			vertex -0.005355325061827898 -0.001253194292075932 0.013299999758601189
			vertex -0.005101263523101807 -0.002055994002148509 0.013299999758601189
		endloop
	endfacet
	facet normal 0.9533963399887643 0.30172076311720547 0
		outer loop
			vertex -0.005355325061827898 -0.001253194292075932 0.0013000000035390258
			vertex -0.005101263523101807 -0.002055994002148509 0.013299999758601189
			vertex -0.005101263523101807 -0.002055994002148509 0.0013000000035390258
		endloop
	endfacet
	facet normal 0.9882804455915439 0.15264914300899132 0
		outer loop
			vertex -0.005483862012624741 -0.0004210209008306265 0.0013000000035390258
			vertex -0.005483862012624741 -0.0004210209008306265 0.013299999758601189
			vertex -0.005355325061827898 -0.001253194292075932 0.013299999758601189
		endloop
	endfacet
	facet normal 0.9882804455915439 0.15264914300899132 0
		outer loop
			vertex -0.005483862012624741 -0.0004210209008306265 0.0013000000035390258
			vertex -0.005355325061827898 -0.001253194292075932 0.013299999758601189
			vertex -0.005355325061827898 -0.001253194292075932 0.0013000000035390258
		endloop
	endfacet
	facet normal 1 0 0
		outer loop
			vertex -0.005483862012624741 0.0004210209008306265 0.0013000000035390258
			vertex -0.005483862012624741 0.0004210209008306265 0.013299999758601189
			vertex -0.005483862012624741 -0.0004210209008306265 0.013299999758601189
		endloop
	endfacet
	facet normal 1 0 0
		outer loop
			vertex -0.005483862012624741 0.0004210209008306265 0.0013000000035390258
			vertex -0.005483862012624741 -0.0004210209008306265 0.013299999758601189
			vertex -0.005483862012624741 -0.0004210209008306265 0.0013000000035390258
		endloop
	endfacet
	facet normal 0.9882804455915439 -0.15264914300899132 0
		outer loop
			vertex -0.005355325061827898 0.001253194292075932 0.0013000000035390258
			vertex -0.005355325061827898 0.001253194292075932 0.013299999758601189
			vertex -0.005483862012624741 0.0004210209008306265 0.013299999758601189
		endloop
	endfacet
	facet normal 0.9882804455915439 -0.15264914300899132 0
		outer loop
			vertex -0.005355325061827898 0.001253194292075932 0.0013000000035390258
			vertex -0.005483862012624741 0.0004210209008306265 0.013299999758601189
			vertex -0.005483862012624741 0.0004210209008306265 0.0013000000035390258
		endloop
	endfacet
	facet normal 0.9533963399887643 -0.30172076311720547 0
		outer loop
			vertex -0.005101263523101807 0.002055994002148509 0.0013000000035390258
			vertex -0.005101263523101807 0.002055994002148509 0.013299999758601189
			vertex -0.005355325061827898 0.001253194292075932 0.013299999758601189
		endloop
	endfacet
	facet normal 0.9533963399887643 -0.30172076311720547 0
		outer loop
			vertex -0.005101263523101807 0.002055994002148509 0.0013000000035390258
			vertex -0.005355325061827898 0.001253194292075932 0.013299999758601189
			vertex -0.005355325061827898 0.001253194292075932 0.0013000000035390258
		endloop
	endfacet
	facet normal 0.8961654738214752 -0.4437200057810453 0
		outer loop
			vertex -0.004727632738649845 0.0028106027748435736 0.0013000000035390258
			vertex -0.004727632738649845 0.0028106027748435736 0.013299999758601189
			vertex -0.005101263523101807 0.002055994002148509 0.013299999758601189
		endloop
	endfacet
	facet normal 0.8961654738214752 -0.4437200057810453 0
		outer loop
			vertex -0.004727632738649845 0.0028106027748435736 0.0013000000035390258
			vertex -0.005101263523101807 0.002055994002148509 0.013299999758601189
			vertex -0.005101263523101807 0.002055994002148509 0.0013000000035390258
		endloop
	endfacet
	facet normal 0.8179293839374063 -0.5753186272768988 0
		outer loop
			vertex -0.00424319040030241 0.0034993335139006376 0.0013000000035390258
			vertex -0.00424319040030241 0.0034993335139006376 0.013299999758601189
			vertex -0.004727632738649845 0.0028106027748435736 0.013299999758601189
		endloop
	endfacet
	facet normal 0.8179293839374063 -0.5753186272768988 0
		outer loop
			vertex -0.00424319040030241 0.0034993335139006376 0.0013000000035390258
			vertex -0.004727632738649845 0.0028106027748435736 0.013299999758601189
			vertex -0.004727632738649845 0.0028106027748435736 0.0013000000035390258
		endloop
	endfacet
	facet normal 0.7205217515462138 -0.6934323366766048 0
		outer loop
			vertex -0.003659291425719857 0.00410604290664196 0.0013000000035390258
			vertex -0.003659291425719857 0.00410604290664196 0.013299999758601189
			vertex -0.00424319040030241 0.0034993335139006376 0.013299999758601189
		endloop
	endfacet
	facet normal 0.7205217515462138 -0.6934323366766048 0
		outer loop
			vertex -0.003659291425719857 0.00410604290664196 0.0013000000035390258
			vertex -0.00424319040030241 0.0034993335139006376 0.013299999758601189
			vertex -0.00424319040030241 0.0034993335139006376 0.0013000000035390258
		endloop
	endfacet
	facet normal 0.6062251301120116 -0.7952930853595261 0
		outer loop
			vertex -0.002989621600136161 0.004616509657353163 0.0013000000035390258
			vertex -0.002989621600136161 0.004616509657353163 0.013299999758601189
			vertex -0.003659291425719857 0.00410604290664196 0.013299999758601189
		endloop
	endfacet
	facet normal 0.6062251301120116 -0.7952930853595261 0
		outer loop
			vertex -0.002989621600136161 0.004616509657353163 0.0013000000035390258
			vertex -0.003659291425719857 0.00410604290664196 0.013299999758601189
			vertex -0.003659291425719857 0.00410604290664196 0.0013000000035390258
		endloop
	endfacet
	facet normal 0.4777198002946119 -0.8785122608173868 0
		outer loop
			vertex -0.0022498774342238903 0.005018769763410091 0.0013000000035390258
			vertex -0.0022498774342238903 0.005018769763410091 0.013299999758601189
			vertex -0.002989621600136161 0.004616509657353163 0.013299999758601189
		endloop
	endfacet
	facet normal 0.4777198002946119 -0.8785122608173868 0
		outer loop
			vertex -0.0022498774342238903 0.005018769763410091 0.0013000000035390258
			vertex -0.002989621600136161 0.004616509657353163 0.013299999758601189
			vertex -0.002989621600136161 0.004616509657353163 0.0013000000035390258
		endloop
	endfacet
	facet normal 0.33801686523198665 -0.9411400527119974 0
		outer loop
			vertex -0.0014573982916772366 0.005303394049406052 0.0013000000035390258
			vertex -0.0022498774342238903 0.005018769763410091 0.013299999758601189
			vertex -0.0022498774342238903 0.005018769763410091 0.0013000000035390258
		endloop
	endfacet
	facet normal 0.33801686523198665 -0.9411400527119974 0
		outer loop
			vertex -0.0014573982916772366 0.005303394049406052 0.0013000000035390258
			vertex -0.0014573982916772366 0.005303394049406052 0.013299999758601189
			vertex -0.0022498774342238903 0.005018769763410091 0.013299999758601189
		endloop
	endfacet
	facet normal 0.19039125100481075 -0.9817082924885697 0
		outer loop
			vertex -0.0006307588191702962 0.005463711451739073 0.0013000000035390258
			vertex -0.0014573982916772366 0.005303394049406052 0.013299999758601189
			vertex -0.0014573982916772366 0.005303394049406052 0.0013000000035390258
		endloop
	endfacet
	facet normal 0.19039125100481075 -0.9817082924885697 0
		outer loop
			vertex -0.0006307588191702962 0.005463711451739073 0.0013000000035390258
			vertex -0.0006307588191702962 0.005463711451739073 0.013299999758601189
			vertex -0.0014573982916772366 0.005303394049406052 0.013299999758601189
		endloop
	endfacet
	facet normal 0.03830288875428894 -0.9992661751070515 0
		outer loop
			vertex 0.00021066503541078418 0.0054959640838205814 0.0013000000035390258
			vertex -0.0006307588191702962 0.005463711451739073 0.013299999758601189
			vertex -0.0006307588191702962 0.005463711451739073 0.0013000000035390258
		endloop
	endfacet
	facet normal 0.03830288875428894 -0.9992661751070515 0
		outer loop
			vertex 0.00021066503541078418 0.0054959640838205814 0.0013000000035390258
			vertex 0.00021066503541078418 0.0054959640838205814 0.013299999758601189
			vertex -0.0006307588191702962 0.005463711451739073 0.013299999758601189
		endloop
	endfacet
	facet normal -0.1146835924101209 -0.9934020704789724 0
		outer loop
			vertex 0.0010471510468050838 0.00539939571171999 0.0013000000035390258
			vertex 0.00021066503541078418 0.0054959640838205814 0.013299999758601189
			vertex 0.00021066503541078418 0.0054959640838205814 0.0013000000035390258
		endloop
	endfacet
	facet normal -0.1146835924101209 -0.9934020704789724 0
		outer loop
			vertex 0.0010471510468050838 0.00539939571171999 0.0013000000035390258
			vertex 0.0010471510468050838 0.00539939571171999 0.013299999758601189
			vertex 0.00021066503541078418 0.0054959640838205814 0.013299999758601189
		endloop
	endfacet
	facet normal -0.26498129742030474 -0.9642535517266464 0
		outer loop
			vertex 0.00185909285210073 0.005176270380616188 0.0013000000035390258
			vertex 0.0010471510468050838 0.00539939571171999 0.013299999758601189
			vertex 0.0010471510468050838 0.00539939571171999 0.0013000000035390258
		endloop
	endfacet
	facet normal -0.26498129742030474 -0.9642535517266464 0
		outer loop
			vertex 0.00185909285210073 0.005176270380616188 0.0013000000035390258
			vertex 0.00185909285210073 0.005176270380616188 0.013299999758601189
			vertex 0.0010471510468050838 0.00539939571171999 0.013299999758601189
		endloop
	endfacet
	facet normal -0.40906872605052835 -0.9125035766326606 0
		outer loop
			vertex 0.0026274588890373707 0.004831817466765642 0.0013000000035390258
			vertex 0.00185909285210073 0.005176270380616188 0.013299999758601189
			vertex 0.00185909285210073 0.005176270380616188 0.0013000000035390258
		endloop
	endfacet
	facet normal -0.40906872605052835 -0.9125035766326606 0
		outer loop
			vertex 0.0026274588890373707 0.004831817466765642 0.0013000000035390258
			vertex 0.0026274588890373707 0.004831817466765642 0.013299999758601189
			vertex 0.00185909285210073 0.005176270380616188 0.013299999758601189
		endloop
	endfacet
	facet normal -0.5435676831038039 -0.8393653399355747 0
		outer loop
			vertex 0.003334239823743701 0.004374110605567694 0.0013000000035390258
			vertex 0.0026274588890373707 0.004831817466765642 0.013299999758601189
			vertex 0.0026274588890373707 0.004831817466765642 0.0013000000035390258
		endloop
	endfacet
	facet normal -0.5435676831038039 -0.8393653399355747 0
		outer loop
			vertex 0.003334239823743701 0.004374110605567694 0.0013000000035390258
			vertex 0.003334239823743701 0.004374110605567694 0.013299999758601189
			vertex 0.0026274588890373707 0.004831817466765642 0.013299999758601189
		endloop
	endfacet
	facet normal -0.6653255050684926 -0.7465533954817667 0
		outer loop
			vertex 0.003962868824601173 0.0038138788659125566 0.0013000000035390258
			vertex 0.003334239823743701 0.004374110605567694 0.013299999758601189
			vertex 0.003334239823743701 0.004374110605567694 0.0013000000035390258
		endloop
	endfacet
	facet normal -0.6653255050684926 -0.7465533954817667 0
		outer loop
			vertex 0.003962868824601173 0.0038138788659125566 0.0013000000035390258
			vertex 0.003962868824601173 0.0038138788659125566 0.013299999758601189
			vertex 0.003334239823743701 0.004374110605567694 0.013299999758601189
		endloop
	endfacet
	facet normal -0.7714891115838349 -0.6362425250701066 0
		outer loop
			vertex 0.00449861166998744 0.003164252731949091 0.0013000000035390258
			vertex 0.003962868824601173 0.0038138788659125566 0.013299999758601189
			vertex 0.003962868824601173 0.0038138788659125566 0.0013000000035390258
		endloop
	endfacet
	facet normal -0.7714891115838349 -0.6362425250701066 0
		outer loop
			vertex 0.00449861166998744 0.003164252731949091 0.0013000000035390258
			vertex 0.00449861166998744 0.003164252731949091 0.013299999758601189
			vertex 0.003962868824601173 0.0038138788659125566 0.013299999758601189
		endloop
	endfacet
	facet normal -0.8595696997044755 -0.5110185234900569 0
		outer loop
			vertex 0.00492891063913703 0.002440459094941616 0.0013000000035390258
			vertex 0.00449861166998744 0.003164252731949091 0.013299999758601189
			vertex 0.00449861166998744 0.003164252731949091 0.0013000000035390258
		endloop
	endfacet
	facet normal -0.8595696997044755 -0.5110185234900569 0
		outer loop
			vertex 0.00492891063913703 0.002440459094941616 0.0013000000035390258
			vertex 0.00492891063913703 0.002440459094941616 0.013299999758601189
			vertex 0.00449861166998744 0.003164252731949091 0.013299999758601189
		endloop
	endfacet
	facet normal -0.9275025577677426 -0.37381680718541205 0
		outer loop
			vertex 0.005243679974228144 0.001659463276155293 0.0013000000035390258
			vertex 0.00492891063913703 0.002440459094941616 0.013299999758601189
			vertex 0.00492891063913703 0.002440459094941616 0.0013000000035390258
		endloop
	endfacet
	facet normal -0.9275025577677426 -0.37381680718541205 0
		outer loop
			vertex 0.005243679974228144 0.001659463276155293 0.0013000000035390258
			vertex 0.005243679974228144 0.001659463276155293 0.013299999758601189
			vertex 0.00492891063913703 0.002440459094941616 0.013299999758601189
		endloop
	endfacet
	facet normal -0.9736954085848275 -0.22785357425510375 0
		outer loop
			vertex 0.005435542203485966 0.000839571061078459 0.0013000000035390258
			vertex 0.005243679974228144 0.001659463276155293 0.013299999758601189
			vertex 0.005243679974228144 0.001659463276155293 0.0013000000035390258
		endloop
	endfacet
	facet normal -0.9736954085848275 -0.22785357425510375 0
		outer loop
			vertex 0.005435542203485966 0.000839571061078459 0.0013000000035390258
			vertex 0.005435542203485966 0.000839571061078459 0.013299999758601189
			vertex 0.005243679974228144 0.001659463276155293 0.013299999758601189
		endloop
	endfacet
	facet normal -0.997065792330986 -0.07654936814489956 0
		outer loop
			vertex 0.005499999970197678 6.735557503102785e-19 0.0013000000035390258
			vertex 0.005435542203485966 0.000839571061078459 0.013299999758601189
			vertex 0.005435542203485966 0.000839571061078459 0.0013000000035390258
		endloop
	endfacet
	facet normal -0.9970657923309859 -0.07654936814489943 -8.59337802483953e-18
		outer loop
			vertex 0.005499999970197678 6.735557503102785e-19 0.0013000000035390258
			vertex 0.005499999970197678 -6.735557503102785e-19 0.013299999758601189
			vertex 0.005435542203485966 0.000839571061078459 0.013299999758601189
		endloop
	endfacet
	facet normal 0 0 1
		outer loop
			vertex -0.003659291425719857 -0.00410604290664196 0.0013000000035390258
			vertex 0.005435542203485966 -0.000839571061078459 0.0013000000035390258
			vertex 0.005499999970197678 6.735557503102785e-19 0.0013000000035390258
		endloop
	endfacet
	facet normal 0 0 1
		outer loop
			vertex -0.003659291425719857 -0.00410604290664196 0.0013000000035390258
			vertex 0.005243679974228144 -0.001659463276155293 0.0013000000035390258
			vertex 0.005435542203485966 -0.000839571061078459 0.0013000000035390258
		endloop
	endfacet
	facet normal 0 0 1
		outer loop
			vertex -0.003659291425719857 -0.00410604290664196 0.0013000000035390258
			vertex 0.00492891063913703 -0.002440459094941616 0.0013000000035390258
			vertex 0.005243679974228144 -0.001659463276155293 0.0013000000035390258
		endloop
	endfacet
	facet normal 0 0 1
		outer loop
			vertex -0.003659291425719857 -0.00410604290664196 0.0013000000035390258
			vertex 0.00449861166998744 -0.003164252731949091 0.0013000000035390258
			vertex 0.00492891063913703 -0.002440459094941616 0.0013000000035390258
		endloop
	endfacet
	facet normal 0 0 1
		outer loop
			vertex -0.003659291425719857 -0.00410604290664196 0.0013000000035390258
			vertex 0.003962868824601173 -0.0038138788659125566 0.0013000000035390258
			vertex 0.00449861166998744 -0.003164252731949091 0.0013000000035390258
		endloop
	endfacet
	facet normal 0 0 1
		outer loop
			vertex -0.003659291425719857 -0.00410604290664196 0.0013000000035390258
			vertex 0.003334239823743701 -0.004374110605567694 0.0013000000035390258
			vertex 0.003962868824601173 -0.0038138788659125566 0.0013000000035390258
		endloop
	endfacet
	facet normal 0 0 1
		outer loop
			vertex -0.003659291425719857 -0.00410604290664196 0.0013000000035390258
			vertex 0.0026274588890373707 -0.004831817466765642 0.0013000000035390258
			vertex 0.003334239823743701 -0.004374110605567694 0.0013000000035390258
		endloop
	endfacet
	facet normal 0 0 1
		outer loop
			vertex -0.003659291425719857 -0.00410604290664196 0.0013000000035390258
			vertex 0.00185909285210073 -0.005176270380616188 0.0013000000035390258
			vertex 0.0026274588890373707 -0.004831817466765642 0.0013000000035390258
		endloop
	endfacet
	facet normal 0 0 1
		outer loop
			vertex -0.003659291425719857 -0.00410604290664196 0.0013000000035390258
			vertex 0.0010471510468050838 -0.00539939571171999 0.0013000000035390258
			vertex 0.00185909285210073 -0.005176270380616188 0.0013000000035390258
		endloop
	endfacet
	facet normal 0 0 1
		outer loop
			vertex -0.003659291425719857 -0.00410604290664196 0.0013000000035390258
			vertex 0.00021066503541078418 -0.0054959640838205814 0.0013000000035390258
			vertex 0.0010471510468050838 -0.00539939571171999 0.0013000000035390258
		endloop
	endfacet
	facet normal 0 0 1
		outer loop
			vertex -0.003659291425719857 -0.00410604290664196 0.0013000000035390258
			vertex -0.0006307588191702962 -0.005463711451739073 0.0013000000035390258
			vertex 0.00021066503541078418 -0.0054959640838205814 0.0013000000035390258
		endloop
	endfacet
	facet normal 0 0 1
		outer loop
			vertex -0.003659291425719857 -0.00410604290664196 0.0013000000035390258
			vertex -0.0014573982916772366 -0.005303394049406052 0.0013000000035390258
			vertex -0.0006307588191702962 -0.005463711451739073 0.0013000000035390258
		endloop
	endfacet
	facet normal 0 0 1
		outer loop
			vertex -0.003659291425719857 -0.00410604290664196 0.0013000000035390258
			vertex -0.0022498774342238903 -0.005018769763410091 0.0013000000035390258
			vertex -0.0014573982916772366 -0.005303394049406052 0.0013000000035390258
		endloop
	endfacet
	facet normal 0 0 1
		outer loop
			vertex -0.003659291425719857 -0.00410604290664196 0.0013000000035390258
			vertex -0.002989621600136161 -0.004616509657353163 0.0013000000035390258
			vertex -0.0022498774342238903 -0.005018769763410091 0.0013000000035390258
		endloop
	endfacet
	facet normal 0 0 1
		outer loop
			vertex -0.003659291425719857 -0.00410604290664196 0.0013000000035390258
			vertex -0.004727632738649845 -0.0028106027748435736 0.0013000000035390258
			vertex -0.00424319040030241 -0.0034993335139006376 0.0013000000035390258
		endloop
	endfacet
	facet normal 0 0 1
		outer loop
			vertex -0.003659291425719857 -0.00410604290664196 0.0013000000035390258
			vertex -0.005101263523101807 -0.002055994002148509 0.0013000000035390258
			vertex -0.004727632738649845 -0.0028106027748435736 0.0013000000035390258
		endloop
	endfacet
	facet normal 0 0 1
		outer loop
			vertex -0.003659291425719857 -0.00410604290664196 0.0013000000035390258
			vertex -0.005355325061827898 -0.001253194292075932 0.0013000000035390258
			vertex -0.005101263523101807 -0.002055994002148509 0.0013000000035390258
		endloop
	endfacet
	facet normal 0 0 1
		outer loop
			vertex -0.003659291425719857 -0.00410604290664196 0.0013000000035390258
			vertex -0.005483862012624741 -0.0004210209008306265 0.0013000000035390258
			vertex -0.005355325061827898 -0.001253194292075932 0.0013000000035390258
		endloop
	endfacet
	facet normal 0 0 1
		outer loop
			vertex -0.003659291425719857 -0.00410604290664196 0.0013000000035390258
			vertex -0.005483862012624741 0.0004210209008306265 0.0013000000035390258
			vertex -0.005483862012624741 -0.0004210209008306265 0.0013000000035390258
		endloop
	endfacet
	facet normal 0 0 1
		outer loop
			vertex -0.003659291425719857 -0.00410604290664196 0.0013000000035390258
			vertex -0.005355325061827898 0.001253194292075932 0.0013000000035390258
			vertex -0.005483862012624741 0.0004210209008306265 0.0013000000035390258
		endloop
	endfacet
	facet normal 0 0 1
		outer loop
			vertex -0.003659291425719857 -0.00410604290664196 0.0013000000035390258
			vertex -0.005101263523101807 0.002055994002148509 0.0013000000035390258
			vertex -0.005355325061827898 0.001253194292075932 0.0013000000035390258
		endloop
	endfacet
	facet normal 0 0 1
		outer loop
			vertex -0.003659291425719857 -0.00410604290664196 0.0013000000035390258
			vertex -0.004727632738649845 0.0028106027748435736 0.0013000000035390258
			vertex -0.005101263523101807 0.002055994002148509 0.0013000000035390258
		endloop
	endfacet
	facet normal 0 0 1
		outer loop
			vertex -0.003659291425719857 -0.00410604290664196 0.0013000000035390258
			vertex -0.00424319040030241 0.0034993335139006376 0.0013000000035390258
			vertex -0.004727632738649845 0.0028106027748435736 0.0013000000035390258
		endloop
	endfacet
	facet normal 0 0 1
		outer loop
			vertex -0.003659291425719857 -0.00410604290664196 0.0013000000035390258
			vertex -0.003659291425719857 0.00410604290664196 0.0013000000035390258
			vertex -0.00424319040030241 0.0034993335139006376 0.0013000000035390258
		endloop
	endfacet
	facet normal 0 0 1
		outer loop
			vertex -0.003659291425719857 -0.00410604290664196 0.0013000000035390258
			vertex -0.002989621600136161 0.004616509657353163 0.0013000000035390258
			vertex -0.003659291425719857 0.00410604290664196 0.0013000000035390258
		endloop
	endfacet
	facet normal 0 0 1
		outer loop
			vertex -0.003659291425719857 -0.00410604290664196 0.0013000000035390258
			vertex -0.0022498774342238903 0.005018769763410091 0.0013000000035390258
			vertex -0.002989621600136161 0.004616509657353163 0.0013000000035390258
		endloop
	endfacet
	facet normal 0 0 1
		outer loop
			vertex -0.003659291425719857 -0.00410604290664196 0.0013000000035390258
			vertex -0.0014573982916772366 0.005303394049406052 0.0013000000035390258
			vertex -0.0022498774342238903 0.005018769763410091 0.0013000000035390258
		endloop
	endfacet
	facet normal 0 0 1
		outer loop
			vertex -0.003659291425719857 -0.00410604290664196 0.0013000000035390258
			vertex -0.0006307588191702962 0.005463711451739073 0.0013000000035390258
			vertex -0.0014573982916772366 0.005303394049406052 0.0013000000035390258
		endloop
	endfacet
	facet normal 0 0 1
		outer loop
			vertex -0.003659291425719857 -0.00410604290664196 0.0013000000035390258
			vertex 0.00021066503541078418 0.0054959640838205814 0.0013000000035390258
			vertex -0.0006307588191702962 0.005463711451739073 0.0013000000035390258
		endloop
	endfacet
	facet normal 0 0 1
		outer loop
			vertex -0.003659291425719857 -0.00410604290664196 0.0013000000035390258
			vertex 0.0010471510468050838 0.00539939571171999 0.0013000000035390258
			vertex 0.00021066503541078418 0.0054959640838205814 0.0013000000035390258
		endloop
	endfacet
	facet normal 0 0 1
		outer loop
			vertex -0.003659291425719857 -0.00410604290664196 0.0013000000035390258
			vertex 0.00185909285210073 0.005176270380616188 0.0013000000035390258
			vertex 0.0010471510468050838 0.00539939571171999 0.0013000000035390258
		endloop
	endfacet
	facet normal 0 0 1
		outer loop
			vertex -0.003659291425719857 -0.00410604290664196 0.0013000000035390258
			vertex 0.0026274588890373707 0.004831817466765642 0.0013000000035390258
			vertex 0.00185909285210073 0.005176270380616188 0.0013000000035390258
		endloop
	endfacet
	facet normal 0 0 1
		outer loop
			vertex -0.003659291425719857 -0.00410604290664196 0.0013000000035390258
			vertex 0.003334239823743701 0.004374110605567694 0.0013000000035390258
			vertex 0.0026274588890373707 0.004831817466765642 0.0013000000035390258
		endloop
	endfacet
	facet normal 0 0 1
		outer loop
			vertex -0.003659291425719857 -0.00410604290664196 0.0013000000035390258
			vertex 0.003962868824601173 0.0038138788659125566 0.0013000000035390258
			vertex 0.003334239823743701 0.004374110605567694 0.0013000000035390258
		endloop
	endfacet
	facet normal 0 0 1
		outer loop
			vertex -0.003659291425719857 -0.00410604290664196 0.0013000000035390258
			vertex 0.00449861166998744 0.003164252731949091 0.0013000000035390258
			vertex 0.003962868824601173 0.0038138788659125566 0.0013000000035390258
		endloop
	endfacet
	facet normal 0 0 1
		outer loop
			vertex -0.003659291425719857 -0.00410604290664196 0.0013000000035390258
			vertex 0.00492891063913703 0.002440459094941616 0.0013000000035390258
			vertex 0.00449861166998744 0.003164252731949091 0.0013000000035390258
		endloop
	endfacet
	facet normal 0 0 1
		outer loop
			vertex -0.003659291425719857 -0.00410604290664196 0.0013000000035390258
			vertex 0.005243679974228144 0.001659463276155293 0.0013000000035390258
			vertex 0.00492891063913703 0.002440459094941616 0.0013000000035390258
		endloop
	endfacet
	facet normal 0 0 1
		outer loop
			vertex -0.003659291425719857 -0.00410604290664196 0.0013000000035390258
			vertex 0.005435542203485966 0.000839571061078459 0.0013000000035390258
			vertex 0.005243679974228144 0.001659463276155293 0.0013000000035390258
		endloop
	endfacet
	facet normal 0 0 1
		outer loop
			vertex -0.003659291425719857 -0.00410604290664196 0.0013000000035390258
			vertex 0.005499999970197678 6.735557503102785e-19 0.0013000000035390258
			vertex 0.005435542203485966 0.000839571061078459 0.0013000000035390258
		endloop
	endfacet
	facet normal 0 0 -1
		outer loop
			vertex -0.0020124611910432577 -0.006599999964237213 0.003800000064074993
			vertex -0.0004081903607584536 -0.0068879155442118645 0.003800000064074993
			vertex -0.0012188570108264685 -0.006791493855416775 0.003800000064074993
		endloop
	endfacet
	facet normal 0 0 -1
		outer loop
			vertex -0.0020124611910432577 -0.006599999964237213 0.003800000064074993
			vertex 0.0004081903607584536 -0.0068879155442118645 0.003800000064074993
			vertex -0.0004081903607584536 -0.0068879155442118645 0.003800000064074993
		endloop
	endfacet
	facet normal 0 0 -1
		outer loop
			vertex -0.0020124611910432577 -0.006599999964237213 0.003800000064074993
			vertex 0.0012188570108264685 -0.006791493855416775 0.003800000064074993
			vertex 0.0004081903607584536 -0.0068879155442118645 0.003800000064074993
		endloop
	endfacet
	facet normal 0 0 -1
		outer loop
			vertex -0.0020124611910432577 -0.006599999964237213 0.003800000064074993
			vertex 0.0020124611910432577 -0.006599999964237213 0.003800000064074993
			vertex 0.0012188570108264685 -0.006791493855416775 0.003800000064074993
		endloop
	endfacet
	facet normal 0 0 -1
		outer loop
			vertex 0.006599999964237213 0.0020124611910432577 0.003800000064074993
			vertex 0.006601264700293541 0.0020083081908524036 0.003800000064074993
			vertex 0.006602527108043432 0.0020041544921696186 0.003800000064074993
		endloop
	endfacet
	facet normal 0.998799118206419 0.04899307573606926 0
		outer loop
			vertex 0.006899999920278788 8.450063030547571e-19 0.013299999758601189
			vertex 0.006899999920278788 8.450063030547571e-19 0.003800000064074993
			vertex 0.006866875570267439 0.0006752907647751272 0.003800000064074993
		endloop
	endfacet
	facet normal 0.9976678390314161 0.06824221517137802 0.0013722357260071692
		outer loop
			vertex 0.006835733074694872 0.0009395498782396317 0.013299999758601189
			vertex 0.006899999920278788 8.450063030547571e-19 0.013299999758601189
			vertex 0.006866875570267439 0.0006752907647751272 0.003800000064074993
		endloop
	endfacet
	facet normal 0.9892091222806688 0.14650808572086735 -0.0008325954096153176
		outer loop
			vertex 0.006835733074694872 0.0009395498782396317 0.013299999758601189
			vertex 0.006866875570267439 0.0006752907647751272 0.003800000064074993
			vertex 0.006767821032553911 0.001344097894616425 0.003800000064074993
		endloop
	endfacet
	facet normal 0.9790827236152506 0.20345576565175 0.0016648547092380243
		outer loop
			vertex 0.006644129287451506 0.00186159776058048 0.013299999758601189
			vertex 0.006835733074694872 0.0009395498782396317 0.013299999758601189
			vertex 0.006767821032553911 0.001344097894616425 0.003800000064074993
		endloop
	endfacet
	facet normal 0.9701218810429886 0.24261738104783676 -0.0005850940971895761
		outer loop
			vertex 0.006644129287451506 0.00186159776058048 0.013299999758601189
			vertex 0.006767821032553911 0.001344097894616425 0.003800000064074993
			vertex 0.0066037867218256 0.0020000000949949026 0.003800000064074993
		endloop
	endfacet
	facet normal 0.9569792721772805 0.29015624404411183 0.00016329499790153804
		outer loop
			vertex 0.006644129287451506 0.00186159776058048 0.013299999758601189
			vertex 0.0066037867218256 0.0020000000949949026 0.003800000064074993
			vertex 0.006602527108043432 0.0020041544921696186 0.003800000064074993
		endloop
	endfacet
	facet normal 0.9567868098964347 0.2907902513037259 0.0001736517196104959
		outer loop
			vertex 0.006644129287451506 0.00186159776058048 0.013299999758601189
			vertex 0.006602527108043432 0.0020041544921696186 0.003800000064074993
			vertex 0.006601264700293541 0.0020083081908524036 0.003800000064074993
		endloop
	endfacet
	facet normal 0.9566238376547455 0.2913259340775118 0.00018265971864642386
		outer loop
			vertex 0.006644129287451506 0.00186159776058048 0.013299999758601189
			vertex 0.006601264700293541 0.0020083081908524036 0.003800000064074993
			vertex 0.006599999964237213 0.0020124611910432577 0.003800000064074993
		endloop
	endfacet
	facet normal 0.9422604669013855 0.3348795708630115 0.0009410278361910184
		outer loop
			vertex 0.006328757852315903 0.0027489676140248775 0.013299999758601189
			vertex 0.006644129287451506 0.00186159776058048 0.013299999758601189
			vertex 0.006599999964237213 0.0020124611910432577 0.003800000064074993
		endloop
	endfacet
	facet normal 0.9368997015623544 0.34959808998722514 -0.00035311422477329803
		outer loop
			vertex 0.006328757852315903 0.0027489676140248775 0.013299999758601189
			vertex 0.006599999964237213 0.0020124611910432577 0.003800000064074993
			vertex 0.006305026821792126 0.002802969655022025 0.003800000064074993
		endloop
	endfacet
	facet normal 0.8878852426278616 0.4600648194602734 0.00039726395460839653
		outer loop
			vertex 0.005895494017750025 0.003585129277780652 0.013299999758601189
			vertex 0.006328757852315903 0.0027489676140248775 0.013299999758601189
			vertex 0.006305026821792126 0.002802969655022025 0.003800000064074993
		endloop
	endfacet
	facet normal 0.8242838378399145 0.5661767363228294 -0.00024067141612313012
		outer loop
			vertex 0.005895494017750025 0.003585129277780652 0.013299999758601189
			vertex 0.0059157744981348515 0.003551565110683441 0.003800000064074993
			vertex 0.00543806329369545 0.0042470539920032024 0.003800000064074993
		endloop
	endfacet
	facet normal 0.8872251691741123 0.4613365684982766 0.0002641026366217375
		outer loop
			vertex 0.005895494017750025 0.003585129277780652 0.013299999758601189
			vertex 0.006305026821792126 0.002802969655022025 0.003800000064074993
			vertex 0.0059157744981348515 0.003551565110683441 0.003800000064074993
		endloop
	endfacet
	facet normal 0.8169693952682799 0.5766804105433196 0.0008433804417118928
		outer loop
			vertex 0.005352407693862915 0.004354506731033325 0.013299999758601189
			vertex 0.005895494017750025 0.003585129277780652 0.013299999758601189
			vertex 0.00543806329369545 0.0042470539920032024 0.003800000064074993
		endloop
	endfacet
	facet normal 0.7490172037152322 0.6625501340360708 -0.0007405588425322075
		outer loop
			vertex 0.005352407693862915 0.004354506731033325 0.013299999758601189
			vertex 0.00543806329369545 0.0042470539920032024 0.003800000064074993
			vertex 0.004879036918282509 0.004879036918282509 0.003800000064074993
		endloop
	endfacet
	facet normal 0.7308355375445529 0.6825524189782092 0.001269806662392414
		outer loop
			vertex 0.004709616769105196 0.005042768083512783 0.013299999758601189
			vertex 0.005352407693862915 0.004354506731033325 0.013299999758601189
			vertex 0.004879036918282509 0.004879036918282509 0.003800000064074993
		endloop
	endfacet
	facet normal 0.662549919607022 0.7490169613018084 -0.0010934856808397053
		outer loop
			vertex 0.004709616769105196 0.005042768083512783 0.013299999758601189
			vertex 0.004879036918282509 0.004879036918282509 0.003800000064074993
			vertex 0.0042470539920032024 0.00543806329369545 0.003800000064074993
		endloop
	endfacet
	facet normal 0.6310871085169865 0.7757104237439449 0.001549179995694493
		outer loop
			vertex 0.003979094326496124 0.005637092050164938 0.013299999758601189
			vertex 0.004709616769105196 0.005042768083512783 0.013299999758601189
			vertex 0.0042470539920032024 0.00543806329369545 0.003800000064074993
		endloop
	endfacet
	facet normal 0.5661762747924777 0.8242831659083689 -0.001299331439468556
		outer loop
			vertex 0.003979094326496124 0.005637092050164938 0.013299999758601189
			vertex 0.0042470539920032024 0.00543806329369545 0.003800000064074993
			vertex 0.003551565110683441 0.0059157744981348515 0.003800000064074993
		endloop
	endfacet
	facet normal 0.461336159143533 0.8872243819184372 -0.0013580854685234635
		outer loop
			vertex 0.003174448851495981 0.006126407999545336 0.013299999758601189
			vertex 0.003551565110683441 0.0059157744981348515 0.003800000064074993
			vertex 0.002802969655022025 0.006305026821792126 0.003800000064074993
		endloop
	endfacet
	facet normal 0.5195833677508503 0.8544181040398465 0.0016815010077323334
		outer loop
			vertex 0.003174448851495981 0.006126407999545336 0.013299999758601189
			vertex 0.003979094326496124 0.005637092050164938 0.013299999758601189
			vertex 0.003551565110683441 0.0059157744981348515 0.003800000064074993
		endloop
	endfacet
	facet normal 0.3495978299797021 0.9368990047594322 -0.001269706371226278
		outer loop
			vertex 0.002310669282451272 0.00650160014629364 0.013299999758601189
			vertex 0.002802969655022025 0.006305026821792126 0.003800000064074993
			vertex 0.0020124611910432577 0.006599999964237213 0.003800000064074993
		endloop
	endfacet
	facet normal 0.39840029840262453 0.9172101309795281 0.0016666916980975358
		outer loop
			vertex 0.002310669282451272 0.00650160014629364 0.013299999758601189
			vertex 0.003174448851495981 0.006126407999545336 0.013299999758601189
			vertex 0.002802969655022025 0.006305026821792126 0.003800000064074993
		endloop
	endfacet
	facet normal 0.269796810165855 0.9629161006728953 0.0015047555403454249
		outer loop
			vertex 0.0014038465451449156 0.006755680311471224 0.013299999758601189
			vertex 0.002310669282451272 0.00650160014629364 0.013299999758601189
			vertex 0.0020124611910432577 0.006599999964237213 0.003800000064074993
		endloop
	endfacet
	facet normal 0.23456434578543614 0.9721001761387085 -0.0009029049466054123
		outer loop
			vertex 0.0014038465451449156 0.006755680311471224 0.013299999758601189
			vertex 0.0020124611910432577 0.006599999964237213 0.003800000064074993
			vertex 0.0012188570108264685 0.006791493855416775 0.003800000064074993
		endloop
	endfacet
	facet normal 0.11810871372604555 0.9930006049117387 -0.0003610912627495089
		outer loop
			vertex 0.00047087264829315245 0.006883914582431316 0.013299999758601189
			vertex 0.0012188570108264685 0.006791493855416775 0.003800000064074993
			vertex 0.0004081903607584536 0.0068879155442118645 0.003800000064074993
		endloop
	endfacet
	facet normal 0.1361665279851774 0.9906853704860329 0.0010832180822392544
		outer loop
			vertex 0.00047087264829315245 0.006883914582431316 0.013299999758601189
			vertex 0.0014038465451449156 0.006755680311471224 0.013299999758601189
			vertex 0.0012188570108264685 0.006791493855416775 0.003800000064074993
		endloop
	endfacet
	facet normal 0 0.9999999113147143 0.00042115384782875003
		outer loop
			vertex -0.00047087264829315245 0.006883914582431316 0.013299999758601189
			vertex 0.0004081903607584536 0.0068879155442118645 0.003800000064074993
			vertex -0.0004081903607584536 0.0068879155442118645 0.003800000064074993
		endloop
	endfacet
	facet normal -0.11810871372604555 0.9930006049117387 -0.0003610912627495089
		outer loop
			vertex -0.00047087264829315245 0.006883914582431316 0.013299999758601189
			vertex -0.0004081903607584536 0.0068879155442118645 0.003800000064074993
			vertex -0.0012188570108264685 0.006791493855416775 0.003800000064074993
		endloop
	endfacet
	facet normal 0 0.9999999113147144 0.0004211538478287501
		outer loop
			vertex -0.00047087264829315245 0.006883914582431316 0.013299999758601189
			vertex 0.00047087264829315245 0.006883914582431316 0.013299999758601189
			vertex 0.0004081903607584536 0.0068879155442118645 0.003800000064074993
		endloop
	endfacet
	facet normal -0.23456434578543614 0.9721001761387085 -0.0009029049466054123
		outer loop
			vertex -0.0014038465451449156 0.006755680311471224 0.013299999758601189
			vertex -0.0012188570108264685 0.006791493855416775 0.003800000064074993
			vertex -0.0020124611910432577 0.006599999964237213 0.003800000064074993
		endloop
	endfacet
	facet normal -0.1361665279851774 0.9906853704860329 0.0010832180822392544
		outer loop
			vertex -0.0014038465451449156 0.006755680311471224 0.013299999758601189
			vertex -0.00047087264829315245 0.006883914582431316 0.013299999758601189
			vertex -0.0012188570108264685 0.006791493855416775 0.003800000064074993
		endloop
	endfacet
	facet normal -0.3495978299797021 0.9368990047594322 -0.001269706371226278
		outer loop
			vertex -0.002310669282451272 0.00650160014629364 0.013299999758601189
			vertex -0.0020124611910432577 0.006599999964237213 0.003800000064074993
			vertex -0.002802969655022025 0.006305026821792126 0.003800000064074993
		endloop
	endfacet
	facet normal -0.269796810165855 0.9629161006728953 0.0015047555403454249
		outer loop
			vertex -0.002310669282451272 0.00650160014629364 0.013299999758601189
			vertex -0.0014038465451449156 0.006755680311471224 0.013299999758601189
			vertex -0.0020124611910432577 0.006599999964237213 0.003800000064074993
		endloop
	endfacet
	facet normal -0.461336159143533 0.8872243819184372 -0.0013580854685234635
		outer loop
			vertex -0.003174448851495981 0.006126407999545336 0.013299999758601189
			vertex -0.002802969655022025 0.006305026821792126 0.003800000064074993
			vertex -0.003551565110683441 0.0059157744981348515 0.003800000064074993
		endloop
	endfacet
	facet normal -0.39840029840262453 0.9172101309795281 0.0016666916980975358
		outer loop
			vertex -0.003174448851495981 0.006126407999545336 0.013299999758601189
			vertex -0.002310669282451272 0.00650160014629364 0.013299999758601189
			vertex -0.002802969655022025 0.006305026821792126 0.003800000064074993
		endloop
	endfacet
	facet normal -0.5661762747924777 0.8242831659083689 -0.001299331439468556
		outer loop
			vertex -0.003979094326496124 0.005637092050164938 0.013299999758601189
			vertex -0.003551565110683441 0.0059157744981348515 0.003800000064074993
			vertex -0.0042470539920032024 0.00543806329369545 0.003800000064074993
		endloop
	endfacet
	facet normal -0.5195833677508503 0.8544181040398465 0.0016815010077323334
		outer loop
			vertex -0.003979094326496124 0.005637092050164938 0.013299999758601189
			vertex -0.003174448851495981 0.006126407999545336 0.013299999758601189
			vertex -0.003551565110683441 0.0059157744981348515 0.003800000064074993
		endloop
	endfacet
	facet normal -0.662549919607022 0.7490169613018084 -0.0010934856808397053
		outer loop
			vertex -0.004709616769105196 0.005042768083512783 0.013299999758601189
			vertex -0.0042470539920032024 0.00543806329369545 0.003800000064074993
			vertex -0.004879036918282509 0.004879036918282509 0.003800000064074993
		endloop
	endfacet
	facet normal -0.6310871085169865 0.7757104237439449 0.001549179995694493
		outer loop
			vertex -0.004709616769105196 0.005042768083512783 0.013299999758601189
			vertex -0.003979094326496124 0.005637092050164938 0.013299999758601189
			vertex -0.0042470539920032024 0.00543806329369545 0.003800000064074993
		endloop
	endfacet
	facet normal -0.7490172037152322 0.6625501340360708 -0.0007405588425322075
		outer loop
			vertex -0.005352407693862915 0.004354506731033325 0.013299999758601189
			vertex -0.004879036918282509 0.004879036918282509 0.003800000064074993
			vertex -0.00543806329369545 0.0042470539920032024 0.003800000064074993
		endloop
	endfacet
	facet normal -0.7308355375445529 0.6825524189782092 0.001269806662392414
		outer loop
			vertex -0.005352407693862915 0.004354506731033325 0.013299999758601189
			vertex -0.004709616769105196 0.005042768083512783 0.013299999758601189
			vertex -0.004879036918282509 0.004879036918282509 0.003800000064074993
		endloop
	endfacet
	facet normal -0.8872251691741123 0.4613365684982766 0.0002641026366217375
		outer loop
			vertex -0.005895494017750025 0.003585129277780652 0.013299999758601189
			vertex -0.0059157744981348515 0.003551565110683441 0.003800000064074993
			vertex -0.006305026821792126 0.002802969655022025 0.003800000064074993
		endloop
	endfacet
	facet normal -0.8242838378399145 0.5661767363228294 -0.00024067141612313012
		outer loop
			vertex -0.005895494017750025 0.003585129277780652 0.013299999758601189
			vertex -0.00543806329369545 0.0042470539920032024 0.003800000064074993
			vertex -0.0059157744981348515 0.003551565110683441 0.003800000064074993
		endloop
	endfacet
	facet normal -0.8169693952682799 0.5766804105433196 0.0008433804417118928
		outer loop
			vertex -0.005895494017750025 0.003585129277780652 0.013299999758601189
			vertex -0.005352407693862915 0.004354506731033325 0.013299999758601189
			vertex -0.00543806329369545 0.0042470539920032024 0.003800000064074993
		endloop
	endfacet
	facet normal -0.8878852426278616 0.4600648194602734 0.00039726395460839653
		outer loop
			vertex -0.006328757852315903 0.0027489676140248775 0.013299999758601189
			vertex -0.005895494017750025 0.003585129277780652 0.013299999758601189
			vertex -0.006305026821792126 0.002802969655022025 0.003800000064074993
		endloop
	endfacet
	facet normal -0.9368997015623544 0.34959808998722514 -0.00035311422477329803
		outer loop
			vertex -0.006328757852315903 0.0027489676140248775 0.013299999758601189
			vertex -0.006305026821792126 0.002802969655022025 0.003800000064074993
			vertex -0.006599999964237213 0.0020124611910432577 0.003800000064074993
		endloop
	endfacet
	facet normal -0.9422604669013855 0.3348795708630115 0.0009410278361910184
		outer loop
			vertex -0.006644129287451506 0.00186159776058048 0.013299999758601189
			vertex -0.006328757852315903 0.0027489676140248775 0.013299999758601189
			vertex -0.006599999964237213 0.0020124611910432577 0.003800000064074993
		endloop
	endfacet
	facet normal -0.9566238376547455 0.2913259340775118 0.00018265971864642386
		outer loop
			vertex -0.006644129287451506 0.00186159776058048 0.013299999758601189
			vertex -0.006599999964237213 0.0020124611910432577 0.003800000064074993
			vertex -0.006601264700293541 0.0020083081908524036 0.003800000064074993
		endloop
	endfacet
	facet normal -0.9567868098964347 0.2907902513037259 0.0001736517196104959
		outer loop
			vertex -0.006644129287451506 0.00186159776058048 0.013299999758601189
			vertex -0.006601264700293541 0.0020083081908524036 0.003800000064074993
			vertex -0.006602527108043432 0.0020041544921696186 0.003800000064074993
		endloop
	endfacet
	facet normal -0.9569792721772805 0.29015624404411183 0.00016329499790153804
		outer loop
			vertex -0.006644129287451506 0.00186159776058048 0.013299999758601189
			vertex -0.006602527108043432 0.0020041544921696186 0.003800000064074993
			vertex -0.0066037867218256 0.0020000000949949026 0.003800000064074993
		endloop
	endfacet
	facet normal -0.9724533913936031 0.23309625317400343 -0.0007337052002128083
		outer loop
			vertex -0.006644129287451506 0.00186159776058048 0.013299999758601189
			vertex -0.0066037867218256 0.0020000000949949026 0.003800000064074993
			vertex -0.006792869884520769 0.001211164752021432 0.003800000064074993
		endloop
	endfacet
	facet normal -0.9790831217171683 0.20345584837829447 0.0013994746276342293
		outer loop
			vertex -0.006835733074694872 0.0009395498782396317 0.013299999758601189
			vertex -0.006644129287451506 0.00186159776058048 0.013299999758601189
			vertex -0.006792869884520769 0.001211164752021432 0.003800000064074993
		endloop
	endfacet
	facet normal -0.9930889227331444 0.11735895877239025 -0.0011253179920562655
		outer loop
			vertex -0.006835733074694872 0.0009395498782396317 0.013299999758601189
			vertex -0.006792869884520769 0.001211164752021432 0.003800000064074993
			vertex -0.006888069212436676 0.00040559013723395765 0.003800000064074993
		endloop
	endfacet
	facet normal -0.9976674028080232 0.06824218533293627 0.001660576791062688
		outer loop
			vertex -0.006899999920278788 -4.1209006534313866e-17 0.013299999758601189
			vertex -0.006835733074694872 0.0009395498782396317 0.013299999758601189
			vertex -0.006888069212436676 0.00040559013723395765 0.003800000064074993
		endloop
	endfacet
	facet normal -0.99999921140371 0 -0.0012558630333929371
		outer loop
			vertex -0.006899999920278788 -4.1209006534313866e-17 0.013299999758601189
			vertex -0.006888069212436676 0.00040559013723395765 0.003800000064074993
			vertex -0.006888069212436676 -0.00040559013723395765 0.003800000064074993
		endloop
	endfacet
	facet normal -0.9976674028080227 -0.06824218533294223 0.0016605767910623506
		outer loop
			vertex -0.006835733074694872 -0.0009395498782396317 0.013299999758601189
			vertex -0.006899999920278788 -4.1209006534313866e-17 0.013299999758601189
			vertex -0.006888069212436676 -0.00040559013723395765 0.003800000064074993
		endloop
	endfacet
	facet normal -0.9930889227331444 -0.11735895877239025 -0.0011253179920562655
		outer loop
			vertex -0.006835733074694872 -0.0009395498782396317 0.013299999758601189
			vertex -0.006888069212436676 -0.00040559013723395765 0.003800000064074993
			vertex -0.006792869884520769 -0.001211164752021432 0.003800000064074993
		endloop
	endfacet
	facet normal -0.9790831217171683 -0.20345584837829447 0.0013994746276342293
		outer loop
			vertex -0.006644129287451506 -0.00186159776058048 0.013299999758601189
			vertex -0.006835733074694872 -0.0009395498782396317 0.013299999758601189
			vertex -0.006792869884520769 -0.001211164752021432 0.003800000064074993
		endloop
	endfacet
	facet normal -0.9724533913936031 -0.23309625317400343 -0.0007337052002128083
		outer loop
			vertex -0.006644129287451506 -0.00186159776058048 0.013299999758601189
			vertex -0.006792869884520769 -0.001211164752021432 0.003800000064074993
			vertex -0.0066037867218256 -0.0020000000949949026 0.003800000064074993
		endloop
	endfacet
	facet normal -0.9569792721772805 -0.29015624404411183 0.00016329499790153804
		outer loop
			vertex -0.006644129287451506 -0.00186159776058048 0.013299999758601189
			vertex -0.0066037867218256 -0.0020000000949949026 0.003800000064074993
			vertex -0.006602527108043432 -0.0020041544921696186 0.003800000064074993
		endloop
	endfacet
	facet normal -0.9567868098964347 -0.2907902513037259 0.0001736517196104959
		outer loop
			vertex -0.006644129287451506 -0.00186159776058048 0.013299999758601189
			vertex -0.006602527108043432 -0.0020041544921696186 0.003800000064074993
			vertex -0.006601264700293541 -0.0020083081908524036 0.003800000064074993
		endloop
	endfacet
	facet normal -0.9566238376547455 -0.2913259340775118 0.00018265971864642386
		outer loop
			vertex -0.006644129287451506 -0.00186159776058048 0.013299999758601189
			vertex -0.006601264700293541 -0.0020083081908524036 0.003800000064074993
			vertex -0.006599999964237213 -0.0020124611910432577 0.003800000064074993
		endloop
	endfacet
	facet normal -0.9422604669013855 -0.3348795708630115 0.0009410278361910184
		outer loop
			vertex -0.006328757852315903 -0.0027489676140248775 0.013299999758601189
			vertex -0.006644129287451506 -0.00186159776058048 0.013299999758601189
			vertex -0.006599999964237213 -0.0020124611910432577 0.003800000064074993
		endloop
	endfacet
	facet normal -0.9368997015623544 -0.34959808998722514 -0.00035311422477329803
		outer loop
			vertex -0.006328757852315903 -0.0027489676140248775 0.013299999758601189
			vertex -0.006599999964237213 -0.0020124611910432577 0.003800000064074993
			vertex -0.006305026821792126 -0.002802969655022025 0.003800000064074993
		endloop
	endfacet
	facet normal -0.8878852426278616 -0.4600648194602734 0.00039726395460839653
		outer loop
			vertex -0.005895494017750025 -0.003585129277780652 0.013299999758601189
			vertex -0.006328757852315903 -0.0027489676140248775 0.013299999758601189
			vertex -0.006305026821792126 -0.002802969655022025 0.003800000064074993
		endloop
	endfacet
	facet normal -0.8242838378399145 -0.5661767363228294 -0.00024067141612313012
		outer loop
			vertex -0.005895494017750025 -0.003585129277780652 0.013299999758601189
			vertex -0.0059157744981348515 -0.003551565110683441 0.003800000064074993
			vertex -0.00543806329369545 -0.0042470539920032024 0.003800000064074993
		endloop
	endfacet
	facet normal -0.8872251691741123 -0.4613365684982766 0.0002641026366217375
		outer loop
			vertex -0.005895494017750025 -0.003585129277780652 0.013299999758601189
			vertex -0.006305026821792126 -0.002802969655022025 0.003800000064074993
			vertex -0.0059157744981348515 -0.003551565110683441 0.003800000064074993
		endloop
	endfacet
	facet normal -0.8169693952682799 -0.5766804105433196 0.0008433804417118928
		outer loop
			vertex -0.005352407693862915 -0.004354506731033325 0.013299999758601189
			vertex -0.005895494017750025 -0.003585129277780652 0.013299999758601189
			vertex -0.00543806329369545 -0.0042470539920032024 0.003800000064074993
		endloop
	endfacet
	facet normal -0.7490172037152322 -0.6625501340360708 -0.0007405588425322075
		outer loop
			vertex -0.005352407693862915 -0.004354506731033325 0.013299999758601189
			vertex -0.00543806329369545 -0.0042470539920032024 0.003800000064074993
			vertex -0.004879036918282509 -0.004879036918282509 0.003800000064074993
		endloop
	endfacet
	facet normal -0.7308355375445529 -0.6825524189782092 0.001269806662392414
		outer loop
			vertex -0.004709616769105196 -0.005042768083512783 0.013299999758601189
			vertex -0.005352407693862915 -0.004354506731033325 0.013299999758601189
			vertex -0.004879036918282509 -0.004879036918282509 0.003800000064074993
		endloop
	endfacet
	facet normal -0.662549919607022 -0.7490169613018084 -0.0010934856808397053
		outer loop
			vertex -0.004709616769105196 -0.005042768083512783 0.013299999758601189
			vertex -0.004879036918282509 -0.004879036918282509 0.003800000064074993
			vertex -0.0042470539920032024 -0.00543806329369545 0.003800000064074993
		endloop
	endfacet
	facet normal -0.6310871085169865 -0.7757104237439449 0.001549179995694493
		outer loop
			vertex -0.003979094326496124 -0.005637092050164938 0.013299999758601189
			vertex -0.004709616769105196 -0.005042768083512783 0.013299999758601189
			vertex -0.0042470539920032024 -0.00543806329369545 0.003800000064074993
		endloop
	endfacet
	facet normal -0.5661762747924777 -0.8242831659083689 -0.001299331439468556
		outer loop
			vertex -0.003979094326496124 -0.005637092050164938 0.013299999758601189
			vertex -0.0042470539920032024 -0.00543806329369545 0.003800000064074993
			vertex -0.003551565110683441 -0.0059157744981348515 0.003800000064074993
		endloop
	endfacet
	facet normal -0.5195833677508503 -0.8544181040398465 0.0016815010077323334
		outer loop
			vertex -0.003174448851495981 -0.006126407999545336 0.013299999758601189
			vertex -0.003979094326496124 -0.005637092050164938 0.013299999758601189
			vertex -0.003551565110683441 -0.0059157744981348515 0.003800000064074993
		endloop
	endfacet
	facet normal -0.461336159143533 -0.8872243819184372 -0.0013580854685234635
		outer loop
			vertex -0.003174448851495981 -0.006126407999545336 0.013299999758601189
			vertex -0.003551565110683441 -0.0059157744981348515 0.003800000064074993
			vertex -0.002802969655022025 -0.006305026821792126 0.003800000064074993
		endloop
	endfacet
	facet normal -0.39840029840262453 -0.9172101309795281 0.0016666916980975358
		outer loop
			vertex -0.002310669282451272 -0.00650160014629364 0.013299999758601189
			vertex -0.003174448851495981 -0.006126407999545336 0.013299999758601189
			vertex -0.002802969655022025 -0.006305026821792126 0.003800000064074993
		endloop
	endfacet
	facet normal -0.3495978299797021 -0.9368990047594322 -0.001269706371226278
		outer loop
			vertex -0.002310669282451272 -0.00650160014629364 0.013299999758601189
			vertex -0.002802969655022025 -0.006305026821792126 0.003800000064074993
			vertex -0.0020124611910432577 -0.006599999964237213 0.003800000064074993
		endloop
	endfacet
	facet normal -0.269796810165855 -0.9629161006728953 0.0015047555403454249
		outer loop
			vertex -0.0014038465451449156 -0.006755680311471224 0.013299999758601189
			vertex -0.002310669282451272 -0.00650160014629364 0.013299999758601189
			vertex -0.0020124611910432577 -0.006599999964237213 0.003800000064074993
		endloop
	endfacet
	facet normal -0.23456434578543614 -0.9721001761387085 -0.0009029049466054123
		outer loop
			vertex -0.0014038465451449156 -0.006755680311471224 0.013299999758601189
			vertex -0.0020124611910432577 -0.006599999964237213 0.003800000064074993
			vertex -0.0012188570108264685 -0.006791493855416775 0.003800000064074993
		endloop
	endfacet
	facet normal -0.1361665279851774 -0.9906853704860329 0.0010832180822392544
		outer loop
			vertex -0.00047087264829315245 -0.006883914582431316 0.013299999758601189
			vertex -0.0014038465451449156 -0.006755680311471224 0.013299999758601189
			vertex -0.0012188570108264685 -0.006791493855416775 0.003800000064074993
		endloop
	endfacet
	facet normal -0.11810871372604555 -0.9930006049117387 -0.0003610912627495089
		outer loop
			vertex -0.00047087264829315245 -0.006883914582431316 0.013299999758601189
			vertex -0.0012188570108264685 -0.006791493855416775 0.003800000064074993
			vertex -0.0004081903607584536 -0.0068879155442118645 0.003800000064074993
		endloop
	endfacet
	facet normal 0 -0.9999999113147143 0.00042115384782875003
		outer loop
			vertex -0.00047087264829315245 -0.006883914582431316 0.013299999758601189
			vertex -0.0004081903607584536 -0.0068879155442118645 0.003800000064074993
			vertex 0.0004081903607584536 -0.0068879155442118645 0.003800000064074993
		endloop
	endfacet
	facet normal 0 -0.9999999113147144 0.0004211538478287501
		outer loop
			vertex 0.00047087264829315245 -0.006883914582431316 0.013299999758601189
			vertex -0.00047087264829315245 -0.006883914582431316 0.013299999758601189
			vertex 0.0004081903607584536 -0.0068879155442118645 0.003800000064074993
		endloop
	endfacet
	facet normal 0.11810871372604555 -0.9930006049117387 -0.0003610912627495089
		outer loop
			vertex 0.00047087264829315245 -0.006883914582431316 0.013299999758601189
			vertex 0.0004081903607584536 -0.0068879155442118645 0.003800000064074993
			vertex 0.0012188570108264685 -0.006791493855416775 0.003800000064074993
		endloop
	endfacet
	facet normal 0.1361665279851774 -0.9906853704860329 0.0010832180822392544
		outer loop
			vertex 0.0014038465451449156 -0.006755680311471224 0.013299999758601189
			vertex 0.00047087264829315245 -0.006883914582431316 0.013299999758601189
			vertex 0.0012188570108264685 -0.006791493855416775 0.003800000064074993
		endloop
	endfacet
	facet normal 0.23456434578543614 -0.9721001761387085 -0.0009029049466054123
		outer loop
			vertex 0.0014038465451449156 -0.006755680311471224 0.013299999758601189
			vertex 0.0012188570108264685 -0.006791493855416775 0.003800000064074993
			vertex 0.0020124611910432577 -0.006599999964237213 0.003800000064074993
		endloop
	endfacet
	facet normal 0.3495978299797021 -0.9368990047594322 -0.001269706371226278
		outer loop
			vertex 0.002310669282451272 -0.00650160014629364 0.013299999758601189
			vertex 0.0020124611910432577 -0.006599999964237213 0.003800000064074993
			vertex 0.002802969655022025 -0.006305026821792126 0.003800000064074993
		endloop
	endfacet
	facet normal 0.269796810165855 -0.9629161006728953 0.0015047555403454249
		outer loop
			vertex 0.002310669282451272 -0.00650160014629364 0.013299999758601189
			vertex 0.0014038465451449156 -0.006755680311471224 0.013299999758601189
			vertex 0.0020124611910432577 -0.006599999964237213 0.003800000064074993
		endloop
	endfacet
	facet normal 0.461336159143533 -0.8872243819184372 -0.0013580854685234635
		outer loop
			vertex 0.003174448851495981 -0.006126407999545336 0.013299999758601189
			vertex 0.002802969655022025 -0.006305026821792126 0.003800000064074993
			vertex 0.003551565110683441 -0.0059157744981348515 0.003800000064074993
		endloop
	endfacet
	facet normal 0.39840029840262453 -0.9172101309795281 0.0016666916980975358
		outer loop
			vertex 0.003174448851495981 -0.006126407999545336 0.013299999758601189
			vertex 0.002310669282451272 -0.00650160014629364 0.013299999758601189
			vertex 0.002802969655022025 -0.006305026821792126 0.003800000064074993
		endloop
	endfacet
	facet normal 0.5195833677508503 -0.8544181040398465 0.0016815010077323334
		outer loop
			vertex 0.003979094326496124 -0.005637092050164938 0.013299999758601189
			vertex 0.003174448851495981 -0.006126407999545336 0.013299999758601189
			vertex 0.003551565110683441 -0.0059157744981348515 0.003800000064074993
		endloop
	endfacet
	facet normal 0.5661762747924777 -0.8242831659083689 -0.001299331439468556
		outer loop
			vertex 0.003979094326496124 -0.005637092050164938 0.013299999758601189
			vertex 0.003551565110683441 -0.0059157744981348515 0.003800000064074993
			vertex 0.0042470539920032024 -0.00543806329369545 0.003800000064074993
		endloop
	endfacet
	facet normal 0.6310871085169865 -0.7757104237439449 0.001549179995694493
		outer loop
			vertex 0.004709616769105196 -0.005042768083512783 0.013299999758601189
			vertex 0.003979094326496124 -0.005637092050164938 0.013299999758601189
			vertex 0.0042470539920032024 -0.00543806329369545 0.003800000064074993
		endloop
	endfacet
	facet normal 0.662549919607022 -0.7490169613018084 -0.0010934856808397053
		outer loop
			vertex 0.004709616769105196 -0.005042768083512783 0.013299999758601189
			vertex 0.0042470539920032024 -0.00543806329369545 0.003800000064074993
			vertex 0.004879036918282509 -0.004879036918282509 0.003800000064074993
		endloop
	endfacet
	facet normal 0.7490172037152322 -0.6625501340360708 -0.0007405588425322075
		outer loop
			vertex 0.005352407693862915 -0.004354506731033325 0.013299999758601189
			vertex 0.004879036918282509 -0.004879036918282509 0.003800000064074993
			vertex 0.00543806329369545 -0.0042470539920032024 0.003800000064074993
		endloop
	endfacet
	facet normal 0.7308355375445529 -0.6825524189782092 0.001269806662392414
		outer loop
			vertex 0.005352407693862915 -0.004354506731033325 0.013299999758601189
			vertex 0.004709616769105196 -0.005042768083512783 0.013299999758601189
			vertex 0.004879036918282509 -0.004879036918282509 0.003800000064074993
		endloop
	endfacet
	facet normal 0.8242838378399145 -0.5661767363228294 -0.00024067141612313012
		outer loop
			vertex 0.005895494017750025 -0.003585129277780652 0.013299999758601189
			vertex 0.00543806329369545 -0.0042470539920032024 0.003800000064074993
			vertex 0.0059157744981348515 -0.003551565110683441 0.003800000064074993
		endloop
	endfacet
	facet normal 0.8169693952682799 -0.5766804105433196 0.0008433804417118928
		outer loop
			vertex 0.005895494017750025 -0.003585129277780652 0.013299999758601189
			vertex 0.005352407693862915 -0.004354506731033325 0.013299999758601189
			vertex 0.00543806329369545 -0.0042470539920032024 0.003800000064074993
		endloop
	endfacet
	facet normal 0.8872251691741123 -0.4613365684982766 0.0002641026366217375
		outer loop
			vertex 0.005895494017750025 -0.003585129277780652 0.013299999758601189
			vertex 0.0059157744981348515 -0.003551565110683441 0.003800000064074993
			vertex 0.006305026821792126 -0.002802969655022025 0.003800000064074993
		endloop
	endfacet
	facet normal 0.8878852426278616 -0.4600648194602734 0.00039726395460839653
		outer loop
			vertex 0.006328757852315903 -0.0027489676140248775 0.013299999758601189
			vertex 0.005895494017750025 -0.003585129277780652 0.013299999758601189
			vertex 0.006305026821792126 -0.002802969655022025 0.003800000064074993
		endloop
	endfacet
	facet normal 0.9368997015623544 -0.34959808998722514 -0.00035311422477329803
		outer loop
			vertex 0.006328757852315903 -0.0027489676140248775 0.013299999758601189
			vertex 0.006305026821792126 -0.002802969655022025 0.003800000064074993
			vertex 0.006599999964237213 -0.0020124611910432577 0.003800000064074993
		endloop
	endfacet
	facet normal 0.9566238376547455 -0.2913259340775118 0.00018265971864642386
		outer loop
			vertex 0.006644129287451506 -0.00186159776058048 0.013299999758601189
			vertex 0.006599999964237213 -0.0020124611910432577 0.003800000064074993
			vertex 0.006601264700293541 -0.0020083081908524036 0.003800000064074993
		endloop
	endfacet
	facet normal 0.9567868098964347 -0.2907902513037259 0.0001736517196104959
		outer loop
			vertex 0.006644129287451506 -0.00186159776058048 0.013299999758601189
			vertex 0.006601264700293541 -0.0020083081908524036 0.003800000064074993
			vertex 0.006602527108043432 -0.0020041544921696186 0.003800000064074993
		endloop
	endfacet
	facet normal 0.9569792721772805 -0.29015624404411183 0.00016329499790153804
		outer loop
			vertex 0.006644129287451506 -0.00186159776058048 0.013299999758601189
			vertex 0.006602527108043432 -0.0020041544921696186 0.003800000064074993
			vertex 0.0066037867218256 -0.0020000000949949026 0.003800000064074993
		endloop
	endfacet
	facet normal 0.9701218810429886 -0.24261738104783676 -0.0005850940971895761
		outer loop
			vertex 0.006644129287451506 -0.00186159776058048 0.013299999758601189
			vertex 0.0066037867218256 -0.0020000000949949026 0.003800000064074993
			vertex 0.006767821032553911 -0.001344097894616425 0.003800000064074993
		endloop
	endfacet
	facet normal 0.9422604669013855 -0.3348795708630115 0.0009410278361910184
		outer loop
			vertex 0.006644129287451506 -0.00186159776058048 0.013299999758601189
			vertex 0.006328757852315903 -0.0027489676140248775 0.013299999758601189
			vertex 0.006599999964237213 -0.0020124611910432577 0.003800000064074993
		endloop
	endfacet
	facet normal 0.9892091222806688 -0.14650808572086735 -0.0008325954096153176
		outer loop
			vertex 0.006835733074694872 -0.0009395498782396317 0.013299999758601189
			vertex 0.006767821032553911 -0.001344097894616425 0.003800000064074993
			vertex 0.006866875570267439 -0.0006752907647751272 0.003800000064074993
		endloop
	endfacet
	facet normal 0.9790827236152506 -0.20345576565175 0.0016648547092380243
		outer loop
			vertex 0.006835733074694872 -0.0009395498782396317 0.013299999758601189
			vertex 0.006644129287451506 -0.00186159776058048 0.013299999758601189
			vertex 0.006767821032553911 -0.001344097894616425 0.003800000064074993
		endloop
	endfacet
	facet normal 0.998799118206419 -0.04899307573606913 0
		outer loop
			vertex 0.006899999920278788 8.450063030547571e-19 0.013299999758601189
			vertex 0.006866875570267439 -0.0006752907647751272 0.003800000064074993
			vertex 0.006899999920278788 8.450063030547571e-19 0.003800000064074993
		endloop
	endfacet
	facet normal 0.9976678390314163 -0.06824221517137789 0.0013722357260071726
		outer loop
			vertex 0.006899999920278788 8.450063030547571e-19 0.013299999758601189
			vertex 0.006835733074694872 -0.0009395498782396317 0.013299999758601189
			vertex 0.006866875570267439 -0.0006752907647751272 0.003800000064074993
		endloop
	endfacet
	facet normal 0 0 1
		outer loop
			vertex 0.003962868824601173 0.0038138788659125566 0.013299999758601189
			vertex 0.005352407693862915 0.004354506731033325 0.013299999758601189
			vertex 0.004709616769105196 0.005042768083512783 0.013299999758601189
		endloop
	endfacet
	facet normal 0 0 1
		outer loop
			vertex 0.003334239823743701 0.004374110605567694 0.013299999758601189
			vertex 0.004709616769105196 0.005042768083512783 0.013299999758601189
			vertex 0.003979094326496124 0.005637092050164938 0.013299999758601189
		endloop
	endfacet
	facet normal 0 0 1
		outer loop
			vertex 0.003334239823743701 0.004374110605567694 0.013299999758601189
			vertex 0.003962868824601173 0.0038138788659125566 0.013299999758601189
			vertex 0.004709616769105196 0.005042768083512783 0.013299999758601189
		endloop
	endfacet
	facet normal 0 0 1
		outer loop
			vertex 0.00449861166998744 0.003164252731949091 0.013299999758601189
			vertex 0.005352407693862915 0.004354506731033325 0.013299999758601189
			vertex 0.003962868824601173 0.0038138788659125566 0.013299999758601189
		endloop
	endfacet
	facet normal 0 0 1
		outer loop
			vertex 0.00449861166998744 0.003164252731949091 0.013299999758601189
			vertex 0.005895494017750025 0.003585129277780652 0.013299999758601189
			vertex 0.005352407693862915 0.004354506731033325 0.013299999758601189
		endloop
	endfacet
	facet normal 0 0 1
		outer loop
			vertex 0.0026274588890373707 0.004831817466765642 0.013299999758601189
			vertex 0.003979094326496124 0.005637092050164938 0.013299999758601189
			vertex 0.003174448851495981 0.006126407999545336 0.013299999758601189
		endloop
	endfacet
	facet normal 0 0 1
		outer loop
			vertex 0.0026274588890373707 0.004831817466765642 0.013299999758601189
			vertex 0.003334239823743701 0.004374110605567694 0.013299999758601189
			vertex 0.003979094326496124 0.005637092050164938 0.013299999758601189
		endloop
	endfacet
	facet normal 0 0 1
		outer loop
			vertex 0.00492891063913703 0.002440459094941616 0.013299999758601189
			vertex 0.005895494017750025 0.003585129277780652 0.013299999758601189
			vertex 0.00449861166998744 0.003164252731949091 0.013299999758601189
		endloop
	endfacet
	facet normal 0 0 1
		outer loop
			vertex 0.00492891063913703 0.002440459094941616 0.013299999758601189
			vertex 0.006328757852315903 0.0027489676140248775 0.013299999758601189
			vertex 0.005895494017750025 0.003585129277780652 0.013299999758601189
		endloop
	endfacet
	facet normal 0 0 1
		outer loop
			vertex 0.00185909285210073 0.005176270380616188 0.013299999758601189
			vertex 0.003174448851495981 0.006126407999545336 0.013299999758601189
			vertex 0.002310669282451272 0.00650160014629364 0.013299999758601189
		endloop
	endfacet
	facet normal 0 0 1
		outer loop
			vertex 0.00185909285210073 0.005176270380616188 0.013299999758601189
			vertex 0.002310669282451272 0.00650160014629364 0.013299999758601189
			vertex 0.0014038465451449156 0.006755680311471224 0.013299999758601189
		endloop
	endfacet
	facet normal 0 0 1
		outer loop
			vertex 0.00185909285210073 0.005176270380616188 0.013299999758601189
			vertex 0.0026274588890373707 0.004831817466765642 0.013299999758601189
			vertex 0.003174448851495981 0.006126407999545336 0.013299999758601189
		endloop
	endfacet
	facet normal 0 0 1
		outer loop
			vertex 0.005243679974228144 0.001659463276155293 0.013299999758601189
			vertex 0.006644129287451506 0.00186159776058048 0.013299999758601189
			vertex 0.006328757852315903 0.0027489676140248775 0.013299999758601189
		endloop
	endfacet
	facet normal 0 0 1
		outer loop
			vertex 0.005243679974228144 0.001659463276155293 0.013299999758601189
			vertex 0.006328757852315903 0.0027489676140248775 0.013299999758601189
			vertex 0.00492891063913703 0.002440459094941616 0.013299999758601189
		endloop
	endfacet
	facet normal 0 0 1
		outer loop
			vertex 0.0010471510468050838 0.00539939571171999 0.013299999758601189
			vertex 0.00185909285210073 0.005176270380616188 0.013299999758601189
			vertex 0.0014038465451449156 0.006755680311471224 0.013299999758601189
		endloop
	endfacet
	facet normal 0 0 1
		outer loop
			vertex 0.0010471510468050838 0.00539939571171999 0.013299999758601189
			vertex 0.0014038465451449156 0.006755680311471224 0.013299999758601189
			vertex 0.00047087264829315245 0.006883914582431316 0.013299999758601189
		endloop
	endfacet
	facet normal 0 0 1
		outer loop
			vertex 0.005435542203485966 0.000839571061078459 0.013299999758601189
			vertex 0.006835733074694872 0.0009395498782396317 0.013299999758601189
			vertex 0.006644129287451506 0.00186159776058048 0.013299999758601189
		endloop
	endfacet
	facet normal 0 0 1
		outer loop
			vertex 0.005435542203485966 0.000839571061078459 0.013299999758601189
			vertex 0.006644129287451506 0.00186159776058048 0.013299999758601189
			vertex 0.005243679974228144 0.001659463276155293 0.013299999758601189
		endloop
	endfacet
	facet normal 0 0 1
		outer loop
			vertex 0.00021066503541078418 0.0054959640838205814 0.013299999758601189
			vertex 0.0010471510468050838 0.00539939571171999 0.013299999758601189
			vertex 0.00047087264829315245 0.006883914582431316 0.013299999758601189
		endloop
	endfacet
	facet normal 0 0 1
		outer loop
			vertex 0.00021066503541078418 0.0054959640838205814 0.013299999758601189
			vertex 0.00047087264829315245 0.006883914582431316 0.013299999758601189
			vertex -0.00047087264829315245 0.006883914582431316 0.013299999758601189
		endloop
	endfacet
	facet normal 0 0 1
		outer loop
			vertex 0.005499999970197678 -6.735557503102785e-19 0.013299999758601189
			vertex 0.006899999920278788 8.450063030547571e-19 0.013299999758601189
			vertex 0.006835733074694872 0.0009395498782396317 0.013299999758601189
		endloop
	endfacet
	facet normal 0 0 1
		outer loop
			vertex 0.005499999970197678 -6.735557503102785e-19 0.013299999758601189
			vertex 0.006835733074694872 0.0009395498782396317 0.013299999758601189
			vertex 0.005435542203485966 0.000839571061078459 0.013299999758601189
		endloop
	endfacet
	facet normal 0 0 1
		outer loop
			vertex 0.005499999970197678 -6.735557503102785e-19 0.013299999758601189
			vertex 0.006835733074694872 -0.0009395498782396317 0.013299999758601189
			vertex 0.006899999920278788 8.450063030547571e-19 0.013299999758601189
		endloop
	endfacet
	facet normal 0 0 1
		outer loop
			vertex -0.0006307588191702962 0.005463711451739073 0.013299999758601189
			vertex -0.00047087264829315245 0.006883914582431316 0.013299999758601189
			vertex -0.0014038465451449156 0.006755680311471224 0.013299999758601189
		endloop
	endfacet
	facet normal 0 0 1
		outer loop
			vertex -0.0006307588191702962 0.005463711451739073 0.013299999758601189
			vertex 0.00021066503541078418 0.0054959640838205814 0.013299999758601189
			vertex -0.00047087264829315245 0.006883914582431316 0.013299999758601189
		endloop
	endfacet
	facet normal 0 0 1
		outer loop
			vertex 0.005435542203485966 -0.000839571061078459 0.013299999758601189
			vertex 0.006835733074694872 -0.0009395498782396317 0.013299999758601189
			vertex 0.005499999970197678 -6.735557503102785e-19 0.013299999758601189
		endloop
	endfacet
	facet normal 0 0 1
		outer loop
			vertex 0.005435542203485966 -0.000839571061078459 0.013299999758601189
			vertex 0.006644129287451506 -0.00186159776058048 0.013299999758601189
			vertex 0.006835733074694872 -0.0009395498782396317 0.013299999758601189
		endloop
	endfacet
	facet normal 0 0 1
		outer loop
			vertex -0.0014573982916772366 0.005303394049406052 0.013299999758601189
			vertex -0.0014038465451449156 0.006755680311471224 0.013299999758601189
			vertex -0.002310669282451272 0.00650160014629364 0.013299999758601189
		endloop
	endfacet
	facet normal 0 0 1
		outer loop
			vertex -0.0014573982916772366 0.005303394049406052 0.013299999758601189
			vertex -0.0006307588191702962 0.005463711451739073 0.013299999758601189
			vertex -0.0014038465451449156 0.006755680311471224 0.013299999758601189
		endloop
	endfacet
	facet normal 0 0 1
		outer loop
			vertex 0.005243679974228144 -0.001659463276155293 0.013299999758601189
			vertex 0.006644129287451506 -0.00186159776058048 0.013299999758601189
			vertex 0.005435542203485966 -0.000839571061078459 0.013299999758601189
		endloop
	endfacet
	facet normal 0 0 1
		outer loop
			vertex 0.006328757852315903 -0.0027489676140248775 0.013299999758601189
			vertex 0.006644129287451506 -0.00186159776058048 0.013299999758601189
			vertex 0.005243679974228144 -0.001659463276155293 0.013299999758601189
		endloop
	endfacet
	facet normal 0 0 1
		outer loop
			vertex -0.0022498774342238903 0.005018769763410091 0.013299999758601189
			vertex -0.002310669282451272 0.00650160014629364 0.013299999758601189
			vertex -0.003174448851495981 0.006126407999545336 0.013299999758601189
		endloop
	endfacet
	facet normal 0 0 1
		outer loop
			vertex -0.0022498774342238903 0.005018769763410091 0.013299999758601189
			vertex -0.0014573982916772366 0.005303394049406052 0.013299999758601189
			vertex -0.002310669282451272 0.00650160014629364 0.013299999758601189
		endloop
	endfacet
	facet normal 0 0 1
		outer loop
			vertex 0.00492891063913703 -0.002440459094941616 0.013299999758601189
			vertex 0.006328757852315903 -0.0027489676140248775 0.013299999758601189
			vertex 0.005243679974228144 -0.001659463276155293 0.013299999758601189
		endloop
	endfacet
	facet normal 0 0 1
		outer loop
			vertex 0.005895494017750025 -0.003585129277780652 0.013299999758601189
			vertex 0.006328757852315903 -0.0027489676140248775 0.013299999758601189
			vertex 0.00492891063913703 -0.002440459094941616 0.013299999758601189
		endloop
	endfacet
	facet normal 0 0 1
		outer loop
			vertex -0.002989621600136161 0.004616509657353163 0.013299999758601189
			vertex -0.003174448851495981 0.006126407999545336 0.013299999758601189
			vertex -0.003979094326496124 0.005637092050164938 0.013299999758601189
		endloop
	endfacet
	facet normal 0 0 1
		outer loop
			vertex -0.002989621600136161 0.004616509657353163 0.013299999758601189
			vertex -0.0022498774342238903 0.005018769763410091 0.013299999758601189
			vertex -0.003174448851495981 0.006126407999545336 0.013299999758601189
		endloop
	endfacet
	facet normal 0 0 1
		outer loop
			vertex 0.00449861166998744 -0.003164252731949091 0.013299999758601189
			vertex 0.005895494017750025 -0.003585129277780652 0.013299999758601189
			vertex 0.00492891063913703 -0.002440459094941616 0.013299999758601189
		endloop
	endfacet
	facet normal 0 0 1
		outer loop
			vertex 0.005352407693862915 -0.004354506731033325 0.013299999758601189
			vertex 0.005895494017750025 -0.003585129277780652 0.013299999758601189
			vertex 0.00449861166998744 -0.003164252731949091 0.013299999758601189
		endloop
	endfacet
	facet normal 0 0 1
		outer loop
			vertex -0.003659291425719857 0.00410604290664196 0.013299999758601189
			vertex -0.002989621600136161 0.004616509657353163 0.013299999758601189
			vertex -0.003979094326496124 0.005637092050164938 0.013299999758601189
		endloop
	endfacet
	facet normal 0 0 1
		outer loop
			vertex -0.004709616769105196 0.005042768083512783 0.013299999758601189
			vertex -0.003659291425719857 0.00410604290664196 0.013299999758601189
			vertex -0.003979094326496124 0.005637092050164938 0.013299999758601189
		endloop
	endfacet
	facet normal 0 0 1
		outer loop
			vertex 0.003962868824601173 -0.0038138788659125566 0.013299999758601189
			vertex 0.005352407693862915 -0.004354506731033325 0.013299999758601189
			vertex 0.00449861166998744 -0.003164252731949091 0.013299999758601189
		endloop
	endfacet
	facet normal 0 0 1
		outer loop
			vertex 0.004709616769105196 -0.005042768083512783 0.013299999758601189
			vertex 0.005352407693862915 -0.004354506731033325 0.013299999758601189
			vertex 0.003962868824601173 -0.0038138788659125566 0.013299999758601189
		endloop
	endfacet
	facet normal 0 0 1
		outer loop
			vertex -0.00424319040030241 0.0034993335139006376 0.013299999758601189
			vertex -0.003659291425719857 0.00410604290664196 0.013299999758601189
			vertex -0.004709616769105196 0.005042768083512783 0.013299999758601189
		endloop
	endfacet
	facet normal 0 0 1
		outer loop
			vertex -0.005352407693862915 0.004354506731033325 0.013299999758601189
			vertex -0.00424319040030241 0.0034993335139006376 0.013299999758601189
			vertex -0.004709616769105196 0.005042768083512783 0.013299999758601189
		endloop
	endfacet
	facet normal 0 0 1
		outer loop
			vertex 0.003334239823743701 -0.004374110605567694 0.013299999758601189
			vertex 0.004709616769105196 -0.005042768083512783 0.013299999758601189
			vertex 0.003962868824601173 -0.0038138788659125566 0.013299999758601189
		endloop
	endfacet
	facet normal 0 0 1
		outer loop
			vertex 0.003979094326496124 -0.005637092050164938 0.013299999758601189
			vertex 0.004709616769105196 -0.005042768083512783 0.013299999758601189
			vertex 0.003334239823743701 -0.004374110605567694 0.013299999758601189
		endloop
	endfacet
	facet normal 0 0 1
		outer loop
			vertex 0.0026274588890373707 -0.004831817466765642 0.013299999758601189
			vertex 0.003979094326496124 -0.005637092050164938 0.013299999758601189
			vertex 0.003334239823743701 -0.004374110605567694 0.013299999758601189
		endloop
	endfacet
	facet normal 0 0 1
		outer loop
			vertex -0.005895494017750025 0.003585129277780652 0.013299999758601189
			vertex -0.004727632738649845 0.0028106027748435736 0.013299999758601189
			vertex -0.00424319040030241 0.0034993335139006376 0.013299999758601189
		endloop
	endfacet
	facet normal 0 0 1
		outer loop
			vertex -0.005895494017750025 0.003585129277780652 0.013299999758601189
			vertex -0.00424319040030241 0.0034993335139006376 0.013299999758601189
			vertex -0.005352407693862915 0.004354506731033325 0.013299999758601189
		endloop
	endfacet
	facet normal 0 0 1
		outer loop
			vertex 0.003174448851495981 -0.006126407999545336 0.013299999758601189
			vertex 0.003979094326496124 -0.005637092050164938 0.013299999758601189
			vertex 0.0026274588890373707 -0.004831817466765642 0.013299999758601189
		endloop
	endfacet
	facet normal 0 0 1
		outer loop
			vertex 0.00185909285210073 -0.005176270380616188 0.013299999758601189
			vertex 0.003174448851495981 -0.006126407999545336 0.013299999758601189
			vertex 0.0026274588890373707 -0.004831817466765642 0.013299999758601189
		endloop
	endfacet
	facet normal 0 0 1
		outer loop
			vertex -0.006328757852315903 0.0027489676140248775 0.013299999758601189
			vertex -0.004727632738649845 0.0028106027748435736 0.013299999758601189
			vertex -0.005895494017750025 0.003585129277780652 0.013299999758601189
		endloop
	endfacet
	facet normal 0 0 1
		outer loop
			vertex -0.006328757852315903 0.0027489676140248775 0.013299999758601189
			vertex -0.005101263523101807 0.002055994002148509 0.013299999758601189
			vertex -0.004727632738649845 0.0028106027748435736 0.013299999758601189
		endloop
	endfacet
	facet normal 0 0 1
		outer loop
			vertex 0.002310669282451272 -0.00650160014629364 0.013299999758601189
			vertex 0.003174448851495981 -0.006126407999545336 0.013299999758601189
			vertex 0.00185909285210073 -0.005176270380616188 0.013299999758601189
		endloop
	endfacet
	facet normal 0 0 1
		outer loop
			vertex -0.006644129287451506 0.00186159776058048 0.013299999758601189
			vertex -0.005101263523101807 0.002055994002148509 0.013299999758601189
			vertex -0.006328757852315903 0.0027489676140248775 0.013299999758601189
		endloop
	endfacet
	facet normal 0 0 1
		outer loop
			vertex -0.006644129287451506 0.00186159776058048 0.013299999758601189
			vertex -0.005355325061827898 0.001253194292075932 0.013299999758601189
			vertex -0.005101263523101807 0.002055994002148509 0.013299999758601189
		endloop
	endfacet
	facet normal 0 0 1
		outer loop
			vertex 0.0014038465451449156 -0.006755680311471224 0.013299999758601189
			vertex 0.00185909285210073 -0.005176270380616188 0.013299999758601189
			vertex 0.0010471510468050838 -0.00539939571171999 0.013299999758601189
		endloop
	endfacet
	facet normal 0 0 1
		outer loop
			vertex 0.0014038465451449156 -0.006755680311471224 0.013299999758601189
			vertex 0.002310669282451272 -0.00650160014629364 0.013299999758601189
			vertex 0.00185909285210073 -0.005176270380616188 0.013299999758601189
		endloop
	endfacet
	facet normal 0 0 1
		outer loop
			vertex -0.006835733074694872 0.0009395498782396317 0.013299999758601189
			vertex -0.005483862012624741 0.0004210209008306265 0.013299999758601189
			vertex -0.005355325061827898 0.001253194292075932 0.013299999758601189
		endloop
	endfacet
	facet normal 0 0 1
		outer loop
			vertex -0.006835733074694872 0.0009395498782396317 0.013299999758601189
			vertex -0.005355325061827898 0.001253194292075932 0.013299999758601189
			vertex -0.006644129287451506 0.00186159776058048 0.013299999758601189
		endloop
	endfacet
	facet normal 0 0 1
		outer loop
			vertex 0.00047087264829315245 -0.006883914582431316 0.013299999758601189
			vertex 0.0014038465451449156 -0.006755680311471224 0.013299999758601189
			vertex 0.0010471510468050838 -0.00539939571171999 0.013299999758601189
		endloop
	endfacet
	facet normal 0 0 1
		outer loop
			vertex 0.00047087264829315245 -0.006883914582431316 0.013299999758601189
			vertex 0.0010471510468050838 -0.00539939571171999 0.013299999758601189
			vertex 0.00021066503541078418 -0.0054959640838205814 0.013299999758601189
		endloop
	endfacet
	facet normal 0 0 1
		outer loop
			vertex -0.006899999920278788 -4.1209006534313866e-17 0.013299999758601189
			vertex -0.005483862012624741 0.0004210209008306265 0.013299999758601189
			vertex -0.006835733074694872 0.0009395498782396317 0.013299999758601189
		endloop
	endfacet
	facet normal 0 0 1
		outer loop
			vertex -0.006899999920278788 -4.1209006534313866e-17 0.013299999758601189
			vertex -0.005483862012624741 -0.0004210209008306265 0.013299999758601189
			vertex -0.005483862012624741 0.0004210209008306265 0.013299999758601189
		endloop
	endfacet
	facet normal 0 0 1
		outer loop
			vertex -0.00047087264829315245 -0.006883914582431316 0.013299999758601189
			vertex 0.00047087264829315245 -0.006883914582431316 0.013299999758601189
			vertex 0.00021066503541078418 -0.0054959640838205814 0.013299999758601189
		endloop
	endfacet
	facet normal 0 0 1
		outer loop
			vertex -0.00047087264829315245 -0.006883914582431316 0.013299999758601189
			vertex 0.00021066503541078418 -0.0054959640838205814 0.013299999758601189
			vertex -0.0006307588191702962 -0.005463711451739073 0.013299999758601189
		endloop
	endfacet
	facet normal 0 0 1
		outer loop
			vertex -0.006835733074694872 -0.0009395498782396317 0.013299999758601189
			vertex -0.005483862012624741 -0.0004210209008306265 0.013299999758601189
			vertex -0.006899999920278788 -4.1209006534313866e-17 0.013299999758601189
		endloop
	endfacet
	facet normal 0 0 1
		outer loop
			vertex -0.006835733074694872 -0.0009395498782396317 0.013299999758601189
			vertex -0.005355325061827898 -0.001253194292075932 0.013299999758601189
			vertex -0.005483862012624741 -0.0004210209008306265 0.013299999758601189
		endloop
	endfacet
	facet normal 0 0 1
		outer loop
			vertex -0.0014038465451449156 -0.006755680311471224 0.013299999758601189
			vertex -0.00047087264829315245 -0.006883914582431316 0.013299999758601189
			vertex -0.0006307588191702962 -0.005463711451739073 0.013299999758601189
		endloop
	endfacet
	facet normal 0 0 1
		outer loop
			vertex -0.0014038465451449156 -0.006755680311471224 0.013299999758601189
			vertex -0.0006307588191702962 -0.005463711451739073 0.013299999758601189
			vertex -0.0014573982916772366 -0.005303394049406052 0.013299999758601189
		endloop
	endfacet
	facet normal 0 0 1
		outer loop
			vertex -0.006644129287451506 -0.00186159776058048 0.013299999758601189
			vertex -0.005355325061827898 -0.001253194292075932 0.013299999758601189
			vertex -0.006835733074694872 -0.0009395498782396317 0.013299999758601189
		endloop
	endfacet
	facet normal 0 0 1
		outer loop
			vertex -0.006644129287451506 -0.00186159776058048 0.013299999758601189
			vertex -0.005101263523101807 -0.002055994002148509 0.013299999758601189
			vertex -0.005355325061827898 -0.001253194292075932 0.013299999758601189
		endloop
	endfacet
	facet normal 0 0 1
		outer loop
			vertex -0.002310669282451272 -0.00650160014629364 0.013299999758601189
			vertex -0.0014038465451449156 -0.006755680311471224 0.013299999758601189
			vertex -0.0014573982916772366 -0.005303394049406052 0.013299999758601189
		endloop
	endfacet
	facet normal 0 0 1
		outer loop
			vertex -0.002310669282451272 -0.00650160014629364 0.013299999758601189
			vertex -0.0014573982916772366 -0.005303394049406052 0.013299999758601189
			vertex -0.0022498774342238903 -0.005018769763410091 0.013299999758601189
		endloop
	endfacet
	facet normal 0 0 1
		outer loop
			vertex -0.006328757852315903 -0.0027489676140248775 0.013299999758601189
			vertex -0.005101263523101807 -0.002055994002148509 0.013299999758601189
			vertex -0.006644129287451506 -0.00186159776058048 0.013299999758601189
		endloop
	endfacet
	facet normal 0 0 1
		outer loop
			vertex -0.006328757852315903 -0.0027489676140248775 0.013299999758601189
			vertex -0.004727632738649845 -0.0028106027748435736 0.013299999758601189
			vertex -0.005101263523101807 -0.002055994002148509 0.013299999758601189
		endloop
	endfacet
	facet normal 0 0 1
		outer loop
			vertex -0.003174448851495981 -0.006126407999545336 0.013299999758601189
			vertex -0.002310669282451272 -0.00650160014629364 0.013299999758601189
			vertex -0.0022498774342238903 -0.005018769763410091 0.013299999758601189
		endloop
	endfacet
	facet normal 0 0 1
		outer loop
			vertex -0.003174448851495981 -0.006126407999545336 0.013299999758601189
			vertex -0.0022498774342238903 -0.005018769763410091 0.013299999758601189
			vertex -0.002989621600136161 -0.004616509657353163 0.013299999758601189
		endloop
	endfacet
	facet normal 0 0 1
		outer loop
			vertex -0.005895494017750025 -0.003585129277780652 0.013299999758601189
			vertex -0.004727632738649845 -0.0028106027748435736 0.013299999758601189
			vertex -0.006328757852315903 -0.0027489676140248775 0.013299999758601189
		endloop
	endfacet
	facet normal 0 0 1
		outer loop
			vertex -0.005895494017750025 -0.003585129277780652 0.013299999758601189
			vertex -0.00424319040030241 -0.0034993335139006376 0.013299999758601189
			vertex -0.004727632738649845 -0.0028106027748435736 0.013299999758601189
		endloop
	endfacet
	facet normal 0 0 1
		outer loop
			vertex -0.003979094326496124 -0.005637092050164938 0.013299999758601189
			vertex -0.003174448851495981 -0.006126407999545336 0.013299999758601189
			vertex -0.002989621600136161 -0.004616509657353163 0.013299999758601189
		endloop
	endfacet
	facet normal 0 0 1
		outer loop
			vertex -0.003979094326496124 -0.005637092050164938 0.013299999758601189
			vertex -0.002989621600136161 -0.004616509657353163 0.013299999758601189
			vertex -0.003659291425719857 -0.00410604290664196 0.013299999758601189
		endloop
	endfacet
	facet normal 0 0 1
		outer loop
			vertex -0.005352407693862915 -0.004354506731033325 0.013299999758601189
			vertex -0.00424319040030241 -0.0034993335139006376 0.013299999758601189
			vertex -0.005895494017750025 -0.003585129277780652 0.013299999758601189
		endloop
	endfacet
	facet normal 0 0 1
		outer loop
			vertex -0.004709616769105196 -0.005042768083512783 0.013299999758601189
			vertex -0.003979094326496124 -0.005637092050164938 0.013299999758601189
			vertex -0.003659291425719857 -0.00410604290664196 0.013299999758601189
		endloop
	endfacet
	facet normal 0 0 1
		outer loop
			vertex -0.004709616769105196 -0.005042768083512783 0.013299999758601189
			vertex -0.00424319040030241 -0.0034993335139006376 0.013299999758601189
			vertex -0.005352407693862915 -0.004354506731033325 0.013299999758601189
		endloop
	endfacet
	facet normal 0 0 1
		outer loop
			vertex -0.004709616769105196 -0.005042768083512783 0.013299999758601189
			vertex -0.003659291425719857 -0.00410604290664196 0.013299999758601189
			vertex -0.00424319040030241 -0.0034993335139006376 0.013299999758601189
		endloop
	endfacet
	facet normal 0 0 -1
		outer loop
			vertex -0.0020124611910432577 0.006599999964237213 0.003800000064074993
			vertex 0.0012188570108264685 0.006791493855416775 0.003800000064074993
			vertex 0.0020124611910432577 0.006599999964237213 0.003800000064074993
		endloop
	endfacet
	facet normal 0 0 -1
		outer loop
			vertex -0.0020124611910432577 0.006599999964237213 0.003800000064074993
			vertex 0.0004081903607584536 0.0068879155442118645 0.003800000064074993
			vertex 0.0012188570108264685 0.006791493855416775 0.003800000064074993
		endloop
	endfacet
	facet normal 0 0 -1
		outer loop
			vertex -0.0020124611910432577 0.006599999964237213 0.003800000064074993
			vertex -0.0004081903607584536 0.0068879155442118645 0.003800000064074993
			vertex 0.0004081903607584536 0.0068879155442118645 0.003800000064074993
		endloop
	endfacet
	facet normal 0 0 -1
		outer loop
			vertex -0.0020124611910432577 0.006599999964237213 0.003800000064074993
			vertex -0.0012188570108264685 0.006791493855416775 0.003800000064074993
			vertex -0.0004081903607584536 0.0068879155442118645 0.003800000064074993
		endloop
	endfacet
	facet normal 0 0 1
		outer loop
			vertex 0.006599999964237213 -0.006599999964237213 0.003800000064074993
			vertex 0.0042470539920032024 -0.00543806329369545 0.003800000064074993
			vertex 0.003551565110683441 -0.0059157744981348515 0.003800000064074993
		endloop
	endfacet
	facet normal 0 0 1
		outer loop
			vertex 0.006599999964237213 -0.006599999964237213 0.003800000064074993
			vertex 0.003551565110683441 -0.0059157744981348515 0.003800000064074993
			vertex 0.002802969655022025 -0.006305026821792126 0.003800000064074993
		endloop
	endfacet
	facet normal 0 0 1
		outer loop
			vertex 0.006599999964237213 -0.006599999964237213 0.003800000064074993
			vertex 0.002802969655022025 -0.006305026821792126 0.003800000064074993
			vertex 0.0020124611910432577 -0.006599999964237213 0.003800000064074993
		endloop
	endfacet
	facet normal 0 0 1
		outer loop
			vertex 0.004879036918282509 -0.004879036918282509 0.003800000064074993
			vertex 0.0042470539920032024 -0.00543806329369545 0.003800000064074993
			vertex 0.006599999964237213 -0.006599999964237213 0.003800000064074993
		endloop
	endfacet
	facet normal 0 0 1
		outer loop
			vertex 0.00543806329369545 -0.0042470539920032024 0.003800000064074993
			vertex 0.004879036918282509 -0.004879036918282509 0.003800000064074993
			vertex 0.006599999964237213 -0.006599999964237213 0.003800000064074993
		endloop
	endfacet
	facet normal 0 0 1
		outer loop
			vertex 0.0059157744981348515 -0.003551565110683441 0.003800000064074993
			vertex 0.00543806329369545 -0.0042470539920032024 0.003800000064074993
			vertex 0.006599999964237213 -0.006599999964237213 0.003800000064074993
		endloop
	endfacet
	facet normal 0 0 1
		outer loop
			vertex 0.006305026821792126 -0.002802969655022025 0.003800000064074993
			vertex 0.0059157744981348515 -0.003551565110683441 0.003800000064074993
			vertex 0.006599999964237213 -0.006599999964237213 0.003800000064074993
		endloop
	endfacet
	facet normal 0 0 1
		outer loop
			vertex 0.006599999964237213 -0.0020124611910432577 0.003800000064074993
			vertex 0.006305026821792126 -0.002802969655022025 0.003800000064074993
			vertex 0.006599999964237213 -0.006599999964237213 0.003800000064074993
		endloop
	endfacet
	facet normal 0 0 1
		outer loop
			vertex -0.0042470539920032024 -0.00543806329369545 0.003800000064074993
			vertex -0.004879036918282509 -0.004879036918282509 0.003800000064074993
			vertex -0.006599999964237213 -0.006599999964237213 0.003800000064074993
		endloop
	endfacet
	facet normal 0 0 1
		outer loop
			vertex -0.00543806329369545 -0.0042470539920032024 0.003800000064074993
			vertex -0.006599999964237213 -0.006599999964237213 0.003800000064074993
			vertex -0.004879036918282509 -0.004879036918282509 0.003800000064074993
		endloop
	endfacet
	facet normal 0 0 1
		outer loop
			vertex -0.003551565110683441 -0.0059157744981348515 0.003800000064074993
			vertex -0.0042470539920032024 -0.00543806329369545 0.003800000064074993
			vertex -0.006599999964237213 -0.006599999964237213 0.003800000064074993
		endloop
	endfacet
	facet normal 0 0 1
		outer loop
			vertex -0.0059157744981348515 -0.003551565110683441 0.003800000064074993
			vertex -0.006599999964237213 -0.006599999964237213 0.003800000064074993
			vertex -0.00543806329369545 -0.0042470539920032024 0.003800000064074993
		endloop
	endfacet
	facet normal 0 0 1
		outer loop
			vertex -0.002802969655022025 -0.006305026821792126 0.003800000064074993
			vertex -0.003551565110683441 -0.0059157744981348515 0.003800000064074993
			vertex -0.006599999964237213 -0.006599999964237213 0.003800000064074993
		endloop
	endfacet
	facet normal 0 0 1
		outer loop
			vertex -0.006305026821792126 -0.002802969655022025 0.003800000064074993
			vertex -0.006599999964237213 -0.006599999964237213 0.003800000064074993
			vertex -0.0059157744981348515 -0.003551565110683441 0.003800000064074993
		endloop
	endfacet
	facet normal 0 0 1
		outer loop
			vertex -0.0020124611910432577 -0.006599999964237213 0.003800000064074993
			vertex -0.002802969655022025 -0.006305026821792126 0.003800000064074993
			vertex -0.006599999964237213 -0.006599999964237213 0.003800000064074993
		endloop
	endfacet
	facet normal 0 0 1
		outer loop
			vertex -0.006599999964237213 -0.0020124611910432577 0.003800000064074993
			vertex -0.006599999964237213 -0.006599999964237213 0.003800000064074993
			vertex -0.006305026821792126 -0.002802969655022025 0.003800000064074993
		endloop
	endfacet
	facet normal 0 0 1
		outer loop
			vertex 0.006599999964237213 0.006599999964237213 0.003800000064074993
			vertex 0.003551565110683441 0.0059157744981348515 0.003800000064074993
			vertex 0.0042470539920032024 0.00543806329369545 0.003800000064074993
		endloop
	endfacet
	facet normal 0 0 1
		outer loop
			vertex 0.006599999964237213 0.006599999964237213 0.003800000064074993
			vertex 0.0042470539920032024 0.00543806329369545 0.003800000064074993
			vertex 0.004879036918282509 0.004879036918282509 0.003800000064074993
		endloop
	endfacet
	facet normal 0 0 1
		outer loop
			vertex 0.006599999964237213 0.006599999964237213 0.003800000064074993
			vertex 0.004879036918282509 0.004879036918282509 0.003800000064074993
			vertex 0.00543806329369545 0.0042470539920032024 0.003800000064074993
		endloop
	endfacet
	facet normal 0 0 1
		outer loop
			vertex 0.006599999964237213 0.006599999964237213 0.003800000064074993
			vertex 0.00543806329369545 0.0042470539920032024 0.003800000064074993
			vertex 0.0059157744981348515 0.003551565110683441 0.003800000064074993
		endloop
	endfacet
	facet normal 0 0 1
		outer loop
			vertex 0.006599999964237213 0.006599999964237213 0.003800000064074993
			vertex 0.0059157744981348515 0.003551565110683441 0.003800000064074993
			vertex 0.006305026821792126 0.002802969655022025 0.003800000064074993
		endloop
	endfacet
	facet normal 0 0 1
		outer loop
			vertex 0.006599999964237213 0.006599999964237213 0.003800000064074993
			vertex 0.006305026821792126 0.002802969655022025 0.003800000064074993
			vertex 0.006599999964237213 0.0020124611910432577 0.003800000064074993
		endloop
	endfacet
	facet normal 0 0 1
		outer loop
			vertex 0.006599999964237213 0.006599999964237213 0.003800000064074993
			vertex 0.0020124611910432577 0.006599999964237213 0.003800000064074993
			vertex 0.002802969655022025 0.006305026821792126 0.003800000064074993
		endloop
	endfacet
	facet normal 0 0 1
		outer loop
			vertex 0.006599999964237213 0.006599999964237213 0.003800000064074993
			vertex 0.002802969655022025 0.006305026821792126 0.003800000064074993
			vertex 0.003551565110683441 0.0059157744981348515 0.003800000064074993
		endloop
	endfacet
	facet normal 1 0 0
		outer loop
			vertex 0.006599999964237213 -0.0020124611910432577 0.003800000064074993
			vertex 0.006599999964237213 -0.006599999964237213 0
			vertex 0.006599999964237213 -0.0020000000949949026 0
		endloop
	endfacet
	facet normal 1 0 0
		outer loop
			vertex 0.006599999964237213 -0.0020124611910432577 0.003800000064074993
			vertex 0.006599999964237213 -0.006599999964237213 0.003800000064074993
			vertex 0.006599999964237213 -0.006599999964237213 0
		endloop
	endfacet
	facet normal 1 0 0
		outer loop
			vertex 0.006599999964237213 -0.0020000000949949026 0.003800000064074993
			vertex 0.006599999964237213 -0.0020124611910432577 0.003800000064074993
			vertex 0.006599999964237213 -0.0020000000949949026 0
		endloop
	endfacet
	facet normal 0 -1 0
		outer loop
			vertex -0.0020124611910432577 -0.006599999964237213 0.003800000064074993
			vertex -0.006599999964237213 -0.006599999964237213 0.003800000064074993
			vertex -0.006599999964237213 -0.006599999964237213 0
		endloop
	endfacet
	facet normal 0 -1 0
		outer loop
			vertex 0.006599999964237213 -0.006599999964237213 0
			vertex 0.0020124611910432577 -0.006599999964237213 0.003800000064074993
			vertex -0.0020124611910432577 -0.006599999964237213 0.003800000064074993
		endloop
	endfacet
	facet normal 0 -1 0
		outer loop
			vertex 0.006599999964237213 -0.006599999964237213 0
			vertex -0.0020124611910432577 -0.006599999964237213 0.003800000064074993
			vertex -0.006599999964237213 -0.006599999964237213 0
		endloop
	endfacet
	facet normal 0 -1 0
		outer loop
			vertex 0.006599999964237213 -0.006599999964237213 0.003800000064074993
			vertex 0.0020124611910432577 -0.006599999964237213 0.003800000064074993
			vertex 0.006599999964237213 -0.006599999964237213 0
		endloop
	endfacet
	facet normal -1 0 0
		outer loop
			vertex -0.006599999964237213 -0.0020124611910432577 0.003800000064074993
			vertex -0.006599999964237213 -0.0020000000949949026 0.003800000064074993
			vertex -0.006599999964237213 -0.0020000000949949026 0
		endloop
	endfacet
	facet normal -1 0 0
		outer loop
			vertex -0.006599999964237213 -0.006599999964237213 0
			vertex -0.006599999964237213 -0.0020124611910432577 0.003800000064074993
			vertex -0.006599999964237213 -0.0020000000949949026 0
		endloop
	endfacet
	facet normal -1 0 0
		outer loop
			vertex -0.006599999964237213 -0.006599999964237213 0.003800000064074993
			vertex -0.006599999964237213 -0.0020124611910432577 0.003800000064074993
			vertex -0.006599999964237213 -0.006599999964237213 0
		endloop
	endfacet
	facet normal 0 -1 0
		outer loop
			vertex -0.0066037867218256 -0.0020000000949949026 0.003800000064074993
			vertex -0.00860000029206276 -0.0020000000949949026 0.003800000064074993
			vertex -0.00860000029206276 -0.0020000000949949026 0
		endloop
	endfacet
	facet normal 0 -1 0
		outer loop
			vertex -0.0066037867218256 -0.0020000000949949026 0.003800000064074993
			vertex -0.00860000029206276 -0.0020000000949949026 0
			vertex -0.006599999964237213 -0.0020000000949949026 0
		endloop
	endfacet
	facet normal 0 -1 0
		outer loop
			vertex -0.006599999964237213 -0.0020000000949949026 0.003800000064074993
			vertex -0.0066037867218256 -0.0020000000949949026 0.003800000064074993
			vertex -0.006599999964237213 -0.0020000000949949026 0
		endloop
	endfacet
	facet normal -1 0 0
		outer loop
			vertex -0.006599999964237213 0.0020124611910432577 0.003800000064074993
			vertex -0.006599999964237213 0.006599999964237213 0
			vertex -0.006599999964237213 0.0020000000949949026 0
		endloop
	endfacet
	facet normal -1 0 0
		outer loop
			vertex -0.006599999964237213 0.0020124611910432577 0.003800000064074993
			vertex -0.006599999964237213 0.006599999964237213 0.003800000064074993
			vertex -0.006599999964237213 0.006599999964237213 0
		endloop
	endfacet
	facet normal -1 0 0
		outer loop
			vertex -0.006599999964237213 0.0020000000949949026 0.003800000064074993
			vertex -0.006599999964237213 0.0020124611910432577 0.003800000064074993
			vertex -0.006599999964237213 0.0020000000949949026 0
		endloop
	endfacet
	facet normal 0 1 0
		outer loop
			vertex 0.0020124611910432577 0.006599999964237213 0.003800000064074993
			vertex 0.006599999964237213 0.006599999964237213 0.003800000064074993
			vertex 0.006599999964237213 0.006599999964237213 0
		endloop
	endfacet
	facet normal 0 1 0
		outer loop
			vertex -0.006599999964237213 0.006599999964237213 0
			vertex -0.0020124611910432577 0.006599999964237213 0.003800000064074993
			vertex 0.0020124611910432577 0.006599999964237213 0.003800000064074993
		endloop
	endfacet
	facet normal 0 1 0
		outer loop
			vertex -0.006599999964237213 0.006599999964237213 0
			vertex 0.0020124611910432577 0.006599999964237213 0.003800000064074993
			vertex 0.006599999964237213 0.006599999964237213 0
		endloop
	endfacet
	facet normal 0 1 0
		outer loop
			vertex -0.006599999964237213 0.006599999964237213 0.003800000064074993
			vertex -0.0020124611910432577 0.006599999964237213 0.003800000064074993
			vertex -0.006599999964237213 0.006599999964237213 0
		endloop
	endfacet
	facet normal 1 0 0
		outer loop
			vertex 0.006599999964237213 0.0020124611910432577 0.003800000064074993
			vertex 0.006599999964237213 0.0020000000949949026 0.003800000064074993
			vertex 0.006599999964237213 0.0020000000949949026 0
		endloop
	endfacet
	facet normal 1 0 0
		outer loop
			vertex 0.006599999964237213 0.006599999964237213 0
			vertex 0.006599999964237213 0.0020124611910432577 0.003800000064074993
			vertex 0.006599999964237213 0.0020000000949949026 0
		endloop
	endfacet
	facet normal 1 0 0
		outer loop
			vertex 0.006599999964237213 0.006599999964237213 0.003800000064074993
			vertex 0.006599999964237213 0.0020124611910432577 0.003800000064074993
			vertex 0.006599999964237213 0.006599999964237213 0
		endloop
	endfacet
	facet normal 0 1 0
		outer loop
			vertex 0.0066037867218256 0.0020000000949949026 0.003800000064074993
			vertex 0.00860000029206276 0.0020000000949949026 0.003800000064074993
			vertex 0.00860000029206276 0.0020000000949949026 0
		endloop
	endfacet
	facet normal 0 1 0
		outer loop
			vertex 0.0066037867218256 0.0020000000949949026 0.003800000064074993
			vertex 0.00860000029206276 0.0020000000949949026 0
			vertex 0.006599999964237213 0.0020000000949949026 0
		endloop
	endfacet
	facet normal 0 1 0
		outer loop
			vertex 0.006599999964237213 0.0020000000949949026 0.003800000064074993
			vertex 0.0066037867218256 0.0020000000949949026 0.003800000064074993
			vertex 0.006599999964237213 0.0020000000949949026 0
		endloop
	endfacet
	facet normal 0 0 1
		outer loop
			vertex -0.006599999964237213 0.006599999964237213 0.003800000064074993
			vertex -0.006599999964237213 0.0020124611910432577 0.003800000064074993
			vertex -0.006305026821792126 0.002802969655022025 0.003800000064074993
		endloop
	endfacet
	facet normal 0 0 1
		outer loop
			vertex -0.006599999964237213 0.006599999964237213 0.003800000064074993
			vertex -0.006305026821792126 0.002802969655022025 0.003800000064074993
			vertex -0.0059157744981348515 0.003551565110683441 0.003800000064074993
		endloop
	endfacet
	facet normal 0 0 1
		outer loop
			vertex -0.006599999964237213 0.006599999964237213 0.003800000064074993
			vertex -0.0059157744981348515 0.003551565110683441 0.003800000064074993
			vertex -0.00543806329369545 0.0042470539920032024 0.003800000064074993
		endloop
	endfacet
	facet normal 0 0 1
		outer loop
			vertex -0.004879036918282509 0.004879036918282509 0.003800000064074993
			vertex -0.006599999964237213 0.006599999964237213 0.003800000064074993
			vertex -0.00543806329369545 0.0042470539920032024 0.003800000064074993
		endloop
	endfacet
	facet normal 0 0 1
		outer loop
			vertex -0.0042470539920032024 0.00543806329369545 0.003800000064074993
			vertex -0.006599999964237213 0.006599999964237213 0.003800000064074993
			vertex -0.004879036918282509 0.004879036918282509 0.003800000064074993
		endloop
	endfacet
	facet normal 0 0 1
		outer loop
			vertex -0.003551565110683441 0.0059157744981348515 0.003800000064074993
			vertex -0.006599999964237213 0.006599999964237213 0.003800000064074993
			vertex -0.0042470539920032024 0.00543806329369545 0.003800000064074993
		endloop
	endfacet
	facet normal 0 0 1
		outer loop
			vertex -0.0020124611910432577 0.006599999964237213 0.003800000064074993
			vertex -0.006599999964237213 0.006599999964237213 0.003800000064074993
			vertex -0.002802969655022025 0.006305026821792126 0.003800000064074993
		endloop
	endfacet
	facet normal 0 0 1
		outer loop
			vertex -0.002802969655022025 0.006305026821792126 0.003800000064074993
			vertex -0.006599999964237213 0.006599999964237213 0.003800000064074993
			vertex -0.003551565110683441 0.0059157744981348515 0.003800000064074993
		endloop
	endfacet
	facet normal -0.997065792330986 0.07654936814489943 0
		outer loop
			vertex 0.005435542203485966 -0.000839571061078459 0.013299999758601189
			vertex 0.005499999970197678 6.735557503102785e-19 0.02630000002682209
			vertex 0.005499999970197678 6.735557503102785e-19 0.013299999758601189
		endloop
	endfacet
	facet normal -0.997065792330986 0.07654936814489943 0
		outer loop
			vertex 0.005435542203485966 -0.000839571061078459 0.013299999758601189
			vertex 0.005435542203485966 -0.000839571061078459 0.02630000002682209
			vertex 0.005499999970197678 6.735557503102785e-19 0.02630000002682209
		endloop
	endfacet
	facet normal -0.9736954085848274 0.22785357425510372 0
		outer loop
			vertex 0.005243679974228144 -0.001659463276155293 0.013299999758601189
			vertex 0.005243679974228144 -0.001659463276155293 0.02630000002682209
			vertex 0.005435542203485966 -0.000839571061078459 0.02630000002682209
		endloop
	endfacet
	facet normal -0.9736954085848274 0.22785357425510372 0
		outer loop
			vertex 0.005243679974228144 -0.001659463276155293 0.013299999758601189
			vertex 0.005435542203485966 -0.000839571061078459 0.02630000002682209
			vertex 0.005435542203485966 -0.000839571061078459 0.013299999758601189
		endloop
	endfacet
	facet normal -0.9275025577677426 0.37381680718541205 0
		outer loop
			vertex 0.00492891063913703 -0.002440459094941616 0.013299999758601189
			vertex 0.00492891063913703 -0.002440459094941616 0.02630000002682209
			vertex 0.005243679974228144 -0.001659463276155293 0.02630000002682209
		endloop
	endfacet
	facet normal -0.9275025577677426 0.37381680718541205 0
		outer loop
			vertex 0.00492891063913703 -0.002440459094941616 0.013299999758601189
			vertex 0.005243679974228144 -0.001659463276155293 0.02630000002682209
			vertex 0.005243679974228144 -0.001659463276155293 0.013299999758601189
		endloop
	endfacet
	facet normal -0.8595696997044756 0.511018523490057 0
		outer loop
			vertex 0.00449861166998744 -0.003164252731949091 0.013299999758601189
			vertex 0.00492891063913703 -0.002440459094941616 0.02630000002682209
			vertex 0.00492891063913703 -0.002440459094941616 0.013299999758601189
		endloop
	endfacet
	facet normal -0.8595696997044756 0.511018523490057 0
		outer loop
			vertex 0.00449861166998744 -0.003164252731949091 0.013299999758601189
			vertex 0.00449861166998744 -0.003164252731949091 0.02630000002682209
			vertex 0.00492891063913703 -0.002440459094941616 0.02630000002682209
		endloop
	endfacet
	facet normal -0.7714891115838349 0.6362425250701066 0
		outer loop
			vertex 0.003962868824601173 -0.0038138788659125566 0.013299999758601189
			vertex 0.00449861166998744 -0.003164252731949091 0.02630000002682209
			vertex 0.00449861166998744 -0.003164252731949091 0.013299999758601189
		endloop
	endfacet
	facet normal -0.7714891115838349 0.6362425250701066 0
		outer loop
			vertex 0.003962868824601173 -0.0038138788659125566 0.013299999758601189
			vertex 0.003962868824601173 -0.0038138788659125566 0.02630000002682209
			vertex 0.00449861166998744 -0.003164252731949091 0.02630000002682209
		endloop
	endfacet
	facet normal -0.6653255050684926 0.7465533954817668 0
		outer loop
			vertex 0.003334239823743701 -0.004374110605567694 0.013299999758601189
			vertex 0.003962868824601173 -0.0038138788659125566 0.02630000002682209
			vertex 0.003962868824601173 -0.0038138788659125566 0.013299999758601189
		endloop
	endfacet
	facet normal -0.6653255050684926 0.7465533954817668 0
		outer loop
			vertex 0.003334239823743701 -0.004374110605567694 0.013299999758601189
			vertex 0.003334239823743701 -0.004374110605567694 0.02630000002682209
			vertex 0.003962868824601173 -0.0038138788659125566 0.02630000002682209
		endloop
	endfacet
	facet normal -0.5435676831038039 0.8393653399355745 0
		outer loop
			vertex 0.0026274588890373707 -0.004831817466765642 0.013299999758601189
			vertex 0.003334239823743701 -0.004374110605567694 0.02630000002682209
			vertex 0.003334239823743701 -0.004374110605567694 0.013299999758601189
		endloop
	endfacet
	facet normal -0.5435676831038039 0.8393653399355745 0
		outer loop
			vertex 0.0026274588890373707 -0.004831817466765642 0.013299999758601189
			vertex 0.0026274588890373707 -0.004831817466765642 0.02630000002682209
			vertex 0.003334239823743701 -0.004374110605567694 0.02630000002682209
		endloop
	endfacet
	facet normal -0.40906872605052835 0.9125035766326606 0
		outer loop
			vertex 0.00185909285210073 -0.005176270380616188 0.013299999758601189
			vertex 0.0026274588890373707 -0.004831817466765642 0.02630000002682209
			vertex 0.0026274588890373707 -0.004831817466765642 0.013299999758601189
		endloop
	endfacet
	facet normal -0.40906872605052835 0.9125035766326606 0
		outer loop
			vertex 0.00185909285210073 -0.005176270380616188 0.013299999758601189
			vertex 0.00185909285210073 -0.005176270380616188 0.02630000002682209
			vertex 0.0026274588890373707 -0.004831817466765642 0.02630000002682209
		endloop
	endfacet
	facet normal -0.26498129742030474 0.9642535517266464 0
		outer loop
			vertex 0.0010471510468050838 -0.00539939571171999 0.013299999758601189
			vertex 0.00185909285210073 -0.005176270380616188 0.02630000002682209
			vertex 0.00185909285210073 -0.005176270380616188 0.013299999758601189
		endloop
	endfacet
	facet normal -0.26498129742030474 0.9642535517266464 0
		outer loop
			vertex 0.0010471510468050838 -0.00539939571171999 0.013299999758601189
			vertex 0.0010471510468050838 -0.00539939571171999 0.02630000002682209
			vertex 0.00185909285210073 -0.005176270380616188 0.02630000002682209
		endloop
	endfacet
	facet normal -0.1146835924101209 0.9934020704789724 0
		outer loop
			vertex 0.00021066503541078418 -0.0054959640838205814 0.013299999758601189
			vertex 0.0010471510468050838 -0.00539939571171999 0.02630000002682209
			vertex 0.0010471510468050838 -0.00539939571171999 0.013299999758601189
		endloop
	endfacet
	facet normal -0.1146835924101209 0.9934020704789724 0
		outer loop
			vertex 0.00021066503541078418 -0.0054959640838205814 0.013299999758601189
			vertex 0.00021066503541078418 -0.0054959640838205814 0.02630000002682209
			vertex 0.0010471510468050838 -0.00539939571171999 0.02630000002682209
		endloop
	endfacet
	facet normal 0.038302888754288944 0.9992661751070515 0
		outer loop
			vertex -0.0006307588191702962 -0.005463711451739073 0.013299999758601189
			vertex 0.00021066503541078418 -0.0054959640838205814 0.02630000002682209
			vertex 0.00021066503541078418 -0.0054959640838205814 0.013299999758601189
		endloop
	endfacet
	facet normal 0.038302888754288944 0.9992661751070515 0
		outer loop
			vertex -0.0006307588191702962 -0.005463711451739073 0.013299999758601189
			vertex -0.0006307588191702962 -0.005463711451739073 0.02630000002682209
			vertex 0.00021066503541078418 -0.0054959640838205814 0.02630000002682209
		endloop
	endfacet
	facet normal 0.19039125100481075 0.9817082924885697 0
		outer loop
			vertex -0.0014573982916772366 -0.005303394049406052 0.013299999758601189
			vertex -0.0006307588191702962 -0.005463711451739073 0.02630000002682209
			vertex -0.0006307588191702962 -0.005463711451739073 0.013299999758601189
		endloop
	endfacet
	facet normal 0.19039125100481075 0.9817082924885697 0
		outer loop
			vertex -0.0014573982916772366 -0.005303394049406052 0.013299999758601189
			vertex -0.0014573982916772366 -0.005303394049406052 0.02630000002682209
			vertex -0.0006307588191702962 -0.005463711451739073 0.02630000002682209
		endloop
	endfacet
	facet normal 0.3380168652319867 0.9411400527119974 0
		outer loop
			vertex -0.0022498774342238903 -0.005018769763410091 0.013299999758601189
			vertex -0.0014573982916772366 -0.005303394049406052 0.02630000002682209
			vertex -0.0014573982916772366 -0.005303394049406052 0.013299999758601189
		endloop
	endfacet
	facet normal 0.3380168652319867 0.9411400527119974 0
		outer loop
			vertex -0.0022498774342238903 -0.005018769763410091 0.013299999758601189
			vertex -0.0022498774342238903 -0.005018769763410091 0.02630000002682209
			vertex -0.0014573982916772366 -0.005303394049406052 0.02630000002682209
		endloop
	endfacet
	facet normal 0.477719800294612 0.8785122608173869 0
		outer loop
			vertex -0.002989621600136161 -0.004616509657353163 0.013299999758601189
			vertex -0.0022498774342238903 -0.005018769763410091 0.02630000002682209
			vertex -0.0022498774342238903 -0.005018769763410091 0.013299999758601189
		endloop
	endfacet
	facet normal 0.477719800294612 0.8785122608173869 0
		outer loop
			vertex -0.002989621600136161 -0.004616509657353163 0.013299999758601189
			vertex -0.002989621600136161 -0.004616509657353163 0.02630000002682209
			vertex -0.0022498774342238903 -0.005018769763410091 0.02630000002682209
		endloop
	endfacet
	facet normal 0.6062251301120116 0.7952930853595261 0
		outer loop
			vertex -0.003659291425719857 -0.00410604290664196 0.013299999758601189
			vertex -0.002989621600136161 -0.004616509657353163 0.02630000002682209
			vertex -0.002989621600136161 -0.004616509657353163 0.013299999758601189
		endloop
	endfacet
	facet normal 0.6062251301120116 0.7952930853595261 0
		outer loop
			vertex -0.003659291425719857 -0.00410604290664196 0.013299999758601189
			vertex -0.003659291425719857 -0.00410604290664196 0.02630000002682209
			vertex -0.002989621600136161 -0.004616509657353163 0.02630000002682209
		endloop
	endfacet
	facet normal 0.7205217515462138 0.6934323366766048 0
		outer loop
			vertex -0.00424319040030241 -0.0034993335139006376 0.013299999758601189
			vertex -0.003659291425719857 -0.00410604290664196 0.02630000002682209
			vertex -0.003659291425719857 -0.00410604290664196 0.013299999758601189
		endloop
	endfacet
	facet normal 0.7205217515462138 0.6934323366766048 0
		outer loop
			vertex -0.00424319040030241 -0.0034993335139006376 0.013299999758601189
			vertex -0.00424319040030241 -0.0034993335139006376 0.02630000002682209
			vertex -0.003659291425719857 -0.00410604290664196 0.02630000002682209
		endloop
	endfacet
	facet normal 0.8179293839374063 0.5753186272768988 0
		outer loop
			vertex -0.004727632738649845 -0.0028106027748435736 0.013299999758601189
			vertex -0.00424319040030241 -0.0034993335139006376 0.02630000002682209
			vertex -0.00424319040030241 -0.0034993335139006376 0.013299999758601189
		endloop
	endfacet
	facet normal 0.8179293839374063 0.5753186272768988 0
		outer loop
			vertex -0.004727632738649845 -0.0028106027748435736 0.013299999758601189
			vertex -0.004727632738649845 -0.0028106027748435736 0.02630000002682209
			vertex -0.00424319040030241 -0.0034993335139006376 0.02630000002682209
		endloop
	endfacet
	facet normal 0.8961654738214752 0.4437200057810453 0
		outer loop
			vertex -0.005101263523101807 -0.002055994002148509 0.013299999758601189
			vertex -0.005101263523101807 -0.002055994002148509 0.02630000002682209
			vertex -0.004727632738649845 -0.0028106027748435736 0.02630000002682209
		endloop
	endfacet
	facet normal 0.8961654738214752 0.4437200057810453 0
		outer loop
			vertex -0.005101263523101807 -0.002055994002148509 0.013299999758601189
			vertex -0.004727632738649845 -0.0028106027748435736 0.02630000002682209
			vertex -0.004727632738649845 -0.0028106027748435736 0.013299999758601189
		endloop
	endfacet
	facet normal 0.9533963399887643 0.3017207631172054 0
		outer loop
			vertex -0.005355325061827898 -0.001253194292075932 0.013299999758601189
			vertex -0.005355325061827898 -0.001253194292075932 0.02630000002682209
			vertex -0.005101263523101807 -0.002055994002148509 0.02630000002682209
		endloop
	endfacet
	facet normal 0.9533963399887643 0.3017207631172054 0
		outer loop
			vertex -0.005355325061827898 -0.001253194292075932 0.013299999758601189
			vertex -0.005101263523101807 -0.002055994002148509 0.02630000002682209
			vertex -0.005101263523101807 -0.002055994002148509 0.013299999758601189
		endloop
	endfacet
	facet normal 0.988280445591544 0.15264914300899135 0
		outer loop
			vertex -0.005483862012624741 -0.0004210209008306265 0.013299999758601189
			vertex -0.005483862012624741 -0.0004210209008306265 0.02630000002682209
			vertex -0.005355325061827898 -0.001253194292075932 0.02630000002682209
		endloop
	endfacet
	facet normal 0.988280445591544 0.15264914300899135 0
		outer loop
			vertex -0.005483862012624741 -0.0004210209008306265 0.013299999758601189
			vertex -0.005355325061827898 -0.001253194292075932 0.02630000002682209
			vertex -0.005355325061827898 -0.001253194292075932 0.013299999758601189
		endloop
	endfacet
	facet normal 1 0 0
		outer loop
			vertex -0.005483862012624741 0.0004210209008306265 0.013299999758601189
			vertex -0.005483862012624741 0.0004210209008306265 0.02630000002682209
			vertex -0.005483862012624741 -0.0004210209008306265 0.02630000002682209
		endloop
	endfacet
	facet normal 1 0 0
		outer loop
			vertex -0.005483862012624741 0.0004210209008306265 0.013299999758601189
			vertex -0.005483862012624741 -0.0004210209008306265 0.02630000002682209
			vertex -0.005483862012624741 -0.0004210209008306265 0.013299999758601189
		endloop
	endfacet
	facet normal 0.988280445591544 -0.15264914300899135 0
		outer loop
			vertex -0.005355325061827898 0.001253194292075932 0.013299999758601189
			vertex -0.005355325061827898 0.001253194292075932 0.02630000002682209
			vertex -0.005483862012624741 0.0004210209008306265 0.02630000002682209
		endloop
	endfacet
	facet normal 0.988280445591544 -0.15264914300899135 0
		outer loop
			vertex -0.005355325061827898 0.001253194292075932 0.013299999758601189
			vertex -0.005483862012624741 0.0004210209008306265 0.02630000002682209
			vertex -0.005483862012624741 0.0004210209008306265 0.013299999758601189
		endloop
	endfacet
	facet normal 0.9533963399887643 -0.3017207631172054 0
		outer loop
			vertex -0.005101263523101807 0.002055994002148509 0.013299999758601189
			vertex -0.005101263523101807 0.002055994002148509 0.02630000002682209
			vertex -0.005355325061827898 0.001253194292075932 0.02630000002682209
		endloop
	endfacet
	facet normal 0.9533963399887643 -0.3017207631172054 0
		outer loop
			vertex -0.005101263523101807 0.002055994002148509 0.013299999758601189
			vertex -0.005355325061827898 0.001253194292075932 0.02630000002682209
			vertex -0.005355325061827898 0.001253194292075932 0.013299999758601189
		endloop
	endfacet
	facet normal 0.8961654738214752 -0.4437200057810453 0
		outer loop
			vertex -0.004727632738649845 0.0028106027748435736 0.013299999758601189
			vertex -0.004727632738649845 0.0028106027748435736 0.02630000002682209
			vertex -0.005101263523101807 0.002055994002148509 0.02630000002682209
		endloop
	endfacet
	facet normal 0.8961654738214752 -0.4437200057810453 0
		outer loop
			vertex -0.004727632738649845 0.0028106027748435736 0.013299999758601189
			vertex -0.005101263523101807 0.002055994002148509 0.02630000002682209
			vertex -0.005101263523101807 0.002055994002148509 0.013299999758601189
		endloop
	endfacet
	facet normal 0.8179293839374063 -0.5753186272768988 0
		outer loop
			vertex -0.00424319040030241 0.0034993335139006376 0.013299999758601189
			vertex -0.00424319040030241 0.0034993335139006376 0.02630000002682209
			vertex -0.004727632738649845 0.0028106027748435736 0.02630000002682209
		endloop
	endfacet
	facet normal 0.8179293839374063 -0.5753186272768988 0
		outer loop
			vertex -0.00424319040030241 0.0034993335139006376 0.013299999758601189
			vertex -0.004727632738649845 0.0028106027748435736 0.02630000002682209
			vertex -0.004727632738649845 0.0028106027748435736 0.013299999758601189
		endloop
	endfacet
	facet normal 0.7205217515462138 -0.6934323366766048 0
		outer loop
			vertex -0.003659291425719857 0.00410604290664196 0.013299999758601189
			vertex -0.003659291425719857 0.00410604290664196 0.02630000002682209
			vertex -0.00424319040030241 0.0034993335139006376 0.02630000002682209
		endloop
	endfacet
	facet normal 0.7205217515462138 -0.6934323366766048 0
		outer loop
			vertex -0.003659291425719857 0.00410604290664196 0.013299999758601189
			vertex -0.00424319040030241 0.0034993335139006376 0.02630000002682209
			vertex -0.00424319040030241 0.0034993335139006376 0.013299999758601189
		endloop
	endfacet
	facet normal 0.6062251301120116 -0.7952930853595261 0
		outer loop
			vertex -0.002989621600136161 0.004616509657353163 0.013299999758601189
			vertex -0.002989621600136161 0.004616509657353163 0.02630000002682209
			vertex -0.003659291425719857 0.00410604290664196 0.02630000002682209
		endloop
	endfacet
	facet normal 0.6062251301120116 -0.7952930853595261 0
		outer loop
			vertex -0.002989621600136161 0.004616509657353163 0.013299999758601189
			vertex -0.003659291425719857 0.00410604290664196 0.02630000002682209
			vertex -0.003659291425719857 0.00410604290664196 0.013299999758601189
		endloop
	endfacet
	facet normal 0.477719800294612 -0.8785122608173869 0
		outer loop
			vertex -0.0022498774342238903 0.005018769763410091 0.013299999758601189
			vertex -0.0022498774342238903 0.005018769763410091 0.02630000002682209
			vertex -0.002989621600136161 0.004616509657353163 0.02630000002682209
		endloop
	endfacet
	facet normal 0.477719800294612 -0.8785122608173869 0
		outer loop
			vertex -0.0022498774342238903 0.005018769763410091 0.013299999758601189
			vertex -0.002989621600136161 0.004616509657353163 0.02630000002682209
			vertex -0.002989621600136161 0.004616509657353163 0.013299999758601189
		endloop
	endfacet
	facet normal 0.3380168652319867 -0.9411400527119974 0
		outer loop
			vertex -0.0014573982916772366 0.005303394049406052 0.013299999758601189
			vertex -0.0022498774342238903 0.005018769763410091 0.02630000002682209
			vertex -0.0022498774342238903 0.005018769763410091 0.013299999758601189
		endloop
	endfacet
	facet normal 0.3380168652319867 -0.9411400527119974 0
		outer loop
			vertex -0.0014573982916772366 0.005303394049406052 0.013299999758601189
			vertex -0.0014573982916772366 0.005303394049406052 0.02630000002682209
			vertex -0.0022498774342238903 0.005018769763410091 0.02630000002682209
		endloop
	endfacet
	facet normal 0.19039125100481075 -0.9817082924885697 0
		outer loop
			vertex -0.0006307588191702962 0.005463711451739073 0.013299999758601189
			vertex -0.0014573982916772366 0.005303394049406052 0.02630000002682209
			vertex -0.0014573982916772366 0.005303394049406052 0.013299999758601189
		endloop
	endfacet
	facet normal 0.19039125100481075 -0.9817082924885697 0
		outer loop
			vertex -0.0006307588191702962 0.005463711451739073 0.013299999758601189
			vertex -0.0006307588191702962 0.005463711451739073 0.02630000002682209
			vertex -0.0014573982916772366 0.005303394049406052 0.02630000002682209
		endloop
	endfacet
	facet normal 0.038302888754288944 -0.9992661751070515 0
		outer loop
			vertex 0.00021066503541078418 0.0054959640838205814 0.013299999758601189
			vertex -0.0006307588191702962 0.005463711451739073 0.02630000002682209
			vertex -0.0006307588191702962 0.005463711451739073 0.013299999758601189
		endloop
	endfacet
	facet normal 0.038302888754288944 -0.9992661751070515 0
		outer loop
			vertex 0.00021066503541078418 0.0054959640838205814 0.013299999758601189
			vertex 0.00021066503541078418 0.0054959640838205814 0.02630000002682209
			vertex -0.0006307588191702962 0.005463711451739073 0.02630000002682209
		endloop
	endfacet
	facet normal -0.1146835924101209 -0.9934020704789724 0
		outer loop
			vertex 0.0010471510468050838 0.00539939571171999 0.013299999758601189
			vertex 0.00021066503541078418 0.0054959640838205814 0.02630000002682209
			vertex 0.00021066503541078418 0.0054959640838205814 0.013299999758601189
		endloop
	endfacet
	facet normal -0.1146835924101209 -0.9934020704789724 0
		outer loop
			vertex 0.0010471510468050838 0.00539939571171999 0.013299999758601189
			vertex 0.0010471510468050838 0.00539939571171999 0.02630000002682209
			vertex 0.00021066503541078418 0.0054959640838205814 0.02630000002682209
		endloop
	endfacet
	facet normal -0.26498129742030474 -0.9642535517266464 0
		outer loop
			vertex 0.00185909285210073 0.005176270380616188 0.013299999758601189
			vertex 0.0010471510468050838 0.00539939571171999 0.02630000002682209
			vertex 0.0010471510468050838 0.00539939571171999 0.013299999758601189
		endloop
	endfacet
	facet normal -0.26498129742030474 -0.9642535517266464 0
		outer loop
			vertex 0.00185909285210073 0.005176270380616188 0.013299999758601189
			vertex 0.00185909285210073 0.005176270380616188 0.02630000002682209
			vertex 0.0010471510468050838 0.00539939571171999 0.02630000002682209
		endloop
	endfacet
	facet normal -0.40906872605052835 -0.9125035766326606 0
		outer loop
			vertex 0.0026274588890373707 0.004831817466765642 0.013299999758601189
			vertex 0.00185909285210073 0.005176270380616188 0.02630000002682209
			vertex 0.00185909285210073 0.005176270380616188 0.013299999758601189
		endloop
	endfacet
	facet normal -0.40906872605052835 -0.9125035766326606 0
		outer loop
			vertex 0.0026274588890373707 0.004831817466765642 0.013299999758601189
			vertex 0.0026274588890373707 0.004831817466765642 0.02630000002682209
			vertex 0.00185909285210073 0.005176270380616188 0.02630000002682209
		endloop
	endfacet
	facet normal -0.5435676831038039 -0.8393653399355745 0
		outer loop
			vertex 0.003334239823743701 0.004374110605567694 0.013299999758601189
			vertex 0.0026274588890373707 0.004831817466765642 0.02630000002682209
			vertex 0.0026274588890373707 0.004831817466765642 0.013299999758601189
		endloop
	endfacet
	facet normal -0.5435676831038039 -0.8393653399355745 0
		outer loop
			vertex 0.003334239823743701 0.004374110605567694 0.013299999758601189
			vertex 0.003334239823743701 0.004374110605567694 0.02630000002682209
			vertex 0.0026274588890373707 0.004831817466765642 0.02630000002682209
		endloop
	endfacet
	facet normal -0.6653255050684926 -0.7465533954817668 0
		outer loop
			vertex 0.003962868824601173 0.0038138788659125566 0.013299999758601189
			vertex 0.003334239823743701 0.004374110605567694 0.02630000002682209
			vertex 0.003334239823743701 0.004374110605567694 0.013299999758601189
		endloop
	endfacet
	facet normal -0.6653255050684926 -0.7465533954817668 0
		outer loop
			vertex 0.003962868824601173 0.0038138788659125566 0.013299999758601189
			vertex 0.003962868824601173 0.0038138788659125566 0.02630000002682209
			vertex 0.003334239823743701 0.004374110605567694 0.02630000002682209
		endloop
	endfacet
	facet normal -0.7714891115838349 -0.6362425250701066 0
		outer loop
			vertex 0.00449861166998744 0.003164252731949091 0.013299999758601189
			vertex 0.003962868824601173 0.0038138788659125566 0.02630000002682209
			vertex 0.003962868824601173 0.0038138788659125566 0.013299999758601189
		endloop
	endfacet
	facet normal -0.7714891115838349 -0.6362425250701066 0
		outer loop
			vertex 0.00449861166998744 0.003164252731949091 0.013299999758601189
			vertex 0.00449861166998744 0.003164252731949091 0.02630000002682209
			vertex 0.003962868824601173 0.0038138788659125566 0.02630000002682209
		endloop
	endfacet
	facet normal -0.8595696997044756 -0.511018523490057 0
		outer loop
			vertex 0.00492891063913703 0.002440459094941616 0.013299999758601189
			vertex 0.00449861166998744 0.003164252731949091 0.02630000002682209
			vertex 0.00449861166998744 0.003164252731949091 0.013299999758601189
		endloop
	endfacet
	facet normal -0.8595696997044756 -0.511018523490057 0
		outer loop
			vertex 0.00492891063913703 0.002440459094941616 0.013299999758601189
			vertex 0.00492891063913703 0.002440459094941616 0.02630000002682209
			vertex 0.00449861166998744 0.003164252731949091 0.02630000002682209
		endloop
	endfacet
	facet normal -0.9275025577677426 -0.37381680718541205 0
		outer loop
			vertex 0.005243679974228144 0.001659463276155293 0.013299999758601189
			vertex 0.00492891063913703 0.002440459094941616 0.02630000002682209
			vertex 0.00492891063913703 0.002440459094941616 0.013299999758601189
		endloop
	endfacet
	facet normal -0.9275025577677426 -0.37381680718541205 0
		outer loop
			vertex 0.005243679974228144 0.001659463276155293 0.013299999758601189
			vertex 0.005243679974228144 0.001659463276155293 0.02630000002682209
			vertex 0.00492891063913703 0.002440459094941616 0.02630000002682209
		endloop
	endfacet
	facet normal -0.9736954085848274 -0.22785357425510372 0
		outer loop
			vertex 0.005435542203485966 0.000839571061078459 0.013299999758601189
			vertex 0.005243679974228144 0.001659463276155293 0.02630000002682209
			vertex 0.005243679974228144 0.001659463276155293 0.013299999758601189
		endloop
	endfacet
	facet normal -0.9736954085848274 -0.22785357425510372 0
		outer loop
			vertex 0.005435542203485966 0.000839571061078459 0.013299999758601189
			vertex 0.005435542203485966 0.000839571061078459 0.02630000002682209
			vertex 0.005243679974228144 0.001659463276155293 0.02630000002682209
		endloop
	endfacet
	facet normal -0.997065792330986 -0.07654936814489956 0
		outer loop
			vertex 0.005499999970197678 6.735557503102785e-19 0.013299999758601189
			vertex 0.005435542203485966 0.000839571061078459 0.02630000002682209
			vertex 0.005435542203485966 0.000839571061078459 0.013299999758601189
		endloop
	endfacet
	facet normal -0.997065792330986 -0.07654936814489956 0
		outer loop
			vertex 0.005499999970197678 6.735557503102785e-19 0.013299999758601189
			vertex 0.005499999970197678 6.735557503102785e-19 0.02630000002682209
			vertex 0.005435542203485966 0.000839571061078459 0.02630000002682209
		endloop
	endfacet
	facet normal 0 0 -1
		outer loop
			vertex 0.0044686333276331425 0.004003912676125765 0.021299999207258224
			vertex 0.004349349066615105 0.004830441437661648 0.021299999207258224
			vertex 0.004979288671165705 0.004178119357675314 0.021299999207258224
		endloop
	endfacet
	facet normal 0 0 -1
		outer loop
			vertex 0.003838038071990013 0.004611882846802473 0.021299999207258224
			vertex 0.004349349066615105 0.004830441437661648 0.021299999207258224
			vertex 0.0044686333276331425 0.004003912676125765 0.021299999207258224
		endloop
	endfacet
	facet normal 0 0 -1
		outer loop
			vertex 0.003838038071990013 0.004611882846802473 0.021299999207258224
			vertex 0.003634753869846463 0.0053887441754341125 0.021299999207258224
			vertex 0.004349349066615105 0.004830441437661648 0.021299999207258224
		endloop
	endfacet
	facet normal 0 0 -1
		outer loop
			vertex 0.00500398688018322 0.003310606349259615 0.021299999207258224
			vertex 0.0044686333276331425 0.004003912676125765 0.021299999207258224
			vertex 0.004979288671165705 0.004178119357675314 0.021299999207258224
		endloop
	endfacet
	facet normal 0 0 -1
		outer loop
			vertex 0.00500398688018322 0.003310606349259615 0.021299999207258224
			vertex 0.004979288671165705 0.004178119357675314 0.021299999207258224
			vertex 0.0055123125202953815 0.003444475121796131 0.021299999207258224
		endloop
	endfacet
	facet normal 0 0 -1
		outer loop
			vertex 0.0031256419606506824 0.00512155843898654 0.021299999207258224
			vertex 0.0028494123835116625 0.005842161364853382 0.021299999207258224
			vertex 0.003634753869846463 0.0053887441754341125 0.021299999207258224
		endloop
	endfacet
	facet normal 0 0 -1
		outer loop
			vertex 0.0031256419606506824 0.00512155843898654 0.021299999207258224
			vertex 0.003634753869846463 0.0053887441754341125 0.021299999207258224
			vertex 0.003838038071990013 0.004611882846802473 0.021299999207258224
		endloop
	endfacet
	facet normal 0 0 -1
		outer loop
			vertex 0.0054326895624399185 0.0025467402301728725 0.021299999207258224
			vertex 0.0055123125202953815 0.003444475121796131 0.021299999207258224
			vertex 0.005938045680522919 0.002643788233399391 0.021299999207258224
		endloop
	endfacet
	facet normal 0 0 -1
		outer loop
			vertex 0.0054326895624399185 0.0025467402301728725 0.021299999207258224
			vertex 0.00500398688018322 0.003310606349259615 0.021299999207258224
			vertex 0.0055123125202953815 0.003444475121796131 0.021299999207258224
		endloop
	endfacet
	facet normal 0 0 -1
		outer loop
			vertex 0.0023466283455491066 0.0055220769718289375 0.021299999207258224
			vertex 0.0028494123835116625 0.005842161364853382 0.021299999207258224
			vertex 0.0031256419606506824 0.00512155843898654 0.021299999207258224
		endloop
	endfacet
	facet normal 0 0 -1
		outer loop
			vertex 0.0023466283455491066 0.0055220769718289375 0.021299999207258224
			vertex 0.0020086104050278664 0.006181867327541113 0.021299999207258224
			vertex 0.0028494123835116625 0.005842161364853382 0.021299999207258224
		endloop
	endfacet
	facet normal 0 0 -1
		outer loop
			vertex 0.0057456037029623985 0.001728594652377069 0.021299999207258224
			vertex 0.005938045680522919 0.002643788233399391 0.021299999207258224
			vertex 0.006248201243579388 0.0017916428623721004 0.021299999207258224
		endloop
	endfacet
	facet normal 0 0 -1
		outer loop
			vertex 0.0057456037029623985 0.001728594652377069 0.021299999207258224
			vertex 0.0054326895624399185 0.0025467402301728725 0.021299999207258224
			vertex 0.005938045680522919 0.002643788233399391 0.021299999207258224
		endloop
	endfacet
	facet normal 0 0 -1
		outer loop
			vertex 0.0015176002634689212 0.005804902408272028 0.021299999207258224
			vertex 0.0020086104050278664 0.006181867327541113 0.021299999207258224
			vertex 0.0023466283455491066 0.0055220769718289375 0.021299999207258224
		endloop
	endfacet
	facet normal 0 0 -1
		outer loop
			vertex 0.0015176002634689212 0.005804902408272028 0.021299999207258224
			vertex 0.001128713134676218 0.00640125060454011 0.021299999207258224
			vertex 0.0020086104050278664 0.006181867327541113 0.021299999207258224
		endloop
	endfacet
	facet normal 0 0 -1
		outer loop
			vertex 0.0059360601007938385 0.0008736070012673736 0.021299999207258224
			vertex 0.006248201243579388 0.0017916428623721004 0.021299999207258224
			vertex 0.006436742376536131 0.0009046251652762294 0.021299999207258224
		endloop
	endfacet
	facet normal 0 0 -1
		outer loop
			vertex 0.0059360601007938385 0.0008736070012673736 0.021299999207258224
			vertex 0.0057456037029623985 0.001728594652377069 0.021299999207258224
			vertex 0.006248201243579388 0.0017916428623721004 0.021299999207258224
		endloop
	endfacet
	facet normal 0 0 -1
		outer loop
			vertex 0.0006562272319570184 0.005964005831629038 0.021299999207258224
			vertex 0.001128713134676218 0.00640125060454011 0.021299999207258224
			vertex 0.0015176002634689212 0.005804902408272028 0.021299999207258224
		endloop
	endfacet
	facet normal 0 0 -1
		outer loop
			vertex 0.0006562272319570184 0.005964005831629038 0.021299999207258224
			vertex 0.00022684672148898244 0.006496040150523186 0.021299999207258224
			vertex 0.001128713134676218 0.00640125060454011 0.021299999207258224
		endloop
	endfacet
	facet normal 0 0 -1
		outer loop
			vertex 0.006000000052154064 7.347880536484578e-19 0.021299999207258224
			vertex 0.006436742376536131 0.0009046251652762294 0.021299999207258224
			vertex 0.006500000134110451 7.960204086854254e-19 0.021299999207258224
		endloop
	endfacet
	facet normal 0 0 -1
		outer loop
			vertex 0.006000000052154064 7.347880536484578e-19 0.021299999207258224
			vertex 0.0059360601007938385 0.0008736070012673736 0.021299999207258224
			vertex 0.006436742376536131 0.0009046251652762294 0.021299999207258224
		endloop
	endfacet
	facet normal 0 0 -1
		outer loop
			vertex -0.00021913214004598558 0.005995997227728367 0.021299999207258224
			vertex -0.0006794350338168442 0.00646439241245389 0.021299999207258224
			vertex 0.00022684672148898244 0.006496040150523186 0.021299999207258224
		endloop
	endfacet
	facet normal 0 0 -1
		outer loop
			vertex -0.00021913214004598558 0.005995997227728367 0.021299999207258224
			vertex 0.00022684672148898244 0.006496040150523186 0.021299999207258224
			vertex 0.0006562272319570184 0.005964005831629038 0.021299999207258224
		endloop
	endfacet
	facet normal 0 0 -1
		outer loop
			vertex 0.006436742376536131 -0.0009046251652762294 0.021299999207258224
			vertex 0.006000000052154064 7.347880536484578e-19 0.021299999207258224
			vertex 0.006500000134110451 7.960204086854254e-19 0.021299999207258224
		endloop
	endfacet
	facet normal 0 0 -1
		outer loop
			vertex 0.0059360601007938385 -0.0008736070012673736 0.021299999207258224
			vertex 0.006000000052154064 7.347880536484578e-19 0.021299999207258224
			vertex 0.006436742376536131 -0.0009046251652762294 0.021299999207258224
		endloop
	endfacet
	facet normal 0 0 -1
		outer loop
			vertex -0.0010898211039602757 0.005900193937122822 0.021299999207258224
			vertex -0.0006794350338168442 0.00646439241245389 0.021299999207258224
			vertex -0.00021913214004598558 0.005995997227728367 0.021299999207258224
		endloop
	endfacet
	facet normal 0 0 -1
		outer loop
			vertex -0.0015724922996014357 0.006306922063231468 0.021299999207258224
			vertex -0.0006794350338168442 0.00646439241245389 0.021299999207258224
			vertex -0.0010898211039602757 0.005900193937122822 0.021299999207258224
		endloop
	endfacet
	facet normal 0 0 -1
		outer loop
			vertex 0.006248201243579388 -0.0017916428623721004 0.021299999207258224
			vertex 0.0059360601007938385 -0.0008736070012673736 0.021299999207258224
			vertex 0.006436742376536131 -0.0009046251652762294 0.021299999207258224
		endloop
	endfacet
	facet normal 0 0 -1
		outer loop
			vertex 0.0057456037029623985 -0.001728594652377069 0.021299999207258224
			vertex 0.0059360601007938385 -0.0008736070012673736 0.021299999207258224
			vertex 0.006248201243579388 -0.0017916428623721004 0.021299999207258224
		endloop
	endfacet
	facet normal 0 0 -1
		outer loop
			vertex -0.001937282388098538 0.005678638815879822 0.021299999207258224
			vertex -0.0015724922996014357 0.006306922063231468 0.021299999207258224
			vertex -0.0010898211039602757 0.005900193937122822 0.021299999207258224
		endloop
	endfacet
	facet normal 0 0 -1
		outer loop
			vertex -0.0024349428713321686 0.006026695016771555 0.021299999207258224
			vertex -0.0015724922996014357 0.006306922063231468 0.021299999207258224
			vertex -0.001937282388098538 0.005678638815879822 0.021299999207258224
		endloop
	endfacet
	facet normal 0 0 -1
		outer loop
			vertex 0.005938045680522919 -0.002643788233399391 0.021299999207258224
			vertex 0.0057456037029623985 -0.001728594652377069 0.021299999207258224
			vertex 0.006248201243579388 -0.0017916428623721004 0.021299999207258224
		endloop
	endfacet
	facet normal 0 0 -1
		outer loop
			vertex 0.0054326895624399185 -0.0025467402301728725 0.021299999207258224
			vertex 0.0057456037029623985 -0.001728594652377069 0.021299999207258224
			vertex 0.005938045680522919 -0.002643788233399391 0.021299999207258224
		endloop
	endfacet
	facet normal 0 0 -1
		outer loop
			vertex -0.0027434539515525103 0.005336052738130093 0.021299999207258224
			vertex -0.0024349428713321686 0.006026695016771555 0.021299999207258224
			vertex -0.001937282388098538 0.005678638815879822 0.021299999207258224
		endloop
	endfacet
	facet normal 0 0 -1
		outer loop
			vertex -0.0032500000670552254 0.005629165098071098 0.021299999207258224
			vertex -0.0024349428713321686 0.006026695016771555 0.021299999207258224
			vertex -0.0027434539515525103 0.005336052738130093 0.021299999207258224
		endloop
	endfacet
	facet normal 0 0 -1
		outer loop
			vertex 0.0055123125202953815 -0.003444475121796131 0.021299999207258224
			vertex 0.0054326895624399185 -0.0025467402301728725 0.021299999207258224
			vertex 0.005938045680522919 -0.002643788233399391 0.021299999207258224
		endloop
	endfacet
	facet normal 0 0 -1
		outer loop
			vertex 0.00500398688018322 -0.003310606349259615 0.021299999207258224
			vertex 0.0054326895624399185 -0.0025467402301728725 0.021299999207258224
			vertex 0.0055123125202953815 -0.003444475121796131 0.021299999207258224
		endloop
	endfacet
	facet normal 0 0 -1
		outer loop
			vertex -0.0034911534748971462 0.004879738669842482 0.021299999207258224
			vertex -0.0032500000670552254 0.005629165098071098 0.021299999207258224
			vertex -0.0027434539515525103 0.005336052738130093 0.021299999207258224
		endloop
	endfacet
	facet normal 0 0 -1
		outer loop
			vertex -0.004001799505203962 0.005122069735080004 0.021299999207258224
			vertex -0.0032500000670552254 0.005629165098071098 0.021299999207258224
			vertex -0.0034911534748971462 0.004879738669842482 0.021299999207258224
		endloop
	endfacet
	facet normal 0 0 -1
		outer loop
			vertex 0.004979288671165705 -0.004178119357675314 0.021299999207258224
			vertex 0.00500398688018322 -0.003310606349259615 0.021299999207258224
			vertex 0.0055123125202953815 -0.003444475121796131 0.021299999207258224
		endloop
	endfacet
	facet normal 0 0 -1
		outer loop
			vertex 0.0044686333276331425 -0.004003912676125765 0.021299999207258224
			vertex 0.00500398688018322 -0.003310606349259615 0.021299999207258224
			vertex 0.004979288671165705 -0.004178119357675314 0.021299999207258224
		endloop
	endfacet
	facet normal 0 0 -1
		outer loop
			vertex -0.004164445213973522 0.004319421015679836 0.021299999207258224
			vertex -0.004001799505203962 0.005122069735080004 0.021299999207258224
			vertex -0.0034911534748971462 0.004879738669842482 0.021299999207258224
		endloop
	endfacet
	facet normal 0 0 -1
		outer loop
			vertex -0.004675708711147308 0.004515279550105333 0.021299999207258224
			vertex -0.004001799505203962 0.005122069735080004 0.021299999207258224
			vertex -0.004164445213973522 0.004319421015679836 0.021299999207258224
		endloop
	endfacet
	facet normal 0 0 -1
		outer loop
			vertex 0.004349349066615105 -0.004830441437661648 0.021299999207258224
			vertex 0.0044686333276331425 -0.004003912676125765 0.021299999207258224
			vertex 0.004979288671165705 -0.004178119357675314 0.021299999207258224
		endloop
	endfacet
	facet normal 0 0 -1
		outer loop
			vertex 0.003838038071990013 -0.004611882846802473 0.021299999207258224
			vertex 0.0044686333276331425 -0.004003912676125765 0.021299999207258224
			vertex 0.004349349066615105 -0.004830441437661648 0.021299999207258224
		endloop
	endfacet
	facet normal 0 0 -1
		outer loop
			vertex -0.004748979117721319 0.0036670423578470945 0.021299999207258224
			vertex -0.004675708711147308 0.004515279550105333 0.021299999207258224
			vertex -0.004164445213973522 0.004319421015679836 0.021299999207258224
		endloop
	endfacet
	facet normal 0 0 -1
		outer loop
			vertex -0.005258610472083092 0.0038206041790544987 0.021299999207258224
			vertex -0.004675708711147308 0.004515279550105333 0.021299999207258224
			vertex -0.004748979117721319 0.0036670423578470945 0.021299999207258224
		endloop
	endfacet
	facet normal 0 0 -1
		outer loop
			vertex 0.003634753869846463 -0.0053887441754341125 0.021299999207258224
			vertex 0.003838038071990013 -0.004611882846802473 0.021299999207258224
			vertex 0.004349349066615105 -0.004830441437661648 0.021299999207258224
		endloop
	endfacet
	facet normal 0 0 -1
		outer loop
			vertex 0.0031256419606506824 -0.00512155843898654 0.021299999207258224
			vertex 0.003838038071990013 -0.004611882846802473 0.021299999207258224
			vertex 0.003634753869846463 -0.0053887441754341125 0.021299999207258224
		endloop
	endfacet
	facet normal 0 0 -1
		outer loop
			vertex -0.005232296418398619 0.002936507109552622 0.021299999207258224
			vertex -0.005258610472083092 0.0038206041790544987 0.021299999207258224
			vertex -0.004748979117721319 0.0036670423578470945 0.021299999207258224
		endloop
	endfacet
	facet normal 0 0 -1
		outer loop
			vertex -0.005739159416407347 0.0030515652615576982 0.021299999207258224
			vertex -0.005258610472083092 0.0038206041790544987 0.021299999207258224
			vertex -0.005232296418398619 0.002936507109552622 0.021299999207258224
		endloop
	endfacet
	facet normal 0 0 -1
		outer loop
			vertex 0.0028494123835116625 -0.005842161364853382 0.021299999207258224
			vertex 0.0031256419606506824 -0.00512155843898654 0.021299999207258224
			vertex 0.003634753869846463 -0.0053887441754341125 0.021299999207258224
		endloop
	endfacet
	facet normal 0 0 -1
		outer loop
			vertex 0.0023466283455491066 -0.0055220769718289375 0.021299999207258224
			vertex 0.0031256419606506824 -0.00512155843898654 0.021299999207258224
			vertex 0.0028494123835116625 -0.005842161364853382 0.021299999207258224
		endloop
	endfacet
	facet normal 0 0 -1
		outer loop
			vertex -0.0056040966883301735 0.0021433853544294834 0.021299999207258224
			vertex -0.005739159416407347 0.0030515652615576982 0.021299999207258224
			vertex -0.005232296418398619 0.002936507109552622 0.021299999207258224
		endloop
	endfacet
	facet normal 0 0 -1
		outer loop
			vertex -0.006108001805841923 0.002223131014034152 0.021299999207258224
			vertex -0.005739159416407347 0.0030515652615576982 0.021299999207258224
			vertex -0.0056040966883301735 0.0021433853544294834 0.021299999207258224
		endloop
	endfacet
	facet normal 0 0 -1
		outer loop
			vertex 0.0020086104050278664 -0.006181867327541113 0.021299999207258224
			vertex 0.0023466283455491066 -0.0055220769718289375 0.021299999207258224
			vertex 0.0028494123835116625 -0.005842161364853382 0.021299999207258224
		endloop
	endfacet
	facet normal 0 0 -1
		outer loop
			vertex 0.0015176002634689212 -0.005804902408272028 0.021299999207258224
			vertex 0.0023466283455491066 -0.0055220769718289375 0.021299999207258224
			vertex 0.0020086104050278664 -0.006181867327541113 0.021299999207258224
		endloop
	endfacet
	facet normal 0 0 -1
		outer loop
			vertex -0.0058564553037285805 0.0013045810628682375 0.021299999207258224
			vertex -0.006108001805841923 0.002223131014034152 0.021299999207258224
			vertex -0.0056040966883301735 0.0021433853544294834 0.021299999207258224
		endloop
	endfacet
	facet normal 0 0 -1
		outer loop
			vertex -0.006357959471642971 0.001351426006294787 0.021299999207258224
			vertex -0.006108001805841923 0.002223131014034152 0.021299999207258224
			vertex -0.0058564553037285805 0.0013045810628682375 0.021299999207258224
		endloop
	endfacet
	facet normal 0 0 -1
		outer loop
			vertex 0.001128713134676218 -0.00640125060454011 0.021299999207258224
			vertex 0.0015176002634689212 -0.005804902408272028 0.021299999207258224
			vertex 0.0020086104050278664 -0.006181867327541113 0.021299999207258224
		endloop
	endfacet
	facet normal 0 0 -1
		outer loop
			vertex 0.0006562272319570184 -0.005964005831629038 0.021299999207258224
			vertex 0.0015176002634689212 -0.005804902408272028 0.021299999207258224
			vertex 0.001128713134676218 -0.00640125060454011 0.021299999207258224
		endloop
	endfacet
	facet normal 0 0 -1
		outer loop
			vertex -0.005983993876725435 0.00043797187390737236 0.021299999207258224
			vertex -0.006357959471642971 0.001351426006294787 0.021299999207258224
			vertex -0.0058564553037285805 0.0013045810628682375 0.021299999207258224
		endloop
	endfacet
	facet normal 0 0 -1
		outer loop
			vertex -0.006484166253358126 0.00045341707300394773 0.021299999207258224
			vertex -0.006357959471642971 0.001351426006294787 0.021299999207258224
			vertex -0.005983993876725435 0.00043797187390737236 0.021299999207258224
		endloop
	endfacet
	facet normal 0 0 -1
		outer loop
			vertex 0.00022684672148898244 -0.006496040150523186 0.021299999207258224
			vertex 0.0006562272319570184 -0.005964005831629038 0.021299999207258224
			vertex 0.001128713134676218 -0.00640125060454011 0.021299999207258224
		endloop
	endfacet
	facet normal 0 0 -1
		outer loop
			vertex 0.00022684672148898244 -0.006496040150523186 0.021299999207258224
			vertex -0.00021913214004598558 -0.005995997227728367 0.021299999207258224
			vertex 0.0006562272319570184 -0.005964005831629038 0.021299999207258224
		endloop
	endfacet
	facet normal 0 0 -1
		outer loop
			vertex -0.006484166253358126 -0.00045341707300394773 0.021299999207258224
			vertex -0.006484166253358126 0.00045341707300394773 0.021299999207258224
			vertex -0.005983993876725435 0.00043797187390737236 0.021299999207258224
		endloop
	endfacet
	facet normal 0 0 -1
		outer loop
			vertex -0.006484166253358126 -0.00045341707300394773 0.021299999207258224
			vertex -0.005983993876725435 0.00043797187390737236 0.021299999207258224
			vertex -0.005983993876725435 -0.00043797187390737236 0.021299999207258224
		endloop
	endfacet
	facet normal 0 0 -1
		outer loop
			vertex -0.0006794350338168442 -0.00646439241245389 0.021299999207258224
			vertex -0.00021913214004598558 -0.005995997227728367 0.021299999207258224
			vertex 0.00022684672148898244 -0.006496040150523186 0.021299999207258224
		endloop
	endfacet
	facet normal 0 0 -1
		outer loop
			vertex -0.0006794350338168442 -0.00646439241245389 0.021299999207258224
			vertex -0.0010898211039602757 -0.005900193937122822 0.021299999207258224
			vertex -0.00021913214004598558 -0.005995997227728367 0.021299999207258224
		endloop
	endfacet
	facet normal 0 0 -1
		outer loop
			vertex -0.006357959471642971 -0.001351426006294787 0.021299999207258224
			vertex -0.006484166253358126 -0.00045341707300394773 0.021299999207258224
			vertex -0.005983993876725435 -0.00043797187390737236 0.021299999207258224
		endloop
	endfacet
	facet normal 0 0 -1
		outer loop
			vertex -0.006357959471642971 -0.001351426006294787 0.021299999207258224
			vertex -0.005983993876725435 -0.00043797187390737236 0.021299999207258224
			vertex -0.0058564553037285805 -0.0013045810628682375 0.021299999207258224
		endloop
	endfacet
	facet normal 0 0 -1
		outer loop
			vertex -0.0015724922996014357 -0.006306922063231468 0.021299999207258224
			vertex -0.0010898211039602757 -0.005900193937122822 0.021299999207258224
			vertex -0.0006794350338168442 -0.00646439241245389 0.021299999207258224
		endloop
	endfacet
	facet normal 0 0 -1
		outer loop
			vertex -0.0015724922996014357 -0.006306922063231468 0.021299999207258224
			vertex -0.001937282388098538 -0.005678638815879822 0.021299999207258224
			vertex -0.0010898211039602757 -0.005900193937122822 0.021299999207258224
		endloop
	endfacet
	facet normal 0 0 -1
		outer loop
			vertex -0.006108001805841923 -0.002223131014034152 0.021299999207258224
			vertex -0.006357959471642971 -0.001351426006294787 0.021299999207258224
			vertex -0.0058564553037285805 -0.0013045810628682375 0.021299999207258224
		endloop
	endfacet
	facet normal 0 0 -1
		outer loop
			vertex -0.006108001805841923 -0.002223131014034152 0.021299999207258224
			vertex -0.0058564553037285805 -0.0013045810628682375 0.021299999207258224
			vertex -0.0056040966883301735 -0.0021433853544294834 0.021299999207258224
		endloop
	endfacet
	facet normal 0 0 -1
		outer loop
			vertex -0.0024349428713321686 -0.006026695016771555 0.021299999207258224
			vertex -0.001937282388098538 -0.005678638815879822 0.021299999207258224
			vertex -0.0015724922996014357 -0.006306922063231468 0.021299999207258224
		endloop
	endfacet
	facet normal 0 0 -1
		outer loop
			vertex -0.0024349428713321686 -0.006026695016771555 0.021299999207258224
			vertex -0.0027434539515525103 -0.005336052738130093 0.021299999207258224
			vertex -0.001937282388098538 -0.005678638815879822 0.021299999207258224
		endloop
	endfacet
	facet normal 0 0 -1
		outer loop
			vertex -0.005739159416407347 -0.0030515652615576982 0.021299999207258224
			vertex -0.006108001805841923 -0.002223131014034152 0.021299999207258224
			vertex -0.0056040966883301735 -0.0021433853544294834 0.021299999207258224
		endloop
	endfacet
	facet normal 0 0 -1
		outer loop
			vertex -0.005739159416407347 -0.0030515652615576982 0.021299999207258224
			vertex -0.0056040966883301735 -0.0021433853544294834 0.021299999207258224
			vertex -0.005232296418398619 -0.002936507109552622 0.021299999207258224
		endloop
	endfacet
	facet normal 0 0 -1
		outer loop
			vertex -0.0032500000670552254 -0.005629165098071098 0.021299999207258224
			vertex -0.0027434539515525103 -0.005336052738130093 0.021299999207258224
			vertex -0.0024349428713321686 -0.006026695016771555 0.021299999207258224
		endloop
	endfacet
	facet normal 0 0 -1
		outer loop
			vertex -0.0032500000670552254 -0.005629165098071098 0.021299999207258224
			vertex -0.0034911534748971462 -0.004879738669842482 0.021299999207258224
			vertex -0.0027434539515525103 -0.005336052738130093 0.021299999207258224
		endloop
	endfacet
	facet normal 0 0 -1
		outer loop
			vertex -0.005258610472083092 -0.0038206041790544987 0.021299999207258224
			vertex -0.005739159416407347 -0.0030515652615576982 0.021299999207258224
			vertex -0.005232296418398619 -0.002936507109552622 0.021299999207258224
		endloop
	endfacet
	facet normal 0 0 -1
		outer loop
			vertex -0.005258610472083092 -0.0038206041790544987 0.021299999207258224
			vertex -0.005232296418398619 -0.002936507109552622 0.021299999207258224
			vertex -0.004748979117721319 -0.0036670423578470945 0.021299999207258224
		endloop
	endfacet
	facet normal 0 0 -1
		outer loop
			vertex -0.004001799505203962 -0.005122069735080004 0.021299999207258224
			vertex -0.0034911534748971462 -0.004879738669842482 0.021299999207258224
			vertex -0.0032500000670552254 -0.005629165098071098 0.021299999207258224
		endloop
	endfacet
	facet normal 0 0 -1
		outer loop
			vertex -0.004001799505203962 -0.005122069735080004 0.021299999207258224
			vertex -0.004164445213973522 -0.004319421015679836 0.021299999207258224
			vertex -0.0034911534748971462 -0.004879738669842482 0.021299999207258224
		endloop
	endfacet
	facet normal 0 0 -1
		outer loop
			vertex -0.004675708711147308 -0.004515279550105333 0.021299999207258224
			vertex -0.005258610472083092 -0.0038206041790544987 0.021299999207258224
			vertex -0.004748979117721319 -0.0036670423578470945 0.021299999207258224
		endloop
	endfacet
	facet normal 0 0 -1
		outer loop
			vertex -0.004675708711147308 -0.004515279550105333 0.021299999207258224
			vertex -0.004164445213973522 -0.004319421015679836 0.021299999207258224
			vertex -0.004001799505203962 -0.005122069735080004 0.021299999207258224
		endloop
	endfacet
	facet normal 0 0 -1
		outer loop
			vertex -0.004675708711147308 -0.004515279550105333 0.021299999207258224
			vertex -0.004748979117721319 -0.0036670423578470945 0.021299999207258224
			vertex -0.004164445213973522 -0.004319421015679836 0.021299999207258224
		endloop
	endfacet
	facet normal 0.9975640346239284 0.06975669734749426 0
		outer loop
			vertex 0.006436742376536131 0.0009046251652762294 0.02630000002682209
			vertex 0.006500000134110451 7.960204086854254e-19 0.02630000002682209
			vertex 0.006500000134110451 7.960204086854254e-19 0.021299999207258224
		endloop
	endfacet
	facet normal 0.9975640346239284 0.06975669734749426 0
		outer loop
			vertex 0.006436742376536131 0.0009046251652762294 0.02630000002682209
			vertex 0.006500000134110451 7.960204086854254e-19 0.021299999207258224
			vertex 0.006436742376536131 0.0009046251652762294 0.021299999207258224
		endloop
	endfacet
	facet normal 0.978147667760788 0.20791137548035005 0
		outer loop
			vertex 0.006248201243579388 0.0017916428623721004 0.02630000002682209
			vertex 0.006436742376536131 0.0009046251652762294 0.02630000002682209
			vertex 0.006436742376536131 0.0009046251652762294 0.021299999207258224
		endloop
	endfacet
	facet normal 0.978147667760788 0.20791137548035005 0
		outer loop
			vertex 0.006248201243579388 0.0017916428623721004 0.02630000002682209
			vertex 0.006436742376536131 0.0009046251652762294 0.021299999207258224
			vertex 0.006248201243579388 0.0017916428623721004 0.021299999207258224
		endloop
	endfacet
	facet normal 0.9396926162725278 0.3420201557260801 0
		outer loop
			vertex 0.005938045680522919 0.002643788233399391 0.02630000002682209
			vertex 0.006248201243579388 0.0017916428623721004 0.02630000002682209
			vertex 0.006248201243579388 0.0017916428623721004 0.021299999207258224
		endloop
	endfacet
	facet normal 0.9396926162725278 0.3420201557260801 0
		outer loop
			vertex 0.005938045680522919 0.002643788233399391 0.02630000002682209
			vertex 0.006248201243579388 0.0017916428623721004 0.021299999207258224
			vertex 0.005938045680522919 0.002643788233399391 0.021299999207258224
		endloop
	endfacet
	facet normal 0.8829474146520728 0.46947189794408417 0
		outer loop
			vertex 0.0055123125202953815 0.003444475121796131 0.02630000002682209
			vertex 0.005938045680522919 0.002643788233399391 0.02630000002682209
			vertex 0.005938045680522919 0.002643788233399391 0.021299999207258224
		endloop
	endfacet
	facet normal 0.8829474146520728 0.46947189794408417 0
		outer loop
			vertex 0.0055123125202953815 0.003444475121796131 0.02630000002682209
			vertex 0.005938045680522919 0.002643788233399391 0.021299999207258224
			vertex 0.0055123125202953815 0.003444475121796131 0.021299999207258224
		endloop
	endfacet
	facet normal 0.8090169359914983 0.5877853326503888 0
		outer loop
			vertex 0.004979288671165705 0.004178119357675314 0.02630000002682209
			vertex 0.0055123125202953815 0.003444475121796131 0.02630000002682209
			vertex 0.0055123125202953815 0.003444475121796131 0.021299999207258224
		endloop
	endfacet
	facet normal 0.8090169359914983 0.5877853326503888 0
		outer loop
			vertex 0.004979288671165705 0.004178119357675314 0.02630000002682209
			vertex 0.0055123125202953815 0.003444475121796131 0.021299999207258224
			vertex 0.004979288671165705 0.004178119357675314 0.021299999207258224
		endloop
	endfacet
	facet normal 0.7193400789689413 0.6946580819287699 0
		outer loop
			vertex 0.004349349066615105 0.004830441437661648 0.02630000002682209
			vertex 0.004979288671165705 0.004178119357675314 0.02630000002682209
			vertex 0.004979288671165705 0.004178119357675314 0.021299999207258224
		endloop
	endfacet
	facet normal 0.7193400789689413 0.6946580819287699 0
		outer loop
			vertex 0.004349349066615105 0.004830441437661648 0.02630000002682209
			vertex 0.004979288671165705 0.004178119357675314 0.021299999207258224
			vertex 0.004349349066615105 0.004830441437661648 0.021299999207258224
		endloop
	endfacet
	facet normal 0.6156613258886785 0.7880108703596636 0
		outer loop
			vertex 0.003634753869846463 0.0053887441754341125 0.02630000002682209
			vertex 0.004349349066615105 0.004830441437661648 0.02630000002682209
			vertex 0.004349349066615105 0.004830441437661648 0.021299999207258224
		endloop
	endfacet
	facet normal 0.6156613258886785 0.7880108703596636 0
		outer loop
			vertex 0.003634753869846463 0.0053887441754341125 0.02630000002682209
			vertex 0.004349349066615105 0.004830441437661648 0.021299999207258224
			vertex 0.003634753869846463 0.0053887441754341125 0.021299999207258224
		endloop
	endfacet
	facet normal 0.5000000586199368 0.8660253699402 0
		outer loop
			vertex 0.0028494123835116625 0.005842161364853382 0.02630000002682209
			vertex 0.003634753869846463 0.0053887441754341125 0.02630000002682209
			vertex 0.003634753869846463 0.0053887441754341125 0.021299999207258224
		endloop
	endfacet
	facet normal 0.5000000586199368 0.8660253699402 0
		outer loop
			vertex 0.0028494123835116625 0.005842161364853382 0.02630000002682209
			vertex 0.003634753869846463 0.0053887441754341125 0.021299999207258224
			vertex 0.0028494123835116625 0.005842161364853382 0.021299999207258224
		endloop
	endfacet
	facet normal 0.37460651060535 0.927183888024422 0
		outer loop
			vertex 0.0020086104050278664 0.006181867327541113 0.02630000002682209
			vertex 0.0028494123835116625 0.005842161364853382 0.02630000002682209
			vertex 0.0028494123835116625 0.005842161364853382 0.021299999207258224
		endloop
	endfacet
	facet normal 0.37460651060535 0.927183888024422 0
		outer loop
			vertex 0.0020086104050278664 0.006181867327541113 0.02630000002682209
			vertex 0.0028494123835116625 0.005842161364853382 0.021299999207258224
			vertex 0.0020086104050278664 0.006181867327541113 0.021299999207258224
		endloop
	endfacet
	facet normal 0.24192215294314443 0.9702956621130252 0
		outer loop
			vertex 0.001128713134676218 0.00640125060454011 0.02630000002682209
			vertex 0.0020086104050278664 0.006181867327541113 0.02630000002682209
			vertex 0.0020086104050278664 0.006181867327541113 0.021299999207258224
		endloop
	endfacet
	facet normal 0.24192215294314443 0.9702956621130252 0
		outer loop
			vertex 0.001128713134676218 0.00640125060454011 0.02630000002682209
			vertex 0.0020086104050278664 0.006181867327541113 0.021299999207258224
			vertex 0.001128713134676218 0.00640125060454011 0.021299999207258224
		endloop
	endfacet
	facet normal 0.10452799025034046 0.9945219450842826 0
		outer loop
			vertex 0.00022684672148898244 0.006496040150523186 0.02630000002682209
			vertex 0.001128713134676218 0.00640125060454011 0.02630000002682209
			vertex 0.001128713134676218 0.00640125060454011 0.021299999207258224
		endloop
	endfacet
	facet normal 0.10452799025034046 0.9945219450842826 0
		outer loop
			vertex 0.00022684672148898244 0.006496040150523186 0.02630000002682209
			vertex 0.001128713134676218 0.00640125060454011 0.021299999207258224
			vertex 0.00022684672148898244 0.006496040150523186 0.021299999207258224
		endloop
	endfacet
	facet normal -0.03489914623626594 0.9993908392575849 0
		outer loop
			vertex -0.0006794350338168442 0.00646439241245389 0.02630000002682209
			vertex 0.00022684672148898244 0.006496040150523186 0.02630000002682209
			vertex 0.00022684672148898244 0.006496040150523186 0.021299999207258224
		endloop
	endfacet
	facet normal -0.03489914623626594 0.9993908392575849 0
		outer loop
			vertex -0.0006794350338168442 0.00646439241245389 0.02630000002682209
			vertex 0.00022684672148898244 0.006496040150523186 0.021299999207258224
			vertex -0.0006794350338168442 0.00646439241245389 0.021299999207258224
		endloop
	endfacet
	facet normal -0.17364845353745115 0.9848077043687522 0
		outer loop
			vertex -0.0015724922996014357 0.006306922063231468 0.02630000002682209
			vertex -0.0006794350338168442 0.00646439241245389 0.02630000002682209
			vertex -0.0006794350338168442 0.00646439241245389 0.021299999207258224
		endloop
	endfacet
	facet normal -0.17364845353745115 0.9848077043687522 0
		outer loop
			vertex -0.0015724922996014357 0.006306922063231468 0.02630000002682209
			vertex -0.0006794350338168442 0.00646439241245389 0.021299999207258224
			vertex -0.0015724922996014357 0.006306922063231468 0.021299999207258224
		endloop
	endfacet
	facet normal -0.3090168633890007 0.9510565588550577 0
		outer loop
			vertex -0.0024349428713321686 0.006026695016771555 0.02630000002682209
			vertex -0.0015724922996014357 0.006306922063231468 0.02630000002682209
			vertex -0.0015724922996014357 0.006306922063231468 0.021299999207258224
		endloop
	endfacet
	facet normal -0.3090168633890007 0.9510565588550577 0
		outer loop
			vertex -0.0024349428713321686 0.006026695016771555 0.02630000002682209
			vertex -0.0015724922996014357 0.006306922063231468 0.021299999207258224
			vertex -0.0024349428713321686 0.006026695016771555 0.021299999207258224
		endloop
	endfacet
	facet normal -0.4383711136514658 0.8987940624614595 0
		outer loop
			vertex -0.0032500000670552254 0.005629165098071098 0.02630000002682209
			vertex -0.0024349428713321686 0.006026695016771555 0.02630000002682209
			vertex -0.0024349428713321686 0.006026695016771555 0.021299999207258224
		endloop
	endfacet
	facet normal -0.4383711136514658 0.8987940624614595 0
		outer loop
			vertex -0.0032500000670552254 0.005629165098071098 0.02630000002682209
			vertex -0.0024349428713321686 0.006026695016771555 0.021299999207258224
			vertex -0.0032500000670552254 0.005629165098071098 0.021299999207258224
		endloop
	endfacet
	facet normal -0.5591930846142852 0.8290374503721535 0
		outer loop
			vertex -0.004001799505203962 0.005122069735080004 0.02630000002682209
			vertex -0.0032500000670552254 0.005629165098071098 0.02630000002682209
			vertex -0.0032500000670552254 0.005629165098071098 0.021299999207258224
		endloop
	endfacet
	facet normal -0.5591930846142852 0.8290374503721535 0
		outer loop
			vertex -0.004001799505203962 0.005122069735080004 0.02630000002682209
			vertex -0.0032500000670552254 0.005629165098071098 0.021299999207258224
			vertex -0.004001799505203962 0.005122069735080004 0.021299999207258224
		endloop
	endfacet
	facet normal -0.6691303691241564 0.7431450390844107 0
		outer loop
			vertex -0.004675708711147308 0.004515279550105333 0.02630000002682209
			vertex -0.004001799505203962 0.005122069735080004 0.021299999207258224
			vertex -0.004675708711147308 0.004515279550105333 0.021299999207258224
		endloop
	endfacet
	facet normal -0.6691303691241564 0.7431450390844107 0
		outer loop
			vertex -0.004675708711147308 0.004515279550105333 0.02630000002682209
			vertex -0.004001799505203962 0.005122069735080004 0.02630000002682209
			vertex -0.004001799505203962 0.005122069735080004 0.021299999207258224
		endloop
	endfacet
	facet normal -0.7660444901968912 0.6427875535812633 0
		outer loop
			vertex -0.005258610472083092 0.0038206041790544987 0.02630000002682209
			vertex -0.004675708711147308 0.004515279550105333 0.021299999207258224
			vertex -0.005258610472083092 0.0038206041790544987 0.021299999207258224
		endloop
	endfacet
	facet normal -0.7660444901968912 0.6427875535812633 0
		outer loop
			vertex -0.005258610472083092 0.0038206041790544987 0.02630000002682209
			vertex -0.004675708711147308 0.004515279550105333 0.02630000002682209
			vertex -0.004675708711147308 0.004515279550105333 0.021299999207258224
		endloop
	endfacet
	facet normal -0.8480480493972141 0.5299193390635791 0
		outer loop
			vertex -0.005739159416407347 0.0030515652615576982 0.02630000002682209
			vertex -0.005258610472083092 0.0038206041790544987 0.021299999207258224
			vertex -0.005739159416407347 0.0030515652615576982 0.021299999207258224
		endloop
	endfacet
	facet normal -0.8480480493972141 0.5299193390635791 0
		outer loop
			vertex -0.005739159416407347 0.0030515652615576982 0.02630000002682209
			vertex -0.005258610472083092 0.0038206041790544987 0.02630000002682209
			vertex -0.005258610472083092 0.0038206041790544987 0.021299999207258224
		endloop
	endfacet
	facet normal -0.9135455811627585 0.40673636564487053 0
		outer loop
			vertex -0.006108001805841923 0.002223131014034152 0.02630000002682209
			vertex -0.005739159416407347 0.0030515652615576982 0.021299999207258224
			vertex -0.006108001805841923 0.002223131014034152 0.021299999207258224
		endloop
	endfacet
	facet normal -0.9135455811627585 0.40673636564487053 0
		outer loop
			vertex -0.006108001805841923 0.002223131014034152 0.02630000002682209
			vertex -0.005739159416407347 0.0030515652615576982 0.02630000002682209
			vertex -0.005739159416407347 0.0030515652615576982 0.021299999207258224
		endloop
	endfacet
	facet normal -0.9612616149781912 0.2756376381583613 0
		outer loop
			vertex -0.006357959471642971 0.001351426006294787 0.02630000002682209
			vertex -0.006108001805841923 0.002223131014034152 0.021299999207258224
			vertex -0.006357959471642971 0.001351426006294787 0.021299999207258224
		endloop
	endfacet
	facet normal -0.9612616149781912 0.2756376381583613 0
		outer loop
			vertex -0.006357959471642971 0.001351426006294787 0.02630000002682209
			vertex -0.006108001805841923 0.002223131014034152 0.02630000002682209
			vertex -0.006108001805841923 0.002223131014034152 0.021299999207258224
		endloop
	endfacet
	facet normal -0.9902680905260199 0.13917294595556484 0
		outer loop
			vertex -0.006484166253358126 0.00045341707300394773 0.02630000002682209
			vertex -0.006357959471642971 0.001351426006294787 0.021299999207258224
			vertex -0.006484166253358126 0.00045341707300394773 0.021299999207258224
		endloop
	endfacet
	facet normal -0.9902680905260199 0.13917294595556484 0
		outer loop
			vertex -0.006484166253358126 0.00045341707300394773 0.02630000002682209
			vertex -0.006357959471642971 0.001351426006294787 0.02630000002682209
			vertex -0.006357959471642971 0.001351426006294787 0.021299999207258224
		endloop
	endfacet
	facet normal -1 0 0
		outer loop
			vertex -0.006484166253358126 -0.00045341707300394773 0.02630000002682209
			vertex -0.006484166253358126 0.00045341707300394773 0.021299999207258224
			vertex -0.006484166253358126 -0.00045341707300394773 0.021299999207258224
		endloop
	endfacet
	facet normal -1 0 0
		outer loop
			vertex -0.006484166253358126 -0.00045341707300394773 0.02630000002682209
			vertex -0.006484166253358126 0.00045341707300394773 0.02630000002682209
			vertex -0.006484166253358126 0.00045341707300394773 0.021299999207258224
		endloop
	endfacet
	facet normal -0.9902680905260199 -0.13917294595556484 0
		outer loop
			vertex -0.006357959471642971 -0.001351426006294787 0.02630000002682209
			vertex -0.006484166253358126 -0.00045341707300394773 0.021299999207258224
			vertex -0.006357959471642971 -0.001351426006294787 0.021299999207258224
		endloop
	endfacet
	facet normal -0.9902680905260199 -0.13917294595556484 0
		outer loop
			vertex -0.006357959471642971 -0.001351426006294787 0.02630000002682209
			vertex -0.006484166253358126 -0.00045341707300394773 0.02630000002682209
			vertex -0.006484166253358126 -0.00045341707300394773 0.021299999207258224
		endloop
	endfacet
	facet normal -0.9612616149781912 -0.2756376381583613 0
		outer loop
			vertex -0.006108001805841923 -0.002223131014034152 0.02630000002682209
			vertex -0.006357959471642971 -0.001351426006294787 0.021299999207258224
			vertex -0.006108001805841923 -0.002223131014034152 0.021299999207258224
		endloop
	endfacet
	facet normal -0.9612616149781912 -0.2756376381583613 0
		outer loop
			vertex -0.006108001805841923 -0.002223131014034152 0.02630000002682209
			vertex -0.006357959471642971 -0.001351426006294787 0.02630000002682209
			vertex -0.006357959471642971 -0.001351426006294787 0.021299999207258224
		endloop
	endfacet
	facet normal -0.9135455811627585 -0.40673636564487053 0
		outer loop
			vertex -0.005739159416407347 -0.0030515652615576982 0.02630000002682209
			vertex -0.006108001805841923 -0.002223131014034152 0.021299999207258224
			vertex -0.005739159416407347 -0.0030515652615576982 0.021299999207258224
		endloop
	endfacet
	facet normal -0.9135455811627585 -0.40673636564487053 0
		outer loop
			vertex -0.005739159416407347 -0.0030515652615576982 0.02630000002682209
			vertex -0.006108001805841923 -0.002223131014034152 0.02630000002682209
			vertex -0.006108001805841923 -0.002223131014034152 0.021299999207258224
		endloop
	endfacet
	facet normal -0.8480480493972141 -0.5299193390635791 0
		outer loop
			vertex -0.005258610472083092 -0.0038206041790544987 0.02630000002682209
			vertex -0.005739159416407347 -0.0030515652615576982 0.02630000002682209
			vertex -0.005739159416407347 -0.0030515652615576982 0.021299999207258224
		endloop
	endfacet
	facet normal -0.8480480493972141 -0.5299193390635791 0
		outer loop
			vertex -0.005258610472083092 -0.0038206041790544987 0.02630000002682209
			vertex -0.005739159416407347 -0.0030515652615576982 0.021299999207258224
			vertex -0.005258610472083092 -0.0038206041790544987 0.021299999207258224
		endloop
	endfacet
	facet normal -0.7660444901968912 -0.6427875535812633 0
		outer loop
			vertex -0.004675708711147308 -0.004515279550105333 0.02630000002682209
			vertex -0.005258610472083092 -0.0038206041790544987 0.02630000002682209
			vertex -0.005258610472083092 -0.0038206041790544987 0.021299999207258224
		endloop
	endfacet
	facet normal -0.7660444901968912 -0.6427875535812633 0
		outer loop
			vertex -0.004675708711147308 -0.004515279550105333 0.02630000002682209
			vertex -0.005258610472083092 -0.0038206041790544987 0.021299999207258224
			vertex -0.004675708711147308 -0.004515279550105333 0.021299999207258224
		endloop
	endfacet
	facet normal -0.6691303691241564 -0.7431450390844107 0
		outer loop
			vertex -0.004001799505203962 -0.005122069735080004 0.02630000002682209
			vertex -0.004675708711147308 -0.004515279550105333 0.02630000002682209
			vertex -0.004675708711147308 -0.004515279550105333 0.021299999207258224
		endloop
	endfacet
	facet normal -0.6691303691241564 -0.7431450390844107 0
		outer loop
			vertex -0.004001799505203962 -0.005122069735080004 0.02630000002682209
			vertex -0.004675708711147308 -0.004515279550105333 0.021299999207258224
			vertex -0.004001799505203962 -0.005122069735080004 0.021299999207258224
		endloop
	endfacet
	facet normal -0.5591930846142852 -0.8290374503721535 0
		outer loop
			vertex -0.0032500000670552254 -0.005629165098071098 0.02630000002682209
			vertex -0.004001799505203962 -0.005122069735080004 0.02630000002682209
			vertex -0.004001799505203962 -0.005122069735080004 0.021299999207258224
		endloop
	endfacet
	facet normal -0.5591930846142852 -0.8290374503721535 0
		outer loop
			vertex -0.0032500000670552254 -0.005629165098071098 0.02630000002682209
			vertex -0.004001799505203962 -0.005122069735080004 0.021299999207258224
			vertex -0.0032500000670552254 -0.005629165098071098 0.021299999207258224
		endloop
	endfacet
	facet normal -0.4383711136514658 -0.8987940624614595 0
		outer loop
			vertex -0.0024349428713321686 -0.006026695016771555 0.02630000002682209
			vertex -0.0032500000670552254 -0.005629165098071098 0.02630000002682209
			vertex -0.0032500000670552254 -0.005629165098071098 0.021299999207258224
		endloop
	endfacet
	facet normal -0.4383711136514658 -0.8987940624614595 0
		outer loop
			vertex -0.0024349428713321686 -0.006026695016771555 0.02630000002682209
			vertex -0.0032500000670552254 -0.005629165098071098 0.021299999207258224
			vertex -0.0024349428713321686 -0.006026695016771555 0.021299999207258224
		endloop
	endfacet
	facet normal -0.3090168633890007 -0.9510565588550577 0
		outer loop
			vertex -0.0015724922996014357 -0.006306922063231468 0.02630000002682209
			vertex -0.0024349428713321686 -0.006026695016771555 0.02630000002682209
			vertex -0.0024349428713321686 -0.006026695016771555 0.021299999207258224
		endloop
	endfacet
	facet normal -0.3090168633890007 -0.9510565588550577 0
		outer loop
			vertex -0.0015724922996014357 -0.006306922063231468 0.02630000002682209
			vertex -0.0024349428713321686 -0.006026695016771555 0.021299999207258224
			vertex -0.0015724922996014357 -0.006306922063231468 0.021299999207258224
		endloop
	endfacet
	facet normal -0.17364845353745115 -0.9848077043687522 0
		outer loop
			vertex -0.0006794350338168442 -0.00646439241245389 0.02630000002682209
			vertex -0.0015724922996014357 -0.006306922063231468 0.02630000002682209
			vertex -0.0015724922996014357 -0.006306922063231468 0.021299999207258224
		endloop
	endfacet
	facet normal -0.17364845353745115 -0.9848077043687522 0
		outer loop
			vertex -0.0006794350338168442 -0.00646439241245389 0.02630000002682209
			vertex -0.0015724922996014357 -0.006306922063231468 0.021299999207258224
			vertex -0.0006794350338168442 -0.00646439241245389 0.021299999207258224
		endloop
	endfacet
	facet normal -0.03489914623626594 -0.9993908392575849 0
		outer loop
			vertex 0.00022684672148898244 -0.006496040150523186 0.02630000002682209
			vertex -0.0006794350338168442 -0.00646439241245389 0.02630000002682209
			vertex -0.0006794350338168442 -0.00646439241245389 0.021299999207258224
		endloop
	endfacet
	facet normal -0.03489914623626594 -0.9993908392575849 0
		outer loop
			vertex 0.00022684672148898244 -0.006496040150523186 0.02630000002682209
			vertex -0.0006794350338168442 -0.00646439241245389 0.021299999207258224
			vertex 0.00022684672148898244 -0.006496040150523186 0.021299999207258224
		endloop
	endfacet
	facet normal 0.10452799025034046 -0.9945219450842826 0
		outer loop
			vertex 0.001128713134676218 -0.00640125060454011 0.02630000002682209
			vertex 0.00022684672148898244 -0.006496040150523186 0.02630000002682209
			vertex 0.00022684672148898244 -0.006496040150523186 0.021299999207258224
		endloop
	endfacet
	facet normal 0.10452799025034046 -0.9945219450842826 0
		outer loop
			vertex 0.001128713134676218 -0.00640125060454011 0.02630000002682209
			vertex 0.00022684672148898244 -0.006496040150523186 0.021299999207258224
			vertex 0.001128713134676218 -0.00640125060454011 0.021299999207258224
		endloop
	endfacet
	facet normal 0.24192215294314443 -0.9702956621130252 0
		outer loop
			vertex 0.0020086104050278664 -0.006181867327541113 0.02630000002682209
			vertex 0.001128713134676218 -0.00640125060454011 0.02630000002682209
			vertex 0.001128713134676218 -0.00640125060454011 0.021299999207258224
		endloop
	endfacet
	facet normal 0.24192215294314443 -0.9702956621130252 0
		outer loop
			vertex 0.0020086104050278664 -0.006181867327541113 0.02630000002682209
			vertex 0.001128713134676218 -0.00640125060454011 0.021299999207258224
			vertex 0.0020086104050278664 -0.006181867327541113 0.021299999207258224
		endloop
	endfacet
	facet normal 0.37460651060535 -0.927183888024422 0
		outer loop
			vertex 0.0028494123835116625 -0.005842161364853382 0.02630000002682209
			vertex 0.0020086104050278664 -0.006181867327541113 0.02630000002682209
			vertex 0.0020086104050278664 -0.006181867327541113 0.021299999207258224
		endloop
	endfacet
	facet normal 0.37460651060535 -0.927183888024422 0
		outer loop
			vertex 0.0028494123835116625 -0.005842161364853382 0.02630000002682209
			vertex 0.0020086104050278664 -0.006181867327541113 0.021299999207258224
			vertex 0.0028494123835116625 -0.005842161364853382 0.021299999207258224
		endloop
	endfacet
	facet normal 0.5000000586199368 -0.8660253699402 0
		outer loop
			vertex 0.003634753869846463 -0.0053887441754341125 0.02630000002682209
			vertex 0.0028494123835116625 -0.005842161364853382 0.02630000002682209
			vertex 0.0028494123835116625 -0.005842161364853382 0.021299999207258224
		endloop
	endfacet
	facet normal 0.5000000586199368 -0.8660253699402 0
		outer loop
			vertex 0.003634753869846463 -0.0053887441754341125 0.02630000002682209
			vertex 0.0028494123835116625 -0.005842161364853382 0.021299999207258224
			vertex 0.003634753869846463 -0.0053887441754341125 0.021299999207258224
		endloop
	endfacet
	facet normal 0.6156613258886785 -0.7880108703596636 0
		outer loop
			vertex 0.004349349066615105 -0.004830441437661648 0.02630000002682209
			vertex 0.003634753869846463 -0.0053887441754341125 0.02630000002682209
			vertex 0.003634753869846463 -0.0053887441754341125 0.021299999207258224
		endloop
	endfacet
	facet normal 0.6156613258886785 -0.7880108703596636 0
		outer loop
			vertex 0.004349349066615105 -0.004830441437661648 0.02630000002682209
			vertex 0.003634753869846463 -0.0053887441754341125 0.021299999207258224
			vertex 0.004349349066615105 -0.004830441437661648 0.021299999207258224
		endloop
	endfacet
	facet normal 0.7193400789689413 -0.6946580819287699 0
		outer loop
			vertex 0.004979288671165705 -0.004178119357675314 0.02630000002682209
			vertex 0.004349349066615105 -0.004830441437661648 0.02630000002682209
			vertex 0.004349349066615105 -0.004830441437661648 0.021299999207258224
		endloop
	endfacet
	facet normal 0.7193400789689413 -0.6946580819287699 0
		outer loop
			vertex 0.004979288671165705 -0.004178119357675314 0.02630000002682209
			vertex 0.004349349066615105 -0.004830441437661648 0.021299999207258224
			vertex 0.004979288671165705 -0.004178119357675314 0.021299999207258224
		endloop
	endfacet
	facet normal 0.8090169359914983 -0.5877853326503888 0
		outer loop
			vertex 0.0055123125202953815 -0.003444475121796131 0.02630000002682209
			vertex 0.004979288671165705 -0.004178119357675314 0.02630000002682209
			vertex 0.004979288671165705 -0.004178119357675314 0.021299999207258224
		endloop
	endfacet
	facet normal 0.8090169359914983 -0.5877853326503888 0
		outer loop
			vertex 0.0055123125202953815 -0.003444475121796131 0.02630000002682209
			vertex 0.004979288671165705 -0.004178119357675314 0.021299999207258224
			vertex 0.0055123125202953815 -0.003444475121796131 0.021299999207258224
		endloop
	endfacet
	facet normal 0.8829474146520728 -0.46947189794408417 0
		outer loop
			vertex 0.005938045680522919 -0.002643788233399391 0.02630000002682209
			vertex 0.0055123125202953815 -0.003444475121796131 0.02630000002682209
			vertex 0.0055123125202953815 -0.003444475121796131 0.021299999207258224
		endloop
	endfacet
	facet normal 0.8829474146520728 -0.46947189794408417 0
		outer loop
			vertex 0.005938045680522919 -0.002643788233399391 0.02630000002682209
			vertex 0.0055123125202953815 -0.003444475121796131 0.021299999207258224
			vertex 0.005938045680522919 -0.002643788233399391 0.021299999207258224
		endloop
	endfacet
	facet normal 0.9396926162725278 -0.3420201557260801 0
		outer loop
			vertex 0.006248201243579388 -0.0017916428623721004 0.02630000002682209
			vertex 0.005938045680522919 -0.002643788233399391 0.02630000002682209
			vertex 0.005938045680522919 -0.002643788233399391 0.021299999207258224
		endloop
	endfacet
	facet normal 0.9396926162725278 -0.3420201557260801 0
		outer loop
			vertex 0.006248201243579388 -0.0017916428623721004 0.02630000002682209
			vertex 0.005938045680522919 -0.002643788233399391 0.021299999207258224
			vertex 0.006248201243579388 -0.0017916428623721004 0.021299999207258224
		endloop
	endfacet
	facet normal 0.978147667760788 -0.20791137548035005 0
		outer loop
			vertex 0.006436742376536131 -0.0009046251652762294 0.02630000002682209
			vertex 0.006248201243579388 -0.0017916428623721004 0.02630000002682209
			vertex 0.006248201243579388 -0.0017916428623721004 0.021299999207258224
		endloop
	endfacet
	facet normal 0.978147667760788 -0.20791137548035005 0
		outer loop
			vertex 0.006436742376536131 -0.0009046251652762294 0.02630000002682209
			vertex 0.006248201243579388 -0.0017916428623721004 0.021299999207258224
			vertex 0.006436742376536131 -0.0009046251652762294 0.021299999207258224
		endloop
	endfacet
	facet normal 0.9975640346239284 -0.06975669734749416 0
		outer loop
			vertex 0.006500000134110451 7.960204086854254e-19 0.02630000002682209
			vertex 0.006436742376536131 -0.0009046251652762294 0.02630000002682209
			vertex 0.006436742376536131 -0.0009046251652762294 0.021299999207258224
		endloop
	endfacet
	facet normal 0.9975640346239284 -0.06975669734749416 0
		outer loop
			vertex 0.006500000134110451 7.960204086854254e-19 0.02630000002682209
			vertex 0.006436742376536131 -0.0009046251652762294 0.021299999207258224
			vertex 0.006500000134110451 7.960204086854254e-19 0.021299999207258224
		endloop
	endfacet
	facet normal 0 0 1
		outer loop
			vertex 0.003962868824601173 0.0038138788659125566 0.02630000002682209
			vertex 0.004979288671165705 0.004178119357675314 0.02630000002682209
			vertex 0.004349349066615105 0.004830441437661648 0.02630000002682209
		endloop
	endfacet
	facet normal 0 0 1
		outer loop
			vertex 0.003334239823743701 0.004374110605567694 0.02630000002682209
			vertex 0.004349349066615105 0.004830441437661648 0.02630000002682209
			vertex 0.003634753869846463 0.0053887441754341125 0.02630000002682209
		endloop
	endfacet
	facet normal 0 0 1
		outer loop
			vertex 0.003334239823743701 0.004374110605567694 0.02630000002682209
			vertex 0.003962868824601173 0.0038138788659125566 0.02630000002682209
			vertex 0.004349349066615105 0.004830441437661648 0.02630000002682209
		endloop
	endfacet
	facet normal 0 0 1
		outer loop
			vertex 0.00449861166998744 0.003164252731949091 0.02630000002682209
			vertex 0.0055123125202953815 0.003444475121796131 0.02630000002682209
			vertex 0.004979288671165705 0.004178119357675314 0.02630000002682209
		endloop
	endfacet
	facet normal 0 0 1
		outer loop
			vertex 0.00449861166998744 0.003164252731949091 0.02630000002682209
			vertex 0.004979288671165705 0.004178119357675314 0.02630000002682209
			vertex 0.003962868824601173 0.0038138788659125566 0.02630000002682209
		endloop
	endfacet
	facet normal 0 0 1
		outer loop
			vertex 0.0026274588890373707 0.004831817466765642 0.02630000002682209
			vertex 0.003334239823743701 0.004374110605567694 0.02630000002682209
			vertex 0.003634753869846463 0.0053887441754341125 0.02630000002682209
		endloop
	endfacet
	facet normal 0 0 1
		outer loop
			vertex 0.0026274588890373707 0.004831817466765642 0.02630000002682209
			vertex 0.003634753869846463 0.0053887441754341125 0.02630000002682209
			vertex 0.0028494123835116625 0.005842161364853382 0.02630000002682209
		endloop
	endfacet
	facet normal 0 0 1
		outer loop
			vertex 0.00492891063913703 0.002440459094941616 0.02630000002682209
			vertex 0.005938045680522919 0.002643788233399391 0.02630000002682209
			vertex 0.0055123125202953815 0.003444475121796131 0.02630000002682209
		endloop
	endfacet
	facet normal 0 0 1
		outer loop
			vertex 0.00492891063913703 0.002440459094941616 0.02630000002682209
			vertex 0.0055123125202953815 0.003444475121796131 0.02630000002682209
			vertex 0.00449861166998744 0.003164252731949091 0.02630000002682209
		endloop
	endfacet
	facet normal 0 0 1
		outer loop
			vertex 0.00185909285210073 0.005176270380616188 0.02630000002682209
			vertex 0.0028494123835116625 0.005842161364853382 0.02630000002682209
			vertex 0.0020086104050278664 0.006181867327541113 0.02630000002682209
		endloop
	endfacet
	facet normal 0 0 1
		outer loop
			vertex 0.00185909285210073 0.005176270380616188 0.02630000002682209
			vertex 0.0026274588890373707 0.004831817466765642 0.02630000002682209
			vertex 0.0028494123835116625 0.005842161364853382 0.02630000002682209
		endloop
	endfacet
	facet normal 0 0 1
		outer loop
			vertex 0.005243679974228144 0.001659463276155293 0.02630000002682209
			vertex 0.006248201243579388 0.0017916428623721004 0.02630000002682209
			vertex 0.005938045680522919 0.002643788233399391 0.02630000002682209
		endloop
	endfacet
	facet normal 0 0 1
		outer loop
			vertex 0.005243679974228144 0.001659463276155293 0.02630000002682209
			vertex 0.005938045680522919 0.002643788233399391 0.02630000002682209
			vertex 0.00492891063913703 0.002440459094941616 0.02630000002682209
		endloop
	endfacet
	facet normal 0 0 1
		outer loop
			vertex 0.0010471510468050838 0.00539939571171999 0.02630000002682209
			vertex 0.00185909285210073 0.005176270380616188 0.02630000002682209
			vertex 0.0020086104050278664 0.006181867327541113 0.02630000002682209
		endloop
	endfacet
	facet normal 0 0 1
		outer loop
			vertex 0.0010471510468050838 0.00539939571171999 0.02630000002682209
			vertex 0.0020086104050278664 0.006181867327541113 0.02630000002682209
			vertex 0.001128713134676218 0.00640125060454011 0.02630000002682209
		endloop
	endfacet
	facet normal 0 0 1
		outer loop
			vertex 0.005435542203485966 0.000839571061078459 0.02630000002682209
			vertex 0.006436742376536131 0.0009046251652762294 0.02630000002682209
			vertex 0.006248201243579388 0.0017916428623721004 0.02630000002682209
		endloop
	endfacet
	facet normal 0 0 1
		outer loop
			vertex 0.005435542203485966 0.000839571061078459 0.02630000002682209
			vertex 0.006248201243579388 0.0017916428623721004 0.02630000002682209
			vertex 0.005243679974228144 0.001659463276155293 0.02630000002682209
		endloop
	endfacet
	facet normal 0 0 1
		outer loop
			vertex 0.00021066503541078418 0.0054959640838205814 0.02630000002682209
			vertex 0.001128713134676218 0.00640125060454011 0.02630000002682209
			vertex 0.00022684672148898244 0.006496040150523186 0.02630000002682209
		endloop
	endfacet
	facet normal 0 0 1
		outer loop
			vertex 0.00021066503541078418 0.0054959640838205814 0.02630000002682209
			vertex 0.00022684672148898244 0.006496040150523186 0.02630000002682209
			vertex -0.0006794350338168442 0.00646439241245389 0.02630000002682209
		endloop
	endfacet
	facet normal 0 0 1
		outer loop
			vertex 0.00021066503541078418 0.0054959640838205814 0.02630000002682209
			vertex 0.0010471510468050838 0.00539939571171999 0.02630000002682209
			vertex 0.001128713134676218 0.00640125060454011 0.02630000002682209
		endloop
	endfacet
	facet normal 0 0 1
		outer loop
			vertex 0.005499999970197678 6.735557503102785e-19 0.02630000002682209
			vertex 0.006500000134110451 7.960204086854254e-19 0.02630000002682209
			vertex 0.006436742376536131 0.0009046251652762294 0.02630000002682209
		endloop
	endfacet
	facet normal 0 0 1
		outer loop
			vertex 0.005499999970197678 6.735557503102785e-19 0.02630000002682209
			vertex 0.006436742376536131 0.0009046251652762294 0.02630000002682209
			vertex 0.005435542203485966 0.000839571061078459 0.02630000002682209
		endloop
	endfacet
	facet normal 0 0 1
		outer loop
			vertex 0.005499999970197678 6.735557503102785e-19 0.02630000002682209
			vertex 0.006436742376536131 -0.0009046251652762294 0.02630000002682209
			vertex 0.006500000134110451 7.960204086854254e-19 0.02630000002682209
		endloop
	endfacet
	facet normal 0 0 1
		outer loop
			vertex -0.0006307588191702962 0.005463711451739073 0.02630000002682209
			vertex 0.00021066503541078418 0.0054959640838205814 0.02630000002682209
			vertex -0.0006794350338168442 0.00646439241245389 0.02630000002682209
		endloop
	endfacet
	facet normal 0 0 1
		outer loop
			vertex -0.0015724922996014357 0.006306922063231468 0.02630000002682209
			vertex -0.0006307588191702962 0.005463711451739073 0.02630000002682209
			vertex -0.0006794350338168442 0.00646439241245389 0.02630000002682209
		endloop
	endfacet
	facet normal 0 0 1
		outer loop
			vertex 0.005435542203485966 -0.000839571061078459 0.02630000002682209
			vertex 0.006436742376536131 -0.0009046251652762294 0.02630000002682209
			vertex 0.005499999970197678 6.735557503102785e-19 0.02630000002682209
		endloop
	endfacet
	facet normal 0 0 1
		outer loop
			vertex 0.006248201243579388 -0.0017916428623721004 0.02630000002682209
			vertex 0.006436742376536131 -0.0009046251652762294 0.02630000002682209
			vertex 0.005435542203485966 -0.000839571061078459 0.02630000002682209
		endloop
	endfacet
	facet normal 0 0 1
		outer loop
			vertex -0.0014573982916772366 0.005303394049406052 0.02630000002682209
			vertex -0.0006307588191702962 0.005463711451739073 0.02630000002682209
			vertex -0.0015724922996014357 0.006306922063231468 0.02630000002682209
		endloop
	endfacet
	facet normal 0 0 1
		outer loop
			vertex -0.0024349428713321686 0.006026695016771555 0.02630000002682209
			vertex -0.0014573982916772366 0.005303394049406052 0.02630000002682209
			vertex -0.0015724922996014357 0.006306922063231468 0.02630000002682209
		endloop
	endfacet
	facet normal 0 0 1
		outer loop
			vertex 0.005243679974228144 -0.001659463276155293 0.02630000002682209
			vertex 0.006248201243579388 -0.0017916428623721004 0.02630000002682209
			vertex 0.005435542203485966 -0.000839571061078459 0.02630000002682209
		endloop
	endfacet
	facet normal 0 0 1
		outer loop
			vertex 0.005938045680522919 -0.002643788233399391 0.02630000002682209
			vertex 0.006248201243579388 -0.0017916428623721004 0.02630000002682209
			vertex 0.005243679974228144 -0.001659463276155293 0.02630000002682209
		endloop
	endfacet
	facet normal 0 0 1
		outer loop
			vertex -0.0022498774342238903 0.005018769763410091 0.02630000002682209
			vertex -0.0014573982916772366 0.005303394049406052 0.02630000002682209
			vertex -0.0024349428713321686 0.006026695016771555 0.02630000002682209
		endloop
	endfacet
	facet normal 0 0 1
		outer loop
			vertex 0.00492891063913703 -0.002440459094941616 0.02630000002682209
			vertex 0.005938045680522919 -0.002643788233399391 0.02630000002682209
			vertex 0.005243679974228144 -0.001659463276155293 0.02630000002682209
		endloop
	endfacet
	facet normal 0 0 1
		outer loop
			vertex -0.0032500000670552254 0.005629165098071098 0.02630000002682209
			vertex -0.0022498774342238903 0.005018769763410091 0.02630000002682209
			vertex -0.0024349428713321686 0.006026695016771555 0.02630000002682209
		endloop
	endfacet
	facet normal 0 0 1
		outer loop
			vertex 0.0055123125202953815 -0.003444475121796131 0.02630000002682209
			vertex 0.005938045680522919 -0.002643788233399391 0.02630000002682209
			vertex 0.00492891063913703 -0.002440459094941616 0.02630000002682209
		endloop
	endfacet
	facet normal 0 0 1
		outer loop
			vertex -0.002989621600136161 0.004616509657353163 0.02630000002682209
			vertex -0.0022498774342238903 0.005018769763410091 0.02630000002682209
			vertex -0.0032500000670552254 0.005629165098071098 0.02630000002682209
		endloop
	endfacet
	facet normal 0 0 1
		outer loop
			vertex 0.00449861166998744 -0.003164252731949091 0.02630000002682209
			vertex 0.0055123125202953815 -0.003444475121796131 0.02630000002682209
			vertex 0.00492891063913703 -0.002440459094941616 0.02630000002682209
		endloop
	endfacet
	facet normal 0 0 1
		outer loop
			vertex -0.004001799505203962 0.005122069735080004 0.02630000002682209
			vertex -0.002989621600136161 0.004616509657353163 0.02630000002682209
			vertex -0.0032500000670552254 0.005629165098071098 0.02630000002682209
		endloop
	endfacet
	facet normal 0 0 1
		outer loop
			vertex 0.004979288671165705 -0.004178119357675314 0.02630000002682209
			vertex 0.0055123125202953815 -0.003444475121796131 0.02630000002682209
			vertex 0.00449861166998744 -0.003164252731949091 0.02630000002682209
		endloop
	endfacet
	facet normal 0 0 1
		outer loop
			vertex -0.003659291425719857 0.00410604290664196 0.02630000002682209
			vertex -0.002989621600136161 0.004616509657353163 0.02630000002682209
			vertex -0.004001799505203962 0.005122069735080004 0.02630000002682209
		endloop
	endfacet
	facet normal 0 0 1
		outer loop
			vertex 0.003962868824601173 -0.0038138788659125566 0.02630000002682209
			vertex 0.004979288671165705 -0.004178119357675314 0.02630000002682209
			vertex 0.00449861166998744 -0.003164252731949091 0.02630000002682209
		endloop
	endfacet
	facet normal 0 0 1
		outer loop
			vertex -0.004675708711147308 0.004515279550105333 0.02630000002682209
			vertex -0.003659291425719857 0.00410604290664196 0.02630000002682209
			vertex -0.004001799505203962 0.005122069735080004 0.02630000002682209
		endloop
	endfacet
	facet normal 0 0 1
		outer loop
			vertex 0.004349349066615105 -0.004830441437661648 0.02630000002682209
			vertex 0.004979288671165705 -0.004178119357675314 0.02630000002682209
			vertex 0.003962868824601173 -0.0038138788659125566 0.02630000002682209
		endloop
	endfacet
	facet normal 0 0 1
		outer loop
			vertex -0.00424319040030241 0.0034993335139006376 0.02630000002682209
			vertex -0.003659291425719857 0.00410604290664196 0.02630000002682209
			vertex -0.004675708711147308 0.004515279550105333 0.02630000002682209
		endloop
	endfacet
	facet normal 0 0 1
		outer loop
			vertex 0.003334239823743701 -0.004374110605567694 0.02630000002682209
			vertex 0.004349349066615105 -0.004830441437661648 0.02630000002682209
			vertex 0.003962868824601173 -0.0038138788659125566 0.02630000002682209
		endloop
	endfacet
	facet normal 0 0 1
		outer loop
			vertex -0.005258610472083092 0.0038206041790544987 0.02630000002682209
			vertex -0.00424319040030241 0.0034993335139006376 0.02630000002682209
			vertex -0.004675708711147308 0.004515279550105333 0.02630000002682209
		endloop
	endfacet
	facet normal 0 0 1
		outer loop
			vertex 0.003634753869846463 -0.0053887441754341125 0.02630000002682209
			vertex 0.004349349066615105 -0.004830441437661648 0.02630000002682209
			vertex 0.003334239823743701 -0.004374110605567694 0.02630000002682209
		endloop
	endfacet
	facet normal 0 0 1
		outer loop
			vertex -0.004727632738649845 0.0028106027748435736 0.02630000002682209
			vertex -0.00424319040030241 0.0034993335139006376 0.02630000002682209
			vertex -0.005258610472083092 0.0038206041790544987 0.02630000002682209
		endloop
	endfacet
	facet normal 0 0 1
		outer loop
			vertex 0.0026274588890373707 -0.004831817466765642 0.02630000002682209
			vertex 0.003634753869846463 -0.0053887441754341125 0.02630000002682209
			vertex 0.003334239823743701 -0.004374110605567694 0.02630000002682209
		endloop
	endfacet
	facet normal 0 0 1
		outer loop
			vertex -0.005739159416407347 0.0030515652615576982 0.02630000002682209
			vertex -0.004727632738649845 0.0028106027748435736 0.02630000002682209
			vertex -0.005258610472083092 0.0038206041790544987 0.02630000002682209
		endloop
	endfacet
	facet normal 0 0 1
		outer loop
			vertex 0.0028494123835116625 -0.005842161364853382 0.02630000002682209
			vertex 0.003634753869846463 -0.0053887441754341125 0.02630000002682209
			vertex 0.0026274588890373707 -0.004831817466765642 0.02630000002682209
		endloop
	endfacet
	facet normal 0 0 1
		outer loop
			vertex -0.005101263523101807 0.002055994002148509 0.02630000002682209
			vertex -0.004727632738649845 0.0028106027748435736 0.02630000002682209
			vertex -0.005739159416407347 0.0030515652615576982 0.02630000002682209
		endloop
	endfacet
	facet normal 0 0 1
		outer loop
			vertex 0.00185909285210073 -0.005176270380616188 0.02630000002682209
			vertex 0.0028494123835116625 -0.005842161364853382 0.02630000002682209
			vertex 0.0026274588890373707 -0.004831817466765642 0.02630000002682209
		endloop
	endfacet
	facet normal 0 0 1
		outer loop
			vertex -0.006108001805841923 0.002223131014034152 0.02630000002682209
			vertex -0.005101263523101807 0.002055994002148509 0.02630000002682209
			vertex -0.005739159416407347 0.0030515652615576982 0.02630000002682209
		endloop
	endfacet
	facet normal 0 0 1
		outer loop
			vertex -0.005355325061827898 0.001253194292075932 0.02630000002682209
			vertex -0.005101263523101807 0.002055994002148509 0.02630000002682209
			vertex -0.006108001805841923 0.002223131014034152 0.02630000002682209
		endloop
	endfacet
	facet normal 0 0 1
		outer loop
			vertex 0.0020086104050278664 -0.006181867327541113 0.02630000002682209
			vertex 0.0028494123835116625 -0.005842161364853382 0.02630000002682209
			vertex 0.00185909285210073 -0.005176270380616188 0.02630000002682209
		endloop
	endfacet
	facet normal 0 0 1
		outer loop
			vertex 0.0010471510468050838 -0.00539939571171999 0.02630000002682209
			vertex 0.0020086104050278664 -0.006181867327541113 0.02630000002682209
			vertex 0.00185909285210073 -0.005176270380616188 0.02630000002682209
		endloop
	endfacet
	facet normal 0 0 1
		outer loop
			vertex -0.006357959471642971 0.001351426006294787 0.02630000002682209
			vertex -0.005355325061827898 0.001253194292075932 0.02630000002682209
			vertex -0.006108001805841923 0.002223131014034152 0.02630000002682209
		endloop
	endfacet
	facet normal 0 0 1
		outer loop
			vertex -0.005483862012624741 0.0004210209008306265 0.02630000002682209
			vertex -0.005355325061827898 0.001253194292075932 0.02630000002682209
			vertex -0.006357959471642971 0.001351426006294787 0.02630000002682209
		endloop
	endfacet
	facet normal 0 0 1
		outer loop
			vertex 0.001128713134676218 -0.00640125060454011 0.02630000002682209
			vertex 0.0020086104050278664 -0.006181867327541113 0.02630000002682209
			vertex 0.0010471510468050838 -0.00539939571171999 0.02630000002682209
		endloop
	endfacet
	facet normal 0 0 1
		outer loop
			vertex 0.00021066503541078418 -0.0054959640838205814 0.02630000002682209
			vertex 0.001128713134676218 -0.00640125060454011 0.02630000002682209
			vertex 0.0010471510468050838 -0.00539939571171999 0.02630000002682209
		endloop
	endfacet
	facet normal 0 0 1
		outer loop
			vertex -0.006484166253358126 0.00045341707300394773 0.02630000002682209
			vertex -0.005483862012624741 0.0004210209008306265 0.02630000002682209
			vertex -0.006357959471642971 0.001351426006294787 0.02630000002682209
		endloop
	endfacet
	facet normal 0 0 1
		outer loop
			vertex 0.00022684672148898244 -0.006496040150523186 0.02630000002682209
			vertex 0.001128713134676218 -0.00640125060454011 0.02630000002682209
			vertex 0.00021066503541078418 -0.0054959640838205814 0.02630000002682209
		endloop
	endfacet
	facet normal 0 0 1
		outer loop
			vertex -0.006484166253358126 -0.00045341707300394773 0.02630000002682209
			vertex -0.005483862012624741 0.0004210209008306265 0.02630000002682209
			vertex -0.006484166253358126 0.00045341707300394773 0.02630000002682209
		endloop
	endfacet
	facet normal 0 0 1
		outer loop
			vertex -0.006484166253358126 -0.00045341707300394773 0.02630000002682209
			vertex -0.005483862012624741 -0.0004210209008306265 0.02630000002682209
			vertex -0.005483862012624741 0.0004210209008306265 0.02630000002682209
		endloop
	endfacet
	facet normal 0 0 1
		outer loop
			vertex -0.0006794350338168442 -0.00646439241245389 0.02630000002682209
			vertex 0.00022684672148898244 -0.006496040150523186 0.02630000002682209
			vertex 0.00021066503541078418 -0.0054959640838205814 0.02630000002682209
		endloop
	endfacet
	facet normal 0 0 1
		outer loop
			vertex -0.0006794350338168442 -0.00646439241245389 0.02630000002682209
			vertex 0.00021066503541078418 -0.0054959640838205814 0.02630000002682209
			vertex -0.0006307588191702962 -0.005463711451739073 0.02630000002682209
		endloop
	endfacet
	facet normal 0 0 1
		outer loop
			vertex -0.006357959471642971 -0.001351426006294787 0.02630000002682209
			vertex -0.005483862012624741 -0.0004210209008306265 0.02630000002682209
			vertex -0.006484166253358126 -0.00045341707300394773 0.02630000002682209
		endloop
	endfacet
	facet normal 0 0 1
		outer loop
			vertex -0.006357959471642971 -0.001351426006294787 0.02630000002682209
			vertex -0.005355325061827898 -0.001253194292075932 0.02630000002682209
			vertex -0.005483862012624741 -0.0004210209008306265 0.02630000002682209
		endloop
	endfacet
	facet normal 0 0 1
		outer loop
			vertex -0.0015724922996014357 -0.006306922063231468 0.02630000002682209
			vertex -0.0006794350338168442 -0.00646439241245389 0.02630000002682209
			vertex -0.0006307588191702962 -0.005463711451739073 0.02630000002682209
		endloop
	endfacet
	facet normal 0 0 1
		outer loop
			vertex -0.0015724922996014357 -0.006306922063231468 0.02630000002682209
			vertex -0.0006307588191702962 -0.005463711451739073 0.02630000002682209
			vertex -0.0014573982916772366 -0.005303394049406052 0.02630000002682209
		endloop
	endfacet
	facet normal 0 0 1
		outer loop
			vertex -0.006108001805841923 -0.002223131014034152 0.02630000002682209
			vertex -0.005355325061827898 -0.001253194292075932 0.02630000002682209
			vertex -0.006357959471642971 -0.001351426006294787 0.02630000002682209
		endloop
	endfacet
	facet normal 0 0 1
		outer loop
			vertex -0.006108001805841923 -0.002223131014034152 0.02630000002682209
			vertex -0.005101263523101807 -0.002055994002148509 0.02630000002682209
			vertex -0.005355325061827898 -0.001253194292075932 0.02630000002682209
		endloop
	endfacet
	facet normal 0 0 1
		outer loop
			vertex -0.0024349428713321686 -0.006026695016771555 0.02630000002682209
			vertex -0.0015724922996014357 -0.006306922063231468 0.02630000002682209
			vertex -0.0014573982916772366 -0.005303394049406052 0.02630000002682209
		endloop
	endfacet
	facet normal 0 0 1
		outer loop
			vertex -0.0024349428713321686 -0.006026695016771555 0.02630000002682209
			vertex -0.0014573982916772366 -0.005303394049406052 0.02630000002682209
			vertex -0.0022498774342238903 -0.005018769763410091 0.02630000002682209
		endloop
	endfacet
	facet normal 0 0 1
		outer loop
			vertex -0.005739159416407347 -0.0030515652615576982 0.02630000002682209
			vertex -0.005101263523101807 -0.002055994002148509 0.02630000002682209
			vertex -0.006108001805841923 -0.002223131014034152 0.02630000002682209
		endloop
	endfacet
	facet normal 0 0 1
		outer loop
			vertex -0.005739159416407347 -0.0030515652615576982 0.02630000002682209
			vertex -0.004727632738649845 -0.0028106027748435736 0.02630000002682209
			vertex -0.005101263523101807 -0.002055994002148509 0.02630000002682209
		endloop
	endfacet
	facet normal 0 0 1
		outer loop
			vertex -0.0032500000670552254 -0.005629165098071098 0.02630000002682209
			vertex -0.0024349428713321686 -0.006026695016771555 0.02630000002682209
			vertex -0.0022498774342238903 -0.005018769763410091 0.02630000002682209
		endloop
	endfacet
	facet normal 0 0 1
		outer loop
			vertex -0.0032500000670552254 -0.005629165098071098 0.02630000002682209
			vertex -0.0022498774342238903 -0.005018769763410091 0.02630000002682209
			vertex -0.002989621600136161 -0.004616509657353163 0.02630000002682209
		endloop
	endfacet
	facet normal 0 0 1
		outer loop
			vertex -0.005258610472083092 -0.0038206041790544987 0.02630000002682209
			vertex -0.004727632738649845 -0.0028106027748435736 0.02630000002682209
			vertex -0.005739159416407347 -0.0030515652615576982 0.02630000002682209
		endloop
	endfacet
	facet normal 0 0 1
		outer loop
			vertex -0.005258610472083092 -0.0038206041790544987 0.02630000002682209
			vertex -0.00424319040030241 -0.0034993335139006376 0.02630000002682209
			vertex -0.004727632738649845 -0.0028106027748435736 0.02630000002682209
		endloop
	endfacet
	facet normal 0 0 1
		outer loop
			vertex -0.004001799505203962 -0.005122069735080004 0.02630000002682209
			vertex -0.0032500000670552254 -0.005629165098071098 0.02630000002682209
			vertex -0.002989621600136161 -0.004616509657353163 0.02630000002682209
		endloop
	endfacet
	facet normal 0 0 1
		outer loop
			vertex -0.004001799505203962 -0.005122069735080004 0.02630000002682209
			vertex -0.002989621600136161 -0.004616509657353163 0.02630000002682209
			vertex -0.003659291425719857 -0.00410604290664196 0.02630000002682209
		endloop
	endfacet
	facet normal 0 0 1
		outer loop
			vertex -0.004675708711147308 -0.004515279550105333 0.02630000002682209
			vertex -0.00424319040030241 -0.0034993335139006376 0.02630000002682209
			vertex -0.005258610472083092 -0.0038206041790544987 0.02630000002682209
		endloop
	endfacet
	facet normal 0 0 1
		outer loop
			vertex -0.004675708711147308 -0.004515279550105333 0.02630000002682209
			vertex -0.004001799505203962 -0.005122069735080004 0.02630000002682209
			vertex -0.003659291425719857 -0.00410604290664196 0.02630000002682209
		endloop
	endfacet
	facet normal 0 0 1
		outer loop
			vertex -0.004675708711147308 -0.004515279550105333 0.02630000002682209
			vertex -0.003659291425719857 -0.00410604290664196 0.02630000002682209
			vertex -0.00424319040030241 -0.0034993335139006376 0.02630000002682209
		endloop
	endfacet
	facet normal 0.9973322703502063 0.07299549656042492 0
		outer loop
			vertex 0.0059360601007938385 0.0008736070012673736 0.021299999207258224
			vertex 0.006000000052154064 7.347880536484578e-19 0.021299999207258224
			vertex 0.006000000052154064 7.347880536484578e-19 0.013299999758601189
		endloop
	endfacet
	facet normal 0.9973322703502063 0.07299549656042492 0
		outer loop
			vertex 0.0059360601007938385 0.0008736070012673736 0.021299999207258224
			vertex 0.006000000052154064 7.347880536484578e-19 0.013299999758601189
			vertex 0.0059360601007938385 0.0008736070012673736 0.013299999758601189
		endloop
	endfacet
	facet normal 0.976075932028972 0.2174299310439425 0
		outer loop
			vertex 0.0057456037029623985 0.001728594652377069 0.021299999207258224
			vertex 0.0059360601007938385 0.0008736070012673736 0.013299999758601189
			vertex 0.0057456037029623985 0.001728594652377069 0.013299999758601189
		endloop
	endfacet
	facet normal 0.976075932028972 0.2174299310439425 0
		outer loop
			vertex 0.0057456037029623985 0.001728594652377069 0.021299999207258224
			vertex 0.0059360601007938385 0.0008736070012673736 0.021299999207258224
			vertex 0.0059360601007938385 0.0008736070012673736 0.013299999758601189
		endloop
	endfacet
	facet normal 0.9340161188647967 0.35723086330934817 0
		outer loop
			vertex 0.0054326895624399185 0.0025467402301728725 0.021299999207258224
			vertex 0.0057456037029623985 0.001728594652377069 0.021299999207258224
			vertex 0.0057456037029623985 0.001728594652377069 0.013299999758601189
		endloop
	endfacet
	facet normal 0.9340161188647967 0.35723086330934817 0
		outer loop
			vertex 0.0054326895624399185 0.0025467402301728725 0.021299999207258224
			vertex 0.0057456037029623985 0.001728594652377069 0.013299999758601189
			vertex 0.0054326895624399185 0.0025467402301728725 0.013299999758601189
		endloop
	endfacet
	facet normal 0.8720492917529803 0.4894180551973188 0
		outer loop
			vertex 0.00500398688018322 0.003310606349259615 0.021299999207258224
			vertex 0.0054326895624399185 0.0025467402301728725 0.021299999207258224
			vertex 0.0054326895624399185 0.0025467402301728725 0.013299999758601189
		endloop
	endfacet
	facet normal 0.8720492917529803 0.4894180551973188 0
		outer loop
			vertex 0.00500398688018322 0.003310606349259615 0.021299999207258224
			vertex 0.0054326895624399185 0.0025467402301728725 0.013299999758601189
			vertex 0.00500398688018322 0.003310606349259615 0.013299999758601189
		endloop
	endfacet
	facet normal 0.7914965902191179 0.6111735822755348 0
		outer loop
			vertex 0.0044686333276331425 0.004003912676125765 0.021299999207258224
			vertex 0.00500398688018322 0.003310606349259615 0.021299999207258224
			vertex 0.00500398688018322 0.003310606349259615 0.013299999758601189
		endloop
	endfacet
	facet normal 0.7914965902191179 0.6111735822755348 0
		outer loop
			vertex 0.0044686333276331425 0.004003912676125765 0.021299999207258224
			vertex 0.00500398688018322 0.003310606349259615 0.013299999758601189
			vertex 0.0044686333276331425 0.004003912676125765 0.013299999758601189
		endloop
	endfacet
	facet normal 0.6940741485726364 0.719903518732316 0
		outer loop
			vertex 0.003838038071990013 0.004611882846802473 0.021299999207258224
			vertex 0.0044686333276331425 0.004003912676125765 0.021299999207258224
			vertex 0.0044686333276331425 0.004003912676125765 0.013299999758601189
		endloop
	endfacet
	facet normal 0.6940741485726364 0.719903518732316 0
		outer loop
			vertex 0.003838038071990013 0.004611882846802473 0.021299999207258224
			vertex 0.0044686333276331425 0.004003912676125765 0.013299999758601189
			vertex 0.003838038071990013 0.004611882846802473 0.013299999758601189
		endloop
	endfacet
	facet normal 0.5818588240430678 0.8132898062088437 0
		outer loop
			vertex 0.0031256419606506824 0.00512155843898654 0.021299999207258224
			vertex 0.003838038071990013 0.004611882846802473 0.021299999207258224
			vertex 0.003838038071990013 0.004611882846802473 0.013299999758601189
		endloop
	endfacet
	facet normal 0.5818588240430678 0.8132898062088437 0
		outer loop
			vertex 0.0031256419606506824 0.00512155843898654 0.021299999207258224
			vertex 0.003838038071990013 0.004611882846802473 0.013299999758601189
			vertex 0.0031256419606506824 0.00512155843898654 0.013299999758601189
		endloop
	endfacet
	facet normal 0.45724234098128963 0.8893421397943257 0
		outer loop
			vertex 0.0023466283455491066 0.0055220769718289375 0.021299999207258224
			vertex 0.0031256419606506824 0.00512155843898654 0.021299999207258224
			vertex 0.0031256419606506824 0.00512155843898654 0.013299999758601189
		endloop
	endfacet
	facet normal 0.45724234098128963 0.8893421397943257 0
		outer loop
			vertex 0.0023466283455491066 0.0055220769718289375 0.021299999207258224
			vertex 0.0031256419606506824 0.00512155843898654 0.013299999758601189
			vertex 0.0023466283455491066 0.0055220769718289375 0.013299999758601189
		endloop
	endfacet
	facet normal 0.32288074966216246 0.946439655497169 0
		outer loop
			vertex 0.0015176002634689212 0.005804902408272028 0.021299999207258224
			vertex 0.0023466283455491066 0.0055220769718289375 0.021299999207258224
			vertex 0.0023466283455491066 0.0055220769718289375 0.013299999758601189
		endloop
	endfacet
	facet normal 0.32288074966216246 0.946439655497169 0
		outer loop
			vertex 0.0015176002634689212 0.005804902408272028 0.021299999207258224
			vertex 0.0023466283455491066 0.0055220769718289375 0.013299999758601189
			vertex 0.0015176002634689212 0.005804902408272028 0.013299999758601189
		endloop
	endfacet
	facet normal 0.18163658225740187 0.9833657264649049 0
		outer loop
			vertex 0.0006562272319570184 0.005964005831629038 0.021299999207258224
			vertex 0.0015176002634689212 0.005804902408272028 0.021299999207258224
			vertex 0.0015176002634689212 0.005804902408272028 0.013299999758601189
		endloop
	endfacet
	facet normal 0.18163658225740187 0.9833657264649049 0
		outer loop
			vertex 0.0006562272319570184 0.005964005831629038 0.021299999207258224
			vertex 0.0015176002634689212 0.005804902408272028 0.013299999758601189
			vertex 0.0006562272319570184 0.005964005831629038 0.013299999758601189
		endloop
	endfacet
	facet normal 0.0365222031079862 0.999332841790031 0
		outer loop
			vertex -0.00021913214004598558 0.005995997227728367 0.021299999207258224
			vertex 0.0006562272319570184 0.005964005831629038 0.021299999207258224
			vertex 0.0006562272319570184 0.005964005831629038 0.013299999758601189
		endloop
	endfacet
	facet normal 0.0365222031079862 0.999332841790031 0
		outer loop
			vertex -0.00021913214004598558 0.005995997227728367 0.021299999207258224
			vertex 0.0006562272319570184 0.005964005831629038 0.013299999758601189
			vertex -0.00021913214004598558 0.005995997227728367 0.013299999758601189
		endloop
	endfacet
	facet normal -0.10937150363384912 0.9940009427525062 0
		outer loop
			vertex -0.0010898211039602757 0.005900193937122822 0.021299999207258224
			vertex -0.00021913214004598558 0.005995997227728367 0.021299999207258224
			vertex -0.00021913214004598558 0.005995997227728367 0.013299999758601189
		endloop
	endfacet
	facet normal -0.10937150363384912 0.9940009427525062 0
		outer loop
			vertex -0.0010898211039602757 0.005900193937122822 0.021299999207258224
			vertex -0.00021913214004598558 0.005995997227728367 0.013299999758601189
			vertex -0.0010898211039602757 0.005900193937122822 0.013299999758601189
		endloop
	endfacet
	facet normal -0.25293307175982993 0.9674837782671796 0
		outer loop
			vertex -0.001937282388098538 0.005678638815879822 0.021299999207258224
			vertex -0.0010898211039602757 0.005900193937122822 0.021299999207258224
			vertex -0.0010898211039602757 0.005900193937122822 0.013299999758601189
		endloop
	endfacet
	facet normal -0.25293307175982993 0.9674837782671796 0
		outer loop
			vertex -0.001937282388098538 0.005678638815879822 0.021299999207258224
			vertex -0.0010898211039602757 0.005900193937122822 0.013299999758601189
			vertex -0.001937282388098538 0.005678638815879822 0.013299999758601189
		endloop
	endfacet
	facet normal -0.3911050201567033 0.9203460562246274 0
		outer loop
			vertex -0.0027434539515525103 0.005336052738130093 0.021299999207258224
			vertex -0.001937282388098538 0.005678638815879822 0.021299999207258224
			vertex -0.001937282388098538 0.005678638815879822 0.013299999758601189
		endloop
	endfacet
	facet normal -0.3911050201567033 0.9203460562246274 0
		outer loop
			vertex -0.0027434539515525103 0.005336052738130093 0.021299999207258224
			vertex -0.001937282388098538 0.005678638815879822 0.013299999758601189
			vertex -0.0027434539515525103 0.005336052738130093 0.013299999758601189
		endloop
	endfacet
	facet normal -0.5209400392232085 0.8535932728964784 0
		outer loop
			vertex -0.0034911534748971462 0.004879738669842482 0.021299999207258224
			vertex -0.0027434539515525103 0.005336052738130093 0.021299999207258224
			vertex -0.0027434539515525103 0.005336052738130093 0.013299999758601189
		endloop
	endfacet
	facet normal -0.5209400392232085 0.8535932728964784 0
		outer loop
			vertex -0.0034911534748971462 0.004879738669842482 0.021299999207258224
			vertex -0.0027434539515525103 0.005336052738130093 0.013299999758601189
			vertex -0.0034911534748971462 0.004879738669842482 0.013299999758601189
		endloop
	endfacet
	facet normal -0.6396730225363537 0.7686471389650816 0
		outer loop
			vertex -0.004164445213973522 0.004319421015679836 0.021299999207258224
			vertex -0.0034911534748971462 0.004879738669842482 0.021299999207258224
			vertex -0.0034911534748971462 0.004879738669842482 0.013299999758601189
		endloop
	endfacet
	facet normal -0.6396730225363537 0.7686471389650816 0
		outer loop
			vertex -0.004164445213973522 0.004319421015679836 0.021299999207258224
			vertex -0.0034911534748971462 0.004879738669842482 0.013299999758601189
			vertex -0.004164445213973522 0.004319421015679836 0.013299999758601189
		endloop
	endfacet
	facet normal -0.7447721515314619 0.6673188460572631 0
		outer loop
			vertex -0.004748979117721319 0.0036670423578470945 0.021299999207258224
			vertex -0.004164445213973522 0.004319421015679836 0.013299999758601189
			vertex -0.004748979117721319 0.0036670423578470945 0.013299999758601189
		endloop
	endfacet
	facet normal -0.7447721515314619 0.6673188460572631 0
		outer loop
			vertex -0.004748979117721319 0.0036670423578470945 0.021299999207258224
			vertex -0.004164445213973522 0.004319421015679836 0.021299999207258224
			vertex -0.004164445213973522 0.004319421015679836 0.013299999758601189
		endloop
	endfacet
	facet normal -0.8339979497880322 0.5517675414061242 0
		outer loop
			vertex -0.005232296418398619 0.002936507109552622 0.021299999207258224
			vertex -0.004748979117721319 0.0036670423578470945 0.013299999758601189
			vertex -0.005232296418398619 0.002936507109552622 0.013299999758601189
		endloop
	endfacet
	facet normal -0.8339979497880322 0.5517675414061242 0
		outer loop
			vertex -0.005232296418398619 0.002936507109552622 0.021299999207258224
			vertex -0.004748979117721319 0.0036670423578470945 0.021299999207258224
			vertex -0.004748979117721319 0.0036670423578470945 0.013299999758601189
		endloop
	endfacet
	facet normal -0.9054482098130895 0.42445675792272625 0
		outer loop
			vertex -0.0056040966883301735 0.0021433853544294834 0.021299999207258224
			vertex -0.005232296418398619 0.002936507109552622 0.013299999758601189
			vertex -0.0056040966883301735 0.0021433853544294834 0.013299999758601189
		endloop
	endfacet
	facet normal -0.9054482098130895 0.42445675792272625 0
		outer loop
			vertex -0.0056040966883301735 0.0021433853544294834 0.021299999207258224
			vertex -0.005232296418398619 0.002936507109552622 0.021299999207258224
			vertex -0.005232296418398619 0.002936507109552622 0.013299999758601189
		endloop
	endfacet
	facet normal -0.9576005997258401 0.28809909997206096 0
		outer loop
			vertex -0.0058564553037285805 0.0013045810628682375 0.021299999207258224
			vertex -0.0056040966883301735 0.0021433853544294834 0.013299999758601189
			vertex -0.0058564553037285805 0.0013045810628682375 0.013299999758601189
		endloop
	endfacet
	facet normal -0.9576005997258401 0.28809909997206096 0
		outer loop
			vertex -0.0058564553037285805 0.0013045810628682375 0.021299999207258224
			vertex -0.0056040966883301735 0.0021433853544294834 0.021299999207258224
			vertex -0.0056040966883301735 0.0021433853544294834 0.013299999758601189
		endloop
	endfacet
	facet normal -0.9893433462192923 0.14560131624272435 0
		outer loop
			vertex -0.005983993876725435 0.00043797187390737236 0.021299999207258224
			vertex -0.0058564553037285805 0.0013045810628682375 0.013299999758601189
			vertex -0.005983993876725435 0.00043797187390737236 0.013299999758601189
		endloop
	endfacet
	facet normal -0.9893433462192923 0.14560131624272435 0
		outer loop
			vertex -0.005983993876725435 0.00043797187390737236 0.021299999207258224
			vertex -0.0058564553037285805 0.0013045810628682375 0.021299999207258224
			vertex -0.0058564553037285805 0.0013045810628682375 0.013299999758601189
		endloop
	endfacet
	facet normal -1 0 0
		outer loop
			vertex -0.005983993876725435 -0.00043797187390737236 0.021299999207258224
			vertex -0.005983993876725435 0.00043797187390737236 0.013299999758601189
			vertex -0.005983993876725435 -0.00043797187390737236 0.013299999758601189
		endloop
	endfacet
	facet normal -1 0 0
		outer loop
			vertex -0.005983993876725435 -0.00043797187390737236 0.021299999207258224
			vertex -0.005983993876725435 0.00043797187390737236 0.021299999207258224
			vertex -0.005983993876725435 0.00043797187390737236 0.013299999758601189
		endloop
	endfacet
	facet normal -0.9893433462192923 -0.14560131624272435 0
		outer loop
			vertex -0.0058564553037285805 -0.0013045810628682375 0.021299999207258224
			vertex -0.005983993876725435 -0.00043797187390737236 0.013299999758601189
			vertex -0.0058564553037285805 -0.0013045810628682375 0.013299999758601189
		endloop
	endfacet
	facet normal -0.9893433462192923 -0.14560131624272435 0
		outer loop
			vertex -0.0058564553037285805 -0.0013045810628682375 0.021299999207258224
			vertex -0.005983993876725435 -0.00043797187390737236 0.021299999207258224
			vertex -0.005983993876725435 -0.00043797187390737236 0.013299999758601189
		endloop
	endfacet
	facet normal -0.9576005997258401 -0.28809909997206096 0
		outer loop
			vertex -0.0056040966883301735 -0.0021433853544294834 0.021299999207258224
			vertex -0.0058564553037285805 -0.0013045810628682375 0.013299999758601189
			vertex -0.0056040966883301735 -0.0021433853544294834 0.013299999758601189
		endloop
	endfacet
	facet normal -0.9576005997258401 -0.28809909997206096 0
		outer loop
			vertex -0.0056040966883301735 -0.0021433853544294834 0.021299999207258224
			vertex -0.0058564553037285805 -0.0013045810628682375 0.021299999207258224
			vertex -0.0058564553037285805 -0.0013045810628682375 0.013299999758601189
		endloop
	endfacet
	facet normal -0.9054482098130895 -0.42445675792272625 0
		outer loop
			vertex -0.005232296418398619 -0.002936507109552622 0.021299999207258224
			vertex -0.0056040966883301735 -0.0021433853544294834 0.013299999758601189
			vertex -0.005232296418398619 -0.002936507109552622 0.013299999758601189
		endloop
	endfacet
	facet normal -0.9054482098130895 -0.42445675792272625 0
		outer loop
			vertex -0.005232296418398619 -0.002936507109552622 0.021299999207258224
			vertex -0.0056040966883301735 -0.0021433853544294834 0.021299999207258224
			vertex -0.0056040966883301735 -0.0021433853544294834 0.013299999758601189
		endloop
	endfacet
	facet normal -0.8339979497880322 -0.5517675414061242 0
		outer loop
			vertex -0.004748979117721319 -0.0036670423578470945 0.021299999207258224
			vertex -0.005232296418398619 -0.002936507109552622 0.013299999758601189
			vertex -0.004748979117721319 -0.0036670423578470945 0.013299999758601189
		endloop
	endfacet
	facet normal -0.8339979497880322 -0.5517675414061242 0
		outer loop
			vertex -0.004748979117721319 -0.0036670423578470945 0.021299999207258224
			vertex -0.005232296418398619 -0.002936507109552622 0.021299999207258224
			vertex -0.005232296418398619 -0.002936507109552622 0.013299999758601189
		endloop
	endfacet
	facet normal -0.7447721515314619 -0.6673188460572631 0
		outer loop
			vertex -0.004164445213973522 -0.004319421015679836 0.021299999207258224
			vertex -0.004748979117721319 -0.0036670423578470945 0.013299999758601189
			vertex -0.004164445213973522 -0.004319421015679836 0.013299999758601189
		endloop
	endfacet
	facet normal -0.7447721515314619 -0.6673188460572631 0
		outer loop
			vertex -0.004164445213973522 -0.004319421015679836 0.021299999207258224
			vertex -0.004748979117721319 -0.0036670423578470945 0.021299999207258224
			vertex -0.004748979117721319 -0.0036670423578470945 0.013299999758601189
		endloop
	endfacet
	facet normal -0.6396730225363537 -0.7686471389650816 0
		outer loop
			vertex -0.0034911534748971462 -0.004879738669842482 0.021299999207258224
			vertex -0.004164445213973522 -0.004319421015679836 0.021299999207258224
			vertex -0.004164445213973522 -0.004319421015679836 0.013299999758601189
		endloop
	endfacet
	facet normal -0.6396730225363537 -0.7686471389650816 0
		outer loop
			vertex -0.0034911534748971462 -0.004879738669842482 0.021299999207258224
			vertex -0.004164445213973522 -0.004319421015679836 0.013299999758601189
			vertex -0.0034911534748971462 -0.004879738669842482 0.013299999758601189
		endloop
	endfacet
	facet normal -0.5209400392232085 -0.8535932728964784 0
		outer loop
			vertex -0.0027434539515525103 -0.005336052738130093 0.021299999207258224
			vertex -0.0034911534748971462 -0.004879738669842482 0.021299999207258224
			vertex -0.0034911534748971462 -0.004879738669842482 0.013299999758601189
		endloop
	endfacet
	facet normal -0.5209400392232085 -0.8535932728964784 0
		outer loop
			vertex -0.0027434539515525103 -0.005336052738130093 0.021299999207258224
			vertex -0.0034911534748971462 -0.004879738669842482 0.013299999758601189
			vertex -0.0027434539515525103 -0.005336052738130093 0.013299999758601189
		endloop
	endfacet
	facet normal -0.3911050201567033 -0.9203460562246274 0
		outer loop
			vertex -0.001937282388098538 -0.005678638815879822 0.021299999207258224
			vertex -0.0027434539515525103 -0.005336052738130093 0.021299999207258224
			vertex -0.0027434539515525103 -0.005336052738130093 0.013299999758601189
		endloop
	endfacet
	facet normal -0.3911050201567033 -0.9203460562246274 0
		outer loop
			vertex -0.001937282388098538 -0.005678638815879822 0.021299999207258224
			vertex -0.0027434539515525103 -0.005336052738130093 0.013299999758601189
			vertex -0.001937282388098538 -0.005678638815879822 0.013299999758601189
		endloop
	endfacet
	facet normal -0.25293307175982993 -0.9674837782671796 0
		outer loop
			vertex -0.0010898211039602757 -0.005900193937122822 0.021299999207258224
			vertex -0.001937282388098538 -0.005678638815879822 0.021299999207258224
			vertex -0.001937282388098538 -0.005678638815879822 0.013299999758601189
		endloop
	endfacet
	facet normal -0.25293307175982993 -0.9674837782671796 0
		outer loop
			vertex -0.0010898211039602757 -0.005900193937122822 0.021299999207258224
			vertex -0.001937282388098538 -0.005678638815879822 0.013299999758601189
			vertex -0.0010898211039602757 -0.005900193937122822 0.013299999758601189
		endloop
	endfacet
	facet normal -0.10937150363384912 -0.9940009427525062 0
		outer loop
			vertex -0.00021913214004598558 -0.005995997227728367 0.021299999207258224
			vertex -0.0010898211039602757 -0.005900193937122822 0.021299999207258224
			vertex -0.0010898211039602757 -0.005900193937122822 0.013299999758601189
		endloop
	endfacet
	facet normal -0.10937150363384912 -0.9940009427525062 0
		outer loop
			vertex -0.00021913214004598558 -0.005995997227728367 0.021299999207258224
			vertex -0.0010898211039602757 -0.005900193937122822 0.013299999758601189
			vertex -0.00021913214004598558 -0.005995997227728367 0.013299999758601189
		endloop
	endfacet
	facet normal 0.0365222031079862 -0.999332841790031 0
		outer loop
			vertex 0.0006562272319570184 -0.005964005831629038 0.021299999207258224
			vertex -0.00021913214004598558 -0.005995997227728367 0.021299999207258224
			vertex -0.00021913214004598558 -0.005995997227728367 0.013299999758601189
		endloop
	endfacet
	facet normal 0.0365222031079862 -0.999332841790031 0
		outer loop
			vertex 0.0006562272319570184 -0.005964005831629038 0.021299999207258224
			vertex -0.00021913214004598558 -0.005995997227728367 0.013299999758601189
			vertex 0.0006562272319570184 -0.005964005831629038 0.013299999758601189
		endloop
	endfacet
	facet normal 0.18163658225740187 -0.9833657264649049 0
		outer loop
			vertex 0.0015176002634689212 -0.005804902408272028 0.021299999207258224
			vertex 0.0006562272319570184 -0.005964005831629038 0.021299999207258224
			vertex 0.0006562272319570184 -0.005964005831629038 0.013299999758601189
		endloop
	endfacet
	facet normal 0.18163658225740187 -0.9833657264649049 0
		outer loop
			vertex 0.0015176002634689212 -0.005804902408272028 0.021299999207258224
			vertex 0.0006562272319570184 -0.005964005831629038 0.013299999758601189
			vertex 0.0015176002634689212 -0.005804902408272028 0.013299999758601189
		endloop
	endfacet
	facet normal 0.32288074966216246 -0.946439655497169 0
		outer loop
			vertex 0.0023466283455491066 -0.0055220769718289375 0.021299999207258224
			vertex 0.0015176002634689212 -0.005804902408272028 0.021299999207258224
			vertex 0.0015176002634689212 -0.005804902408272028 0.013299999758601189
		endloop
	endfacet
	facet normal 0.32288074966216246 -0.946439655497169 0
		outer loop
			vertex 0.0023466283455491066 -0.0055220769718289375 0.021299999207258224
			vertex 0.0015176002634689212 -0.005804902408272028 0.013299999758601189
			vertex 0.0023466283455491066 -0.0055220769718289375 0.013299999758601189
		endloop
	endfacet
	facet normal 0.45724234098128963 -0.8893421397943257 0
		outer loop
			vertex 0.0031256419606506824 -0.00512155843898654 0.021299999207258224
			vertex 0.0023466283455491066 -0.0055220769718289375 0.021299999207258224
			vertex 0.0023466283455491066 -0.0055220769718289375 0.013299999758601189
		endloop
	endfacet
	facet normal 0.45724234098128963 -0.8893421397943257 0
		outer loop
			vertex 0.0031256419606506824 -0.00512155843898654 0.021299999207258224
			vertex 0.0023466283455491066 -0.0055220769718289375 0.013299999758601189
			vertex 0.0031256419606506824 -0.00512155843898654 0.013299999758601189
		endloop
	endfacet
	facet normal 0.5818588240430678 -0.8132898062088437 0
		outer loop
			vertex 0.003838038071990013 -0.004611882846802473 0.021299999207258224
			vertex 0.0031256419606506824 -0.00512155843898654 0.021299999207258224
			vertex 0.0031256419606506824 -0.00512155843898654 0.013299999758601189
		endloop
	endfacet
	facet normal 0.5818588240430678 -0.8132898062088437 0
		outer loop
			vertex 0.003838038071990013 -0.004611882846802473 0.021299999207258224
			vertex 0.0031256419606506824 -0.00512155843898654 0.013299999758601189
			vertex 0.003838038071990013 -0.004611882846802473 0.013299999758601189
		endloop
	endfacet
	facet normal 0.6940741485726364 -0.719903518732316 0
		outer loop
			vertex 0.0044686333276331425 -0.004003912676125765 0.021299999207258224
			vertex 0.003838038071990013 -0.004611882846802473 0.021299999207258224
			vertex 0.003838038071990013 -0.004611882846802473 0.013299999758601189
		endloop
	endfacet
	facet normal 0.6940741485726364 -0.719903518732316 0
		outer loop
			vertex 0.0044686333276331425 -0.004003912676125765 0.021299999207258224
			vertex 0.003838038071990013 -0.004611882846802473 0.013299999758601189
			vertex 0.0044686333276331425 -0.004003912676125765 0.013299999758601189
		endloop
	endfacet
	facet normal 0.7914965902191179 -0.6111735822755348 0
		outer loop
			vertex 0.00500398688018322 -0.003310606349259615 0.021299999207258224
			vertex 0.0044686333276331425 -0.004003912676125765 0.021299999207258224
			vertex 0.0044686333276331425 -0.004003912676125765 0.013299999758601189
		endloop
	endfacet
	facet normal 0.7914965902191179 -0.6111735822755348 0
		outer loop
			vertex 0.00500398688018322 -0.003310606349259615 0.021299999207258224
			vertex 0.0044686333276331425 -0.004003912676125765 0.013299999758601189
			vertex 0.00500398688018322 -0.003310606349259615 0.013299999758601189
		endloop
	endfacet
	facet normal 0.8720492917529803 -0.4894180551973188 0
		outer loop
			vertex 0.0054326895624399185 -0.0025467402301728725 0.021299999207258224
			vertex 0.00500398688018322 -0.003310606349259615 0.021299999207258224
			vertex 0.00500398688018322 -0.003310606349259615 0.013299999758601189
		endloop
	endfacet
	facet normal 0.8720492917529803 -0.4894180551973188 0
		outer loop
			vertex 0.0054326895624399185 -0.0025467402301728725 0.021299999207258224
			vertex 0.00500398688018322 -0.003310606349259615 0.013299999758601189
			vertex 0.0054326895624399185 -0.0025467402301728725 0.013299999758601189
		endloop
	endfacet
	facet normal 0.9340161188647967 -0.35723086330934817 0
		outer loop
			vertex 0.0057456037029623985 -0.001728594652377069 0.021299999207258224
			vertex 0.0054326895624399185 -0.0025467402301728725 0.021299999207258224
			vertex 0.0054326895624399185 -0.0025467402301728725 0.013299999758601189
		endloop
	endfacet
	facet normal 0.9340161188647967 -0.35723086330934817 0
		outer loop
			vertex 0.0057456037029623985 -0.001728594652377069 0.021299999207258224
			vertex 0.0054326895624399185 -0.0025467402301728725 0.013299999758601189
			vertex 0.0057456037029623985 -0.001728594652377069 0.013299999758601189
		endloop
	endfacet
	facet normal 0.976075932028972 -0.2174299310439425 0
		outer loop
			vertex 0.0059360601007938385 -0.0008736070012673736 0.021299999207258224
			vertex 0.0057456037029623985 -0.001728594652377069 0.021299999207258224
			vertex 0.0057456037029623985 -0.001728594652377069 0.013299999758601189
		endloop
	endfacet
	facet normal 0.976075932028972 -0.2174299310439425 0
		outer loop
			vertex 0.0059360601007938385 -0.0008736070012673736 0.021299999207258224
			vertex 0.0057456037029623985 -0.001728594652377069 0.013299999758601189
			vertex 0.0059360601007938385 -0.0008736070012673736 0.013299999758601189
		endloop
	endfacet
	facet normal 0.9973322703502064 -0.0729954965604248 0
		outer loop
			vertex 0.006000000052154064 7.347880536484578e-19 0.021299999207258224
			vertex 0.0059360601007938385 -0.0008736070012673736 0.021299999207258224
			vertex 0.0059360601007938385 -0.0008736070012673736 0.013299999758601189
		endloop
	endfacet
	facet normal 0.9973322703502064 -0.0729954965604248 0
		outer loop
			vertex 0.006000000052154064 7.347880536484578e-19 0.021299999207258224
			vertex 0.0059360601007938385 -0.0008736070012673736 0.013299999758601189
			vertex 0.006000000052154064 7.347880536484578e-19 0.013299999758601189
		endloop
	endfacet
	facet normal 0 0 -1
		outer loop
			vertex 0.003962868824601173 0.0038138788659125566 0.013299999758601189
			vertex 0.003838038071990013 0.004611882846802473 0.013299999758601189
			vertex 0.0044686333276331425 0.004003912676125765 0.013299999758601189
		endloop
	endfacet
	facet normal 0 0 -1
		outer loop
			vertex 0.003334239823743701 0.004374110605567694 0.013299999758601189
			vertex 0.0031256419606506824 0.00512155843898654 0.013299999758601189
			vertex 0.003838038071990013 0.004611882846802473 0.013299999758601189
		endloop
	endfacet
	facet normal 0 0 -1
		outer loop
			vertex 0.003334239823743701 0.004374110605567694 0.013299999758601189
			vertex 0.003838038071990013 0.004611882846802473 0.013299999758601189
			vertex 0.003962868824601173 0.0038138788659125566 0.013299999758601189
		endloop
	endfacet
	facet normal 0 0 -1
		outer loop
			vertex 0.00449861166998744 0.003164252731949091 0.013299999758601189
			vertex 0.0044686333276331425 0.004003912676125765 0.013299999758601189
			vertex 0.00500398688018322 0.003310606349259615 0.013299999758601189
		endloop
	endfacet
	facet normal 0 0 -1
		outer loop
			vertex 0.00449861166998744 0.003164252731949091 0.013299999758601189
			vertex 0.003962868824601173 0.0038138788659125566 0.013299999758601189
			vertex 0.0044686333276331425 0.004003912676125765 0.013299999758601189
		endloop
	endfacet
	facet normal 0 0 -1
		outer loop
			vertex 0.0026274588890373707 0.004831817466765642 0.013299999758601189
			vertex 0.0031256419606506824 0.00512155843898654 0.013299999758601189
			vertex 0.003334239823743701 0.004374110605567694 0.013299999758601189
		endloop
	endfacet
	facet normal 0 0 -1
		outer loop
			vertex 0.0026274588890373707 0.004831817466765642 0.013299999758601189
			vertex 0.0023466283455491066 0.0055220769718289375 0.013299999758601189
			vertex 0.0031256419606506824 0.00512155843898654 0.013299999758601189
		endloop
	endfacet
	facet normal 0 0 -1
		outer loop
			vertex 0.00492891063913703 0.002440459094941616 0.013299999758601189
			vertex 0.00500398688018322 0.003310606349259615 0.013299999758601189
			vertex 0.0054326895624399185 0.0025467402301728725 0.013299999758601189
		endloop
	endfacet
	facet normal 0 0 -1
		outer loop
			vertex 0.00492891063913703 0.002440459094941616 0.013299999758601189
			vertex 0.00449861166998744 0.003164252731949091 0.013299999758601189
			vertex 0.00500398688018322 0.003310606349259615 0.013299999758601189
		endloop
	endfacet
	facet normal 0 0 -1
		outer loop
			vertex 0.00185909285210073 0.005176270380616188 0.013299999758601189
			vertex 0.0023466283455491066 0.0055220769718289375 0.013299999758601189
			vertex 0.0026274588890373707 0.004831817466765642 0.013299999758601189
		endloop
	endfacet
	facet normal 0 0 -1
		outer loop
			vertex 0.00185909285210073 0.005176270380616188 0.013299999758601189
			vertex 0.0015176002634689212 0.005804902408272028 0.013299999758601189
			vertex 0.0023466283455491066 0.0055220769718289375 0.013299999758601189
		endloop
	endfacet
	facet normal 0 0 -1
		outer loop
			vertex 0.005243679974228144 0.001659463276155293 0.013299999758601189
			vertex 0.0054326895624399185 0.0025467402301728725 0.013299999758601189
			vertex 0.0057456037029623985 0.001728594652377069 0.013299999758601189
		endloop
	endfacet
	facet normal 0 0 -1
		outer loop
			vertex 0.005243679974228144 0.001659463276155293 0.013299999758601189
			vertex 0.00492891063913703 0.002440459094941616 0.013299999758601189
			vertex 0.0054326895624399185 0.0025467402301728725 0.013299999758601189
		endloop
	endfacet
	facet normal 0 0 -1
		outer loop
			vertex 0.0010471510468050838 0.00539939571171999 0.013299999758601189
			vertex 0.0006562272319570184 0.005964005831629038 0.013299999758601189
			vertex 0.0015176002634689212 0.005804902408272028 0.013299999758601189
		endloop
	endfacet
	facet normal 0 0 -1
		outer loop
			vertex 0.0010471510468050838 0.00539939571171999 0.013299999758601189
			vertex 0.0015176002634689212 0.005804902408272028 0.013299999758601189
			vertex 0.00185909285210073 0.005176270380616188 0.013299999758601189
		endloop
	endfacet
	facet normal 0 0 -1
		outer loop
			vertex 0.005435542203485966 0.000839571061078459 0.013299999758601189
			vertex 0.0057456037029623985 0.001728594652377069 0.013299999758601189
			vertex 0.0059360601007938385 0.0008736070012673736 0.013299999758601189
		endloop
	endfacet
	facet normal 0 0 -1
		outer loop
			vertex 0.005435542203485966 0.000839571061078459 0.013299999758601189
			vertex 0.005243679974228144 0.001659463276155293 0.013299999758601189
			vertex 0.0057456037029623985 0.001728594652377069 0.013299999758601189
		endloop
	endfacet
	facet normal 0 0 -1
		outer loop
			vertex 0.00021066503541078418 0.0054959640838205814 0.013299999758601189
			vertex -0.00021913214004598558 0.005995997227728367 0.013299999758601189
			vertex 0.0006562272319570184 0.005964005831629038 0.013299999758601189
		endloop
	endfacet
	facet normal 0 0 -1
		outer loop
			vertex 0.00021066503541078418 0.0054959640838205814 0.013299999758601189
			vertex 0.0006562272319570184 0.005964005831629038 0.013299999758601189
			vertex 0.0010471510468050838 0.00539939571171999 0.013299999758601189
		endloop
	endfacet
	facet normal 0 0 -1
		outer loop
			vertex 0.005499999970197678 6.735557503102785e-19 0.013299999758601189
			vertex 0.0059360601007938385 0.0008736070012673736 0.013299999758601189
			vertex 0.006000000052154064 7.347880536484578e-19 0.013299999758601189
		endloop
	endfacet
	facet normal 0 0 -1
		outer loop
			vertex 0.005499999970197678 6.735557503102785e-19 0.013299999758601189
			vertex 0.005435542203485966 0.000839571061078459 0.013299999758601189
			vertex 0.0059360601007938385 0.0008736070012673736 0.013299999758601189
		endloop
	endfacet
	facet normal 0 0 -1
		outer loop
			vertex 0.0059360601007938385 -0.0008736070012673736 0.013299999758601189
			vertex 0.005499999970197678 6.735557503102785e-19 0.013299999758601189
			vertex 0.006000000052154064 7.347880536484578e-19 0.013299999758601189
		endloop
	endfacet
	facet normal 0 0 -1
		outer loop
			vertex -0.0006307588191702962 0.005463711451739073 0.013299999758601189
			vertex -0.00021913214004598558 0.005995997227728367 0.013299999758601189
			vertex 0.00021066503541078418 0.0054959640838205814 0.013299999758601189
		endloop
	endfacet
	facet normal 0 0 -1
		outer loop
			vertex -0.0010898211039602757 0.005900193937122822 0.013299999758601189
			vertex -0.00021913214004598558 0.005995997227728367 0.013299999758601189
			vertex -0.0006307588191702962 0.005463711451739073 0.013299999758601189
		endloop
	endfacet
	facet normal 0 0 -1
		outer loop
			vertex 0.005435542203485966 -0.000839571061078459 0.013299999758601189
			vertex 0.005499999970197678 6.735557503102785e-19 0.013299999758601189
			vertex 0.0059360601007938385 -0.0008736070012673736 0.013299999758601189
		endloop
	endfacet
	facet normal 0 0 -1
		outer loop
			vertex 0.0057456037029623985 -0.001728594652377069 0.013299999758601189
			vertex 0.005435542203485966 -0.000839571061078459 0.013299999758601189
			vertex 0.0059360601007938385 -0.0008736070012673736 0.013299999758601189
		endloop
	endfacet
	facet normal 0 0 -1
		outer loop
			vertex -0.0014573982916772366 0.005303394049406052 0.013299999758601189
			vertex -0.0010898211039602757 0.005900193937122822 0.013299999758601189
			vertex -0.0006307588191702962 0.005463711451739073 0.013299999758601189
		endloop
	endfacet
	facet normal 0 0 -1
		outer loop
			vertex -0.001937282388098538 0.005678638815879822 0.013299999758601189
			vertex -0.0010898211039602757 0.005900193937122822 0.013299999758601189
			vertex -0.0014573982916772366 0.005303394049406052 0.013299999758601189
		endloop
	endfacet
	facet normal 0 0 -1
		outer loop
			vertex 0.005243679974228144 -0.001659463276155293 0.013299999758601189
			vertex 0.005435542203485966 -0.000839571061078459 0.013299999758601189
			vertex 0.0057456037029623985 -0.001728594652377069 0.013299999758601189
		endloop
	endfacet
	facet normal 0 0 -1
		outer loop
			vertex 0.0054326895624399185 -0.0025467402301728725 0.013299999758601189
			vertex 0.005243679974228144 -0.001659463276155293 0.013299999758601189
			vertex 0.0057456037029623985 -0.001728594652377069 0.013299999758601189
		endloop
	endfacet
	facet normal 0 0 -1
		outer loop
			vertex -0.0022498774342238903 0.005018769763410091 0.013299999758601189
			vertex -0.001937282388098538 0.005678638815879822 0.013299999758601189
			vertex -0.0014573982916772366 0.005303394049406052 0.013299999758601189
		endloop
	endfacet
	facet normal 0 0 -1
		outer loop
			vertex -0.0027434539515525103 0.005336052738130093 0.013299999758601189
			vertex -0.001937282388098538 0.005678638815879822 0.013299999758601189
			vertex -0.0022498774342238903 0.005018769763410091 0.013299999758601189
		endloop
	endfacet
	facet normal 0 0 -1
		outer loop
			vertex 0.00492891063913703 -0.002440459094941616 0.013299999758601189
			vertex 0.005243679974228144 -0.001659463276155293 0.013299999758601189
			vertex 0.0054326895624399185 -0.0025467402301728725 0.013299999758601189
		endloop
	endfacet
	facet normal 0 0 -1
		outer loop
			vertex 0.00500398688018322 -0.003310606349259615 0.013299999758601189
			vertex 0.00492891063913703 -0.002440459094941616 0.013299999758601189
			vertex 0.0054326895624399185 -0.0025467402301728725 0.013299999758601189
		endloop
	endfacet
	facet normal 0 0 -1
		outer loop
			vertex -0.002989621600136161 0.004616509657353163 0.013299999758601189
			vertex -0.0027434539515525103 0.005336052738130093 0.013299999758601189
			vertex -0.0022498774342238903 0.005018769763410091 0.013299999758601189
		endloop
	endfacet
	facet normal 0 0 -1
		outer loop
			vertex -0.0034911534748971462 0.004879738669842482 0.013299999758601189
			vertex -0.0027434539515525103 0.005336052738130093 0.013299999758601189
			vertex -0.002989621600136161 0.004616509657353163 0.013299999758601189
		endloop
	endfacet
	facet normal 0 0 -1
		outer loop
			vertex 0.00449861166998744 -0.003164252731949091 0.013299999758601189
			vertex 0.00492891063913703 -0.002440459094941616 0.013299999758601189
			vertex 0.00500398688018322 -0.003310606349259615 0.013299999758601189
		endloop
	endfacet
	facet normal 0 0 -1
		outer loop
			vertex 0.0044686333276331425 -0.004003912676125765 0.013299999758601189
			vertex 0.00449861166998744 -0.003164252731949091 0.013299999758601189
			vertex 0.00500398688018322 -0.003310606349259615 0.013299999758601189
		endloop
	endfacet
	facet normal 0 0 -1
		outer loop
			vertex -0.003659291425719857 0.00410604290664196 0.013299999758601189
			vertex -0.0034911534748971462 0.004879738669842482 0.013299999758601189
			vertex -0.002989621600136161 0.004616509657353163 0.013299999758601189
		endloop
	endfacet
	facet normal 0 0 -1
		outer loop
			vertex -0.004164445213973522 0.004319421015679836 0.013299999758601189
			vertex -0.0034911534748971462 0.004879738669842482 0.013299999758601189
			vertex -0.003659291425719857 0.00410604290664196 0.013299999758601189
		endloop
	endfacet
	facet normal 0 0 -1
		outer loop
			vertex 0.003962868824601173 -0.0038138788659125566 0.013299999758601189
			vertex 0.00449861166998744 -0.003164252731949091 0.013299999758601189
			vertex 0.0044686333276331425 -0.004003912676125765 0.013299999758601189
		endloop
	endfacet
	facet normal 0 0 -1
		outer loop
			vertex -0.00424319040030241 0.0034993335139006376 0.013299999758601189
			vertex -0.004164445213973522 0.004319421015679836 0.013299999758601189
			vertex -0.003659291425719857 0.00410604290664196 0.013299999758601189
		endloop
	endfacet
	facet normal 0 0 -1
		outer loop
			vertex 0.003838038071990013 -0.004611882846802473 0.013299999758601189
			vertex 0.003962868824601173 -0.0038138788659125566 0.013299999758601189
			vertex 0.0044686333276331425 -0.004003912676125765 0.013299999758601189
		endloop
	endfacet
	facet normal 0 0 -1
		outer loop
			vertex 0.003334239823743701 -0.004374110605567694 0.013299999758601189
			vertex 0.003962868824601173 -0.0038138788659125566 0.013299999758601189
			vertex 0.003838038071990013 -0.004611882846802473 0.013299999758601189
		endloop
	endfacet
	facet normal 0 0 -1
		outer loop
			vertex -0.004748979117721319 0.0036670423578470945 0.013299999758601189
			vertex -0.004164445213973522 0.004319421015679836 0.013299999758601189
			vertex -0.00424319040030241 0.0034993335139006376 0.013299999758601189
		endloop
	endfacet
	facet normal 0 0 -1
		outer loop
			vertex -0.004727632738649845 0.0028106027748435736 0.013299999758601189
			vertex -0.004748979117721319 0.0036670423578470945 0.013299999758601189
			vertex -0.00424319040030241 0.0034993335139006376 0.013299999758601189
		endloop
	endfacet
	facet normal 0 0 -1
		outer loop
			vertex 0.0031256419606506824 -0.00512155843898654 0.013299999758601189
			vertex 0.003334239823743701 -0.004374110605567694 0.013299999758601189
			vertex 0.003838038071990013 -0.004611882846802473 0.013299999758601189
		endloop
	endfacet
	facet normal 0 0 -1
		outer loop
			vertex 0.0026274588890373707 -0.004831817466765642 0.013299999758601189
			vertex 0.003334239823743701 -0.004374110605567694 0.013299999758601189
			vertex 0.0031256419606506824 -0.00512155843898654 0.013299999758601189
		endloop
	endfacet
	facet normal 0 0 -1
		outer loop
			vertex -0.005232296418398619 0.002936507109552622 0.013299999758601189
			vertex -0.004748979117721319 0.0036670423578470945 0.013299999758601189
			vertex -0.004727632738649845 0.0028106027748435736 0.013299999758601189
		endloop
	endfacet
	facet normal 0 0 -1
		outer loop
			vertex -0.005101263523101807 0.002055994002148509 0.013299999758601189
			vertex -0.005232296418398619 0.002936507109552622 0.013299999758601189
			vertex -0.004727632738649845 0.0028106027748435736 0.013299999758601189
		endloop
	endfacet
	facet normal 0 0 -1
		outer loop
			vertex 0.0023466283455491066 -0.0055220769718289375 0.013299999758601189
			vertex 0.0026274588890373707 -0.004831817466765642 0.013299999758601189
			vertex 0.0031256419606506824 -0.00512155843898654 0.013299999758601189
		endloop
	endfacet
	facet normal 0 0 -1
		outer loop
			vertex 0.00185909285210073 -0.005176270380616188 0.013299999758601189
			vertex 0.0026274588890373707 -0.004831817466765642 0.013299999758601189
			vertex 0.0023466283455491066 -0.0055220769718289375 0.013299999758601189
		endloop
	endfacet
	facet normal 0 0 -1
		outer loop
			vertex -0.0056040966883301735 0.0021433853544294834 0.013299999758601189
			vertex -0.005232296418398619 0.002936507109552622 0.013299999758601189
			vertex -0.005101263523101807 0.002055994002148509 0.013299999758601189
		endloop
	endfacet
	facet normal 0 0 -1
		outer loop
			vertex -0.005355325061827898 0.001253194292075932 0.013299999758601189
			vertex -0.0056040966883301735 0.0021433853544294834 0.013299999758601189
			vertex -0.005101263523101807 0.002055994002148509 0.013299999758601189
		endloop
	endfacet
	facet normal 0 0 -1
		outer loop
			vertex 0.0015176002634689212 -0.005804902408272028 0.013299999758601189
			vertex 0.00185909285210073 -0.005176270380616188 0.013299999758601189
			vertex 0.0023466283455491066 -0.0055220769718289375 0.013299999758601189
		endloop
	endfacet
	facet normal 0 0 -1
		outer loop
			vertex 0.0010471510468050838 -0.00539939571171999 0.013299999758601189
			vertex 0.00185909285210073 -0.005176270380616188 0.013299999758601189
			vertex 0.0015176002634689212 -0.005804902408272028 0.013299999758601189
		endloop
	endfacet
	facet normal 0 0 -1
		outer loop
			vertex -0.0058564553037285805 0.0013045810628682375 0.013299999758601189
			vertex -0.0056040966883301735 0.0021433853544294834 0.013299999758601189
			vertex -0.005355325061827898 0.001253194292075932 0.013299999758601189
		endloop
	endfacet
	facet normal 0 0 -1
		outer loop
			vertex -0.005483862012624741 0.0004210209008306265 0.013299999758601189
			vertex -0.0058564553037285805 0.0013045810628682375 0.013299999758601189
			vertex -0.005355325061827898 0.001253194292075932 0.013299999758601189
		endloop
	endfacet
	facet normal 0 0 -1
		outer loop
			vertex 0.0006562272319570184 -0.005964005831629038 0.013299999758601189
			vertex 0.00021066503541078418 -0.0054959640838205814 0.013299999758601189
			vertex 0.0010471510468050838 -0.00539939571171999 0.013299999758601189
		endloop
	endfacet
	facet normal 0 0 -1
		outer loop
			vertex 0.0006562272319570184 -0.005964005831629038 0.013299999758601189
			vertex 0.0010471510468050838 -0.00539939571171999 0.013299999758601189
			vertex 0.0015176002634689212 -0.005804902408272028 0.013299999758601189
		endloop
	endfacet
	facet normal 0 0 -1
		outer loop
			vertex -0.005983993876725435 0.00043797187390737236 0.013299999758601189
			vertex -0.0058564553037285805 0.0013045810628682375 0.013299999758601189
			vertex -0.005483862012624741 0.0004210209008306265 0.013299999758601189
		endloop
	endfacet
	facet normal 0 0 -1
		outer loop
			vertex -0.00021913214004598558 -0.005995997227728367 0.013299999758601189
			vertex 0.00021066503541078418 -0.0054959640838205814 0.013299999758601189
			vertex 0.0006562272319570184 -0.005964005831629038 0.013299999758601189
		endloop
	endfacet
	facet normal 0 0 -1
		outer loop
			vertex -0.00021913214004598558 -0.005995997227728367 0.013299999758601189
			vertex -0.0006307588191702962 -0.005463711451739073 0.013299999758601189
			vertex 0.00021066503541078418 -0.0054959640838205814 0.013299999758601189
		endloop
	endfacet
	facet normal 0 0 -1
		outer loop
			vertex -0.005983993876725435 -0.00043797187390737236 0.013299999758601189
			vertex -0.005983993876725435 0.00043797187390737236 0.013299999758601189
			vertex -0.005483862012624741 0.0004210209008306265 0.013299999758601189
		endloop
	endfacet
	facet normal 0 0 -1
		outer loop
			vertex -0.005983993876725435 -0.00043797187390737236 0.013299999758601189
			vertex -0.005483862012624741 0.0004210209008306265 0.013299999758601189
			vertex -0.005483862012624741 -0.0004210209008306265 0.013299999758601189
		endloop
	endfacet
	facet normal 0 0 -1
		outer loop
			vertex -0.0010898211039602757 -0.005900193937122822 0.013299999758601189
			vertex -0.0006307588191702962 -0.005463711451739073 0.013299999758601189
			vertex -0.00021913214004598558 -0.005995997227728367 0.013299999758601189
		endloop
	endfacet
	facet normal 0 0 -1
		outer loop
			vertex -0.0010898211039602757 -0.005900193937122822 0.013299999758601189
			vertex -0.0014573982916772366 -0.005303394049406052 0.013299999758601189
			vertex -0.0006307588191702962 -0.005463711451739073 0.013299999758601189
		endloop
	endfacet
	facet normal 0 0 -1
		outer loop
			vertex -0.0058564553037285805 -0.0013045810628682375 0.013299999758601189
			vertex -0.005983993876725435 -0.00043797187390737236 0.013299999758601189
			vertex -0.005483862012624741 -0.0004210209008306265 0.013299999758601189
		endloop
	endfacet
	facet normal 0 0 -1
		outer loop
			vertex -0.0058564553037285805 -0.0013045810628682375 0.013299999758601189
			vertex -0.005483862012624741 -0.0004210209008306265 0.013299999758601189
			vertex -0.005355325061827898 -0.001253194292075932 0.013299999758601189
		endloop
	endfacet
	facet normal 0 0 -1
		outer loop
			vertex -0.001937282388098538 -0.005678638815879822 0.013299999758601189
			vertex -0.0014573982916772366 -0.005303394049406052 0.013299999758601189
			vertex -0.0010898211039602757 -0.005900193937122822 0.013299999758601189
		endloop
	endfacet
	facet normal 0 0 -1
		outer loop
			vertex -0.001937282388098538 -0.005678638815879822 0.013299999758601189
			vertex -0.0022498774342238903 -0.005018769763410091 0.013299999758601189
			vertex -0.0014573982916772366 -0.005303394049406052 0.013299999758601189
		endloop
	endfacet
	facet normal 0 0 -1
		outer loop
			vertex -0.0056040966883301735 -0.0021433853544294834 0.013299999758601189
			vertex -0.0058564553037285805 -0.0013045810628682375 0.013299999758601189
			vertex -0.005355325061827898 -0.001253194292075932 0.013299999758601189
		endloop
	endfacet
	facet normal 0 0 -1
		outer loop
			vertex -0.0056040966883301735 -0.0021433853544294834 0.013299999758601189
			vertex -0.005355325061827898 -0.001253194292075932 0.013299999758601189
			vertex -0.005101263523101807 -0.002055994002148509 0.013299999758601189
		endloop
	endfacet
	facet normal 0 0 -1
		outer loop
			vertex -0.0027434539515525103 -0.005336052738130093 0.013299999758601189
			vertex -0.0022498774342238903 -0.005018769763410091 0.013299999758601189
			vertex -0.001937282388098538 -0.005678638815879822 0.013299999758601189
		endloop
	endfacet
	facet normal 0 0 -1
		outer loop
			vertex -0.0027434539515525103 -0.005336052738130093 0.013299999758601189
			vertex -0.002989621600136161 -0.004616509657353163 0.013299999758601189
			vertex -0.0022498774342238903 -0.005018769763410091 0.013299999758601189
		endloop
	endfacet
	facet normal 0 0 -1
		outer loop
			vertex -0.005232296418398619 -0.002936507109552622 0.013299999758601189
			vertex -0.0056040966883301735 -0.0021433853544294834 0.013299999758601189
			vertex -0.005101263523101807 -0.002055994002148509 0.013299999758601189
		endloop
	endfacet
	facet normal 0 0 -1
		outer loop
			vertex -0.005232296418398619 -0.002936507109552622 0.013299999758601189
			vertex -0.005101263523101807 -0.002055994002148509 0.013299999758601189
			vertex -0.004727632738649845 -0.0028106027748435736 0.013299999758601189
		endloop
	endfacet
	facet normal 0 0 -1
		outer loop
			vertex -0.0034911534748971462 -0.004879738669842482 0.013299999758601189
			vertex -0.002989621600136161 -0.004616509657353163 0.013299999758601189
			vertex -0.0027434539515525103 -0.005336052738130093 0.013299999758601189
		endloop
	endfacet
	facet normal 0 0 -1
		outer loop
			vertex -0.0034911534748971462 -0.004879738669842482 0.013299999758601189
			vertex -0.003659291425719857 -0.00410604290664196 0.013299999758601189
			vertex -0.002989621600136161 -0.004616509657353163 0.013299999758601189
		endloop
	endfacet
	facet normal 0 0 -1
		outer loop
			vertex -0.004748979117721319 -0.0036670423578470945 0.013299999758601189
			vertex -0.005232296418398619 -0.002936507109552622 0.013299999758601189
			vertex -0.004727632738649845 -0.0028106027748435736 0.013299999758601189
		endloop
	endfacet
	facet normal 0 0 -1
		outer loop
			vertex -0.004748979117721319 -0.0036670423578470945 0.013299999758601189
			vertex -0.004727632738649845 -0.0028106027748435736 0.013299999758601189
			vertex -0.00424319040030241 -0.0034993335139006376 0.013299999758601189
		endloop
	endfacet
	facet normal 0 0 -1
		outer loop
			vertex -0.004164445213973522 -0.004319421015679836 0.013299999758601189
			vertex -0.003659291425719857 -0.00410604290664196 0.013299999758601189
			vertex -0.0034911534748971462 -0.004879738669842482 0.013299999758601189
		endloop
	endfacet
	facet normal 0 0 -1
		outer loop
			vertex -0.004164445213973522 -0.004319421015679836 0.013299999758601189
			vertex -0.004748979117721319 -0.0036670423578470945 0.013299999758601189
			vertex -0.00424319040030241 -0.0034993335139006376 0.013299999758601189
		endloop
	endfacet
	facet normal 0 0 -1
		outer loop
			vertex -0.004164445213973522 -0.004319421015679836 0.013299999758601189
			vertex -0.00424319040030241 -0.0034993335139006376 0.013299999758601189
			vertex -0.003659291425719857 -0.00410604290664196 0.013299999758601189
		endloop
	endfacet
	facet normal 1 0 0
		outer loop
			vertex 0.010999999940395355 0.009999999776482582 -0.006599999964237213
			vertex 0.010999999940395355 0.014000000432133675 -0.0015999999595806003
			vertex 0.010999999940395355 0.009999999776482582 -0.0015999999595806003
		endloop
	endfacet
	facet normal 1 0 0
		outer loop
			vertex 0.010999999940395355 0.009999999776482582 -0.006599999964237213
			vertex 0.010999999940395355 0.014000000432133675 -0.006599999964237213
			vertex 0.010999999940395355 0.014000000432133675 -0.0015999999595806003
		endloop
	endfacet
	facet normal 0 1 0
		outer loop
			vertex 0.010999999940395355 0.014000000432133675 -0.006599999964237213
			vertex 0.0020000000949949026 0.014000000432133675 -0.0015999999595806003
			vertex 0.010999999940395355 0.014000000432133675 -0.0015999999595806003
		endloop
	endfacet
	facet normal 0 1 0
		outer loop
			vertex 0.010999999940395355 0.014000000432133675 -0.006599999964237213
			vertex 0.0020000000949949026 0.014000000432133675 -0.006599999964237213
			vertex 0.0020000000949949026 0.014000000432133675 -0.0015999999595806003
		endloop
	endfacet
	facet normal -1 0 0
		outer loop
			vertex 0.0020000000949949026 0.014000000432133675 -0.006599999964237213
			vertex 0.0020000000949949026 0.009999999776482582 -0.0015999999595806003
			vertex 0.0020000000949949026 0.014000000432133675 -0.0015999999595806003
		endloop
	endfacet
	facet normal -1 0 0
		outer loop
			vertex 0.0020000000949949026 0.014000000432133675 -0.006599999964237213
			vertex 0.0020000000949949026 0.009999999776482582 -0.006599999964237213
			vertex 0.0020000000949949026 0.009999999776482582 -0.0015999999595806003
		endloop
	endfacet
	facet normal 0 -1 0
		outer loop
			vertex 0.0020000000949949026 0.009999999776482582 -0.006599999964237213
			vertex 0.010999999940395355 0.009999999776482582 -0.0015999999595806003
			vertex 0.0020000000949949026 0.009999999776482582 -0.0015999999595806003
		endloop
	endfacet
	facet normal 0 -1 0
		outer loop
			vertex 0.0020000000949949026 0.009999999776482582 -0.006599999964237213
			vertex 0.010999999940395355 0.009999999776482582 -0.006599999964237213
			vertex 0.010999999940395355 0.009999999776482582 -0.0015999999595806003
		endloop
	endfacet
	facet normal 0 0 -1
		outer loop
			vertex 0.0020000000949949026 0.014000000432133675 -0.006599999964237213
			vertex 0.010999999940395355 0.009999999776482582 -0.006599999964237213
			vertex 0.0020000000949949026 0.009999999776482582 -0.006599999964237213
		endloop
	endfacet
	facet normal 0 0 -1
		outer loop
			vertex 0.0020000000949949026 0.014000000432133675 -0.006599999964237213
			vertex 0.010999999940395355 0.014000000432133675 -0.006599999964237213
			vertex 0.010999999940395355 0.009999999776482582 -0.006599999964237213
		endloop
	endfacet
	facet normal 0 0 1
		outer loop
			vertex 0.010999999940395355 0.009999999776482582 -0.0015999999595806003
			vertex 0.0020000000949949026 0.014000000432133675 -0.0015999999595806003
			vertex 0.0020000000949949026 0.009999999776482582 -0.0015999999595806003
		endloop
	endfacet
	facet normal 0 0 1
		outer loop
			vertex 0.010999999940395355 0.009999999776482582 -0.0015999999595806003
			vertex 0.010999999940395355 0.014000000432133675 -0.0015999999595806003
			vertex 0.0020000000949949026 0.014000000432133675 -0.0015999999595806003
		endloop
	endfacet
	facet normal -0.08154542797579932 -0.0012437405199866962 -0.9966688498622612
		outer loop
			vertex -0.0018397391540929675 -0.000056131106248358265 0.02485009841620922
			vertex -0.0036757399793714285 -8.899043287394947e-17 0.02500024624168873
			vertex -0.0018405952723696828 -8.876569121024126e-17 0.02485009841620922
		endloop
	endfacet
	facet normal -0.027208128650711365 -0.0004149815987959927 -0.999629704203311
		outer loop
			vertex -0.0018397391540929675 -0.000056131106248358265 0.02485009841620922
			vertex -0.0018405952723696828 -8.876569121024126e-17 0.02485009841620922
			vertex -2.071864302475098e-18 -8.854028780204301e-17 0.024800000712275505
		endloop
	endfacet
	facet normal -0.02717015138279914 -0.0016594844755753642 -0.999629445837362
		outer loop
			vertex -0.0018328952137380838 -0.00016818451695144176 0.02485009841620922
			vertex -0.0018397391540929675 -0.000056131106248358265 0.02485009841620922
			vertex -2.071864302475098e-18 -8.854028780204301e-17 0.024800000712275505
		endloop
	endfacet
	facet normal -0.027018446048446346 -0.003312787567556435 -0.999629445850641
		outer loop
			vertex -0.0018192328279837966 -0.0002796122571453452 0.02485009841620922
			vertex -0.0018328952137380838 -0.00016818451695144176 0.02485009841620922
			vertex -2.071864302475098e-18 -8.854028780204301e-17 0.024800000712275505
		endloop
	endfacet
	facet normal -0.026766224330108203 -0.004953810154782329 -0.9996294458448394
		outer loop
			vertex -0.0017988026374951005 -0.000389999826438725 0.02485009841620922
			vertex -0.0018192328279837966 -0.0002796122571453452 0.02485009841620922
			vertex -2.071864302475098e-18 -8.854028780204301e-17 0.024800000712275505
		endloop
	endfacet
	facet normal -0.026414441102763697 -0.006576345739984761 -0.9996294458337734
		outer loop
			vertex -0.0017716808943077922 -0.0004989365697838366 0.02485009841620922
			vertex -0.0017988026374951005 -0.000389999826438725 0.02485009841620922
			vertex -2.071864302475098e-18 -8.854028780204301e-17 0.024800000712275505
		endloop
	endfacet
	facet normal -0.025964391009938748 -0.008174434956324026 -0.9996294458511253
		outer loop
			vertex -0.0017379684140905738 -0.0006060172454454005 0.02485009841620922
			vertex -0.0017716808943077922 -0.0004989365697838366 0.02485009841620922
			vertex -2.071864302475098e-18 -8.854028780204301e-17 0.024800000712275505
		endloop
	endfacet
	facet normal -0.025417740225536646 -0.009742149083240623 -0.9996294458513452
		outer loop
			vertex -0.001697790459729731 -0.0007108434801921248 0.02485009841620922
			vertex -0.0017379684140905738 -0.0006060172454454005 0.02485009841620922
			vertex -2.071864302475098e-18 -8.854028780204301e-17 0.024800000712275505
		endloop
	endfacet
	facet normal -0.024776554453359023 -0.011273567907955894 -0.9996294458528343
		outer loop
			vertex -0.0016512967413291335 -0.0008130253409035504 0.02485009841620922
			vertex -0.001697790459729731 -0.0007108434801921248 0.02485009841620922
			vertex -2.071864302475098e-18 -8.854028780204301e-17 0.024800000712275505
		endloop
	endfacet
	facet normal -0.024043178936951393 -0.012763091714902553 -0.9996294458630571
		outer loop
			vertex -0.0015986600192263722 -0.0009121826733462512 0.02485009841620922
			vertex -0.0016512967413291335 -0.0008130253409035504 0.02485009841620922
			vertex -2.071864302475098e-18 -8.854028780204301e-17 0.024800000712275505
		endloop
	endfacet
	facet normal -0.023220364594877266 -0.014205127865886394 -0.9996294458500085
		outer loop
			vertex -0.0015400761039927602 -0.0010079466737806797 0.02485009841620922
			vertex -0.0015986600192263722 -0.0009121826733462512 0.02485009841620922
			vertex -2.071864302475098e-18 -8.854028780204301e-17 0.024800000712275505
		endloop
	endfacet
	facet normal -0.022311186823633377 -0.01559429159472432 -0.9996294458509012
		outer loop
			vertex -0.001475763157941401 -0.0010999609949067235 0.02485009841620922
			vertex -0.0015400761039927602 -0.0010079466737806797 0.02485009841620922
			vertex -2.071864302475098e-18 -8.854028780204301e-17 0.024800000712275505
		endloop
	endfacet
	facet normal -0.021318989503635498 -0.016925473570732204 -0.99962944586029
		outer loop
			vertex -0.0014059601817280054 -0.0011878834338858724 0.02485009841620922
			vertex -0.001475763157941401 -0.0010999609949067235 0.02485009841620922
			vertex -2.071864302475098e-18 -8.854028780204301e-17 0.024800000712275505
		endloop
	endfacet
	facet normal -0.13638530464063395 -0.010386110811843706 -0.9906014220564624
		outer loop
			vertex -0.0036689031403511763 -0.00022408772201742977 0.02500024624168873
			vertex -0.005436575971543789 -0.0008328527910634875 0.02525000087916851
			vertex -0.005499999970197678 -8.921384443123269e-17 0.02525000087916851
		endloop
	endfacet
	facet normal -0.13564089791244702 -0.004138356957897517 -0.9907494238278386
		outer loop
			vertex -0.0036689031403511763 -0.00022408772201742977 0.02500024624168873
			vertex -0.005499999970197678 -8.921384443123269e-17 0.02525000087916851
			vertex -0.0036757399793714285 -8.899043287394947e-17 0.02500024624168873
		endloop
	endfacet
	facet normal -0.08158305825905056 -0.0024890709364872084 -0.9966634382433086
		outer loop
			vertex -0.0036689031403511763 -0.00022408772201742977 0.02500024624168873
			vertex -0.0036757399793714285 -8.899043287394947e-17 0.02500024624168873
			vertex -0.0018397391540929675 -0.000056131106248358265 0.02485009841620922
		endloop
	endfacet
	facet normal -0.08135610615142744 -0.004969026239471994 -0.996672710958873
		outer loop
			vertex -0.0036689031403511763 -0.00022408772201742977 0.02500024624168873
			vertex -0.0018397391540929675 -0.000056131106248358265 0.02485009841620922
			vertex -0.0018328952137380838 -0.00016818451695144176 0.02485009841620922
		endloop
	endfacet
	facet normal -0.020247486055994936 -0.018193688227696885 -0.999629445853355
		outer loop
			vertex -0.0013309268979355693 -0.0012713868636637926 0.02485009841620922
			vertex -0.0014059601817280054 -0.0011878834338858724 0.02485009841620922
			vertex -2.071864302475098e-18 -8.854028780204301e-17 0.024800000712275505
		endloop
	endfacet
	facet normal -0.13568465300305274 -0.01245030699326958 -0.9906738438029011
		outer loop
			vertex -0.0036484175361692905 -0.0004473418230190873 0.02500024624168873
			vertex -0.005436575971543789 -0.0008328527910634875 0.02525000087916851
			vertex -0.0036689031403511763 -0.00022408772201742977 0.02500024624168873
		endloop
	endfacet
	facet normal -0.08090185684607798 -0.009919544043034597 -0.9966727106752923
		outer loop
			vertex -0.0036484175361692905 -0.0004473418230190873 0.02500024624168873
			vertex -0.0018328952137380838 -0.00016818451695144176 0.02485009841620922
			vertex -0.0018192328279837966 -0.0002796122571453452 0.02485009841620922
		endloop
	endfacet
	facet normal -0.08127955864855735 -0.007458142354752757 -0.9966634384076263
		outer loop
			vertex -0.0036484175361692905 -0.0004473418230190873 0.02500024624168873
			vertex -0.0036689031403511763 -0.00022408772201742977 0.02500024624168873
			vertex -0.0018328952137380838 -0.00016818451695144176 0.02485009841620922
		endloop
	endfacet
	facet normal -0.01910066970495506 -0.019394210878839514 -0.9996294458454139
		outer loop
			vertex -0.0012509425869211555 -0.0013501605717465281 0.02485009841620922
			vertex -0.0013309268979355693 -0.0012713868636637926 0.02485009841620922
			vertex -2.071864302475098e-18 -8.854028780204301e-17 0.024800000712275505
		endloop
	endfacet
	facet normal -0.13394456620129805 -0.02058705540937499 -0.9907749625090037
		outer loop
			vertex -0.00361435953527689 -0.0006689317524433136 0.02500024624168873
			vertex -0.005436575971543789 -0.0008328527910634875 0.02525000087916851
			vertex -0.0036484175361692905 -0.0004473418230190873 0.02500024624168873
		endloop
	endfacet
	facet normal -0.08067370079341943 -0.012399412648195723 -0.9966634379600136
		outer loop
			vertex -0.00361435953527689 -0.0006689317524433136 0.02500024624168873
			vertex -0.0036484175361692905 -0.0004473418230190873 0.02500024624168873
			vertex -0.0018192328279837966 -0.0002796122571453452 0.02485009841620922
		endloop
	endfacet
	facet normal -0.08014662725410425 -0.014833290308948508 -0.9966727103911305
		outer loop
			vertex -0.00361435953527689 -0.0006689317524433136 0.02500024624168873
			vertex -0.0018192328279837966 -0.0002796122571453452 0.02485009841620922
			vertex -0.0017988026374951005 -0.000389999826438725 0.02485009841620922
		endloop
	endfacet
	facet normal -0.017882788154090216 -0.02052259510890628 -0.9996294458337208
		outer loop
			vertex -0.00116630457341671 -0.0014239116571843624 0.02485009841620922
			vertex -0.0012509425869211555 -0.0013501605717465281 0.02485009841620922
			vertex -2.071864302475098e-18 -8.854028780204301e-17 0.024800000712275505
		endloop
	endfacet
	facet normal -0.13323573631858457 -0.03091802513259836 -0.9906019959042808
		outer loop
			vertex -0.0035668560303747654 -0.0008880332461558282 0.02500024624168873
			vertex -0.005247765686362982 -0.0016464971704408526 0.02525000087916851
			vertex -0.005436575971543789 -0.0008328527910634875 0.02525000087916851
		endloop
	endfacet
	facet normal -0.07909327091434022 -0.019691679002989012 -0.9966727107100476
		outer loop
			vertex -0.0035668560303747654 -0.0008880332461558282 0.02500024624168873
			vertex -0.0017988026374951005 -0.000389999826438725 0.02485009841620922
			vertex -0.0017716808943077922 -0.0004989365697838366 0.02485009841620922
		endloop
	endfacet
	facet normal -0.0797677366602373 -0.017294483051050587 -0.9966634381997266
		outer loop
			vertex -0.0035668560303747654 -0.0008880332461558282 0.02500024624168873
			vertex -0.00361435953527689 -0.0006689317524433136 0.02500024624168873
			vertex -0.0017988026374951005 -0.000389999826438725 0.02485009841620922
		endloop
	endfacet
	facet normal -0.13318461650071733 -0.02887582359949933 -0.9906705026087169
		outer loop
			vertex -0.0035668560303747654 -0.0008880332461558282 0.02500024624168873
			vertex -0.005436575971543789 -0.0008328527910634875 0.02525000087916851
			vertex -0.00361435953527689 -0.0006689317524433136 0.02500024624168873
		endloop
	endfacet
	facet normal -0.016598397683427177 -0.02157461998148711 -0.9996294458283016
		outer loop
			vertex -0.0010773278772830963 -0.0014923657290637493 0.02485009841620922
			vertex -0.00116630457341671 -0.0014239116571843624 0.02485009841620922
			vertex -2.071864302475098e-18 -8.854028780204301e-17 0.024800000712275505
		endloop
	endfacet
	facet normal -0.13061167551850084 -0.03678255576876184 -0.9907510453233788
		outer loop
			vertex -0.003506083507090807 -0.00110383122228086 0.02500024624168873
			vertex -0.005247765686362982 -0.0016464971704408526 0.02525000087916851
			vertex -0.0035668560303747654 -0.0008880332461558282 0.02500024624168873
		endloop
	endfacet
	facet normal -0.077745681219396 -0.024476869648888958 -0.9966727105243344
		outer loop
			vertex -0.003506083507090807 -0.00110383122228086 0.02500024624168873
			vertex -0.0017716808943077922 -0.0004989365697838366 0.02485009841620922
			vertex -0.0017379684140905738 -0.0006060172454454005 0.02485009841620922
		endloop
	endfacet
	facet normal -0.07856501875893375 -0.022125297547116795 -0.9966634381955928
		outer loop
			vertex -0.003506083507090807 -0.00110383122228086 0.02500024624168873
			vertex -0.0035668560303747654 -0.0008880332461558282 0.02500024624168873
			vertex -0.0017716808943077922 -0.0004989365697838366 0.02485009841620922
		endloop
	endfacet
	facet normal -0.015252246513484386 -0.022546396640766395 -0.9996294458322089
		outer loop
			vertex -0.0009843434672802687 -0.0015552680706605315 0.02485009841620922
			vertex -0.0010773278772830963 -0.0014923657290637493 0.02485009841620922
			vertex -2.071864302475098e-18 -8.854028780204301e-17 0.024800000712275505
		endloop
	endfacet
	facet normal -0.12702497033383997 -0.05073997624226813 -0.9906008841721378
		outer loop
			vertex -0.0034322680439800024 -0.0013155228225514293 0.02500024624168873
			vertex -0.004937924910336733 -0.002422167919576168 0.02525000087916851
			vertex -0.005247765686362982 -0.0016464971704408526 0.02525000087916851
		endloop
	endfacet
	facet normal -0.07610883812497238 -0.029171108091693234 -0.9966727101772024
		outer loop
			vertex -0.0034322680439800024 -0.0013155228225514293 0.02500024624168873
			vertex -0.0017379684140905738 -0.0006060172454454005 0.02485009841620922
			vertex -0.001697790459729731 -0.0007108434801921248 0.02485009841620922
		endloop
	endfacet
	facet normal -0.07707003317562164 -0.02687381163708127 -0.9966634377935227
		outer loop
			vertex -0.0034322680439800024 -0.0013155228225514293 0.02500024624168873
			vertex -0.003506083507090807 -0.00110383122228086 0.02500024624168873
			vertex -0.0017379684140905738 -0.0006060172454454005 0.02485009841620922
		endloop
	endfacet
	facet normal -0.1281490741110032 -0.044684735911269965 -0.9907477424556832
		outer loop
			vertex -0.0034322680439800024 -0.0013155228225514293 0.02500024624168873
			vertex -0.005247765686362982 -0.0016464971704408526 0.02525000087916851
			vertex -0.003506083507090807 -0.00110383122228086 0.02500024624168873
		endloop
	endfacet
	facet normal -0.013849358226100124 -0.023434297541631986 -0.9996294458325323
		outer loop
			vertex -0.0008876972715370357 -0.001612384687177837 0.02485009841620922
			vertex -0.0009843434672802687 -0.0015552680706605315 0.02485009841620922
			vertex -2.071864302475098e-18 -8.854028780204301e-17 0.024800000712275505
		endloop
	endfacet
	facet normal -0.07418891680172005 -0.03375666270127772 -0.9966727107466421
		outer loop
			vertex -0.003345684614032507 -0.001522320555523038 0.02500024624168873
			vertex -0.001697790459729731 -0.0007108434801921248 0.02485009841620922
			vertex -0.0016512967413291335 -0.0008130253409035504 0.02485009841620922
		endloop
	endfacet
	facet normal -0.07528837890081384 -0.031522231828886006 -0.9966634381289471
		outer loop
			vertex -0.003345684614032507 -0.001522320555523038 0.02500024624168873
			vertex -0.0034322680439800024 -0.0013155228225514293 0.02500024624168873
			vertex -0.001697790459729731 -0.0007108434801921248 0.02485009841620922
		endloop
	endfacet
	facet normal -0.12566121094990018 -0.05261265923496307 -0.990677126086411
		outer loop
			vertex -0.003345684614032507 -0.001522320555523038 0.02500024624168873
			vertex -0.004937924910336733 -0.002422167919576168 0.02525000087916851
			vertex -0.0034322680439800024 -0.0013155228225514293 0.02500024624168873
		endloop
	endfacet
	facet normal -0.012394970150066843 -0.02423500988900158 -0.9996294458501407
		outer loop
			vertex -0.000787748780567199 -0.001663503237068653 0.02485009841620922
			vertex -0.0008876972715370357 -0.001612384687177837 0.02485009841620922
			vertex -2.071864302475098e-18 -8.854028780204301e-17 0.024800000712275505
		endloop
	endfacet
	facet normal -0.07199295960959078 -0.03821677444293022 -0.9966727105313108
		outer loop
			vertex -0.0032466547563672066 -0.0017234552651643753 0.02500024624168873
			vertex -0.0016512967413291335 -0.0008130253409035504 0.02485009841620922
			vertex -0.0015986600192263722 -0.0009121826733462512 0.02485009841620922
		endloop
	endfacet
	facet normal -0.07322658843826886 -0.036053541645240404 -0.9966634381176664
		outer loop
			vertex -0.0032466547563672066 -0.0017234552651643753 0.02500024624168873
			vertex -0.003345684614032507 -0.001522320555523038 0.02500024624168873
			vertex -0.0016512967413291335 -0.0008130253409035504 0.02485009841620922
		endloop
	endfacet
	facet normal -0.12158030653039562 -0.05986077923635602 -0.9907749069153858
		outer loop
			vertex -0.0032466547563672066 -0.0017234552651643753 0.02500024624168873
			vertex -0.004937924910336733 -0.002422167919576168 0.02525000087916851
			vertex -0.003345684614032507 -0.001522320555523038 0.02500024624168873
		endloop
	endfacet
	facet normal -0.01089441178692652 -0.024945596435744517 -0.9996294458499521
		outer loop
			vertex -0.0006848697667010128 -0.0017084332648664713 0.02485009841620922
			vertex -0.000787748780567199 -0.001663503237068653 0.02485009841620922
			vertex -2.071864302475098e-18 -8.854028780204301e-17 0.024800000712275505
		endloop
	endfacet
	facet normal -0.11786595005927424 -0.06938368560659157 -0.9906026054822744
		outer loop
			vertex -0.003135547274723649 -0.001918178517371416 0.02500024624168873
			vertex -0.004514198750257492 -0.003141975263133645 0.02525000087916851
			vertex -0.004937924910336733 -0.002422167919576168 0.02525000087916851
		endloop
	endfacet
	facet normal -0.0708924320172024 -0.04045063699246115 -0.996663438202481
		outer loop
			vertex -0.003135547274723649 -0.001918178517371416 0.02500024624168873
			vertex -0.0032466547563672066 -0.0017234552651643753 0.02500024624168873
			vertex -0.0015986600192263722 -0.0009121826733462512 0.02485009841620922
		endloop
	endfacet
	facet normal -0.11838738859643937 -0.06755086748100231 -0.9906671017672284
		outer loop
			vertex -0.003135547274723649 -0.001918178517371416 0.02500024624168873
			vertex -0.004937924910336733 -0.002422167919576168 0.02525000087916851
			vertex -0.0032466547563672066 -0.0017234552651643753 0.02500024624168873
		endloop
	endfacet
	facet normal -0.06952918619775376 -0.04253468873473286 -0.9966727108338612
		outer loop
			vertex -0.003135547274723649 -0.001918178517371416 0.02500024624168873
			vertex -0.0015986600192263722 -0.0009121826733462512 0.02485009841620922
			vertex -0.0015400761039927602 -0.0010079466737806797 0.02485009841620922
		endloop
	endfacet
	facet normal -0.009353395545353775 -0.025563352747913975 -0.9996294458388357
		outer loop
			vertex -0.0005794430035166442 -0.0017470079474151134 0.02485009841620922
			vertex -0.0006848697667010128 -0.0017084332648664713 0.02485009841620922
			vertex -2.071864302475098e-18 -8.854028780204301e-17 0.024800000712275505
		endloop
	endfacet
	facet normal -0.1135276965797279 -0.07430150042061716 -0.9907526175310094
		outer loop
			vertex -0.0030127752106636763 -0.002105765976011753 0.02500024624168873
			vertex -0.004514198750257492 -0.003141975263133645 0.02525000087916851
			vertex -0.003135547274723649 -0.001918178517371416 0.02500024624168873
		endloop
	endfacet
	facet normal -0.0682945081403443 -0.04469732565878328 -0.9966634382964098
		outer loop
			vertex -0.0030127752106636763 -0.002105765976011753 0.02500024624168873
			vertex -0.003135547274723649 -0.001918178517371416 0.02500024624168873
			vertex -0.0015400761039927602 -0.0010079466737806797 0.02485009841620922
		endloop
	endfacet
	facet normal -0.06680682134161513 -0.04669429110845211 -0.9966727104722537
		outer loop
			vertex -0.0030127752106636763 -0.002105765976011753 0.02500024624168873
			vertex -0.0015400761039927602 -0.0010079466737806797 0.02485009841620922
			vertex -0.001475763157941401 -0.0010999609949067235 0.02485009841620922
		endloop
	endfacet
	facet normal -0.0077775499739553685 -0.02608602506485366 -0.9996294458511708
		outer loop
			vertex -0.00047186066512949765 -0.0017790836282074451 0.02485009841620922
			vertex -0.0005794430035166442 -0.0017470079474151134 0.02485009841620922
			vertex -2.071864302475098e-18 -8.854028780204301e-17 0.024800000712275505
		endloop
	endfacet
	facet normal -0.10601264602894667 -0.08644188543842912 -0.9906003832645083
		outer loop
			vertex -0.002878795377910137 -0.0022855200804769993 0.02500024624168873
			vertex -0.003986360505223274 -0.0037893180269747972 0.02525000087916851
			vertex -0.004514198750257492 -0.003141975263133645 0.02525000087916851
		endloop
	endfacet
	facet normal -0.06383586695481942 -0.05068027632474444 -0.9966727104128889
		outer loop
			vertex -0.002878795377910137 -0.0022855200804769993 0.02500024624168873
			vertex -0.001475763157941401 -0.0010999609949067235 0.02485009841620922
			vertex -0.0014059601817280054 -0.0011878834338858724 0.02485009841620922
		endloop
	endfacet
	facet normal -0.06544257688249952 -0.04877766508732555 -0.9966634379366021
		outer loop
			vertex -0.002878795377910137 -0.0022855200804769993 0.02500024624168873
			vertex -0.0030127752106636763 -0.002105765976011753 0.02500024624168873
			vertex -0.001475763157941401 -0.0010999609949067235 0.02485009841620922
		endloop
	endfacet
	facet normal -0.10882551786894064 -0.081113166938655 -0.9907460122603265
		outer loop
			vertex -0.002878795377910137 -0.0022855200804769993 0.02500024624168873
			vertex -0.004514198750257492 -0.003141975263133645 0.02525000087916851
			vertex -0.0030127752106636763 -0.002105765976011753 0.02500024624168873
		endloop
	endfacet
	facet normal -0.006172772157184419 -0.026511655156830197 -0.9996294458571842
		outer loop
			vertex -0.0003625229874160141 -0.0018045409815385938 0.02485009841620922
			vertex -0.00047186066512949765 -0.0017790836282074451 0.02485009841620922
			vertex -2.071864302475098e-18 -8.854028780204301e-17 0.024800000712275505
		endloop
	endfacet
	facet normal -0.06062743964759275 -0.054477713032686406 -0.996672710745361
		outer loop
			vertex -0.0027341064997017384 -0.0024567716754972935 0.02500024624168873
			vertex -0.0014059601817280054 -0.0011878834338858724 0.02485009841620922
			vertex -0.0013309268979355693 -0.0012713868636637926 0.02485009841620922
		endloop
	endfacet
	facet normal -0.06234718545558688 -0.05267655651295298 -0.99666343810722
		outer loop
			vertex -0.0027341064997017384 -0.0024567716754972935 0.02500024624168873
			vertex -0.002878795377910137 -0.0022855200804769993 0.02500024624168873
			vertex -0.0014059601817280054 -0.0011878834338858724 0.02485009841620922
		endloop
	endfacet
	facet normal -0.10404355259923664 -0.08790542890193881 -0.990680359516679
		outer loop
			vertex -0.0027341064997017384 -0.0024567716754972935 0.02500024624168873
			vertex -0.003986360505223274 -0.0037893180269747972 0.02525000087916851
			vertex -0.002878795377910137 -0.0022855200804769993 0.02500024624168873
		endloop
	endfacet
	facet normal -0.004545016133926313 -0.026838662956447545 -0.9996294458443352
		outer loop
			vertex -0.0002518366964068264 -0.0018232852453365922 0.02485009841620922
			vertex -0.0003625229874160141 -0.0018045409815385938 0.02485009841620922
			vertex -2.071864302475098e-18 -8.854028780204301e-17 0.024800000712275505
		endloop
	endfacet
	facet normal -0.05719350445263795 -0.05807246046281584 -0.9966727107652847
		outer loop
			vertex -0.0025792464148253202 -0.0026188839692622423 0.02500024624168873
			vertex -0.0013309268979355693 -0.0012713868636637926 0.02485009841620922
			vertex -0.0012509425869211555 -0.0013501605717465281 0.02485009841620922
		endloop
	endfacet
	facet normal -0.05901982247171175 -0.05637952869023298 -0.9966634383281425
		outer loop
			vertex -0.0025792464148253202 -0.0026188839692622423 0.02500024624168873
			vertex -0.0027341064997017384 -0.0024567716754972935 0.02500024624168873
			vertex -0.0013309268979355693 -0.0012713868636637926 0.02485009841620922
		endloop
	endfacet
	facet normal -0.0979929441479233 -0.09360916001867473 -0.990774801888815
		outer loop
			vertex -0.0025792464148253202 -0.0026188839692622423 0.02500024624168873
			vertex -0.003986360505223274 -0.0037893180269747972 0.02525000087916851
			vertex -0.0027341064997017384 -0.0024567716754972935 0.02500024624168873
		endloop
	endfacet
	facet normal -0.0029004068526152635 -0.02706582048399788 -0.9996294458456181
		outer loop
			vertex -0.00014021355309523642 -0.0018352469196543097 0.02485009841620922
			vertex -0.0002518366964068264 -0.0018232852453365922 0.02485009841620922
			vertex -2.071864302475098e-18 -8.854028780204301e-17 0.024800000712275505
		endloop
	endfacet
	facet normal -0.0916864684649901 -0.1014829357185704 -0.9906032532040056
		outer loop
			vertex -0.002414791379123926 -0.0027712539304047823 0.02500024624168873
			vertex -0.0033665827941149473 -0.004349266644567251 0.02525000087916851
			vertex -0.003986360505223274 -0.0037893180269747972 0.02525000087916851
		endloop
	endfacet
	facet normal -0.05354677477244296 -0.061451199252242746 -0.996672711085204
		outer loop
			vertex -0.002414791379123926 -0.0027712539304047823 0.02500024624168873
			vertex -0.0012509425869211555 -0.0013501605717465281 0.02485009841620922
			vertex -0.00116630457341671 -0.0014239116571843624 0.02485009841620922
		endloop
	endfacet
	facet normal -0.05547294228602246 -0.059872724490458724 -0.9966634384466109
		outer loop
			vertex -0.002414791379123926 -0.0027712539304047823 0.02500024624168873
			vertex -0.0025792464148253202 -0.0026188839692622423 0.02500024624168873
			vertex -0.0012509425869211555 -0.0013501605717465281 0.02485009841620922
		endloop
	endfacet
	facet normal -0.09265454438968719 -0.1000033490278831 -0.9906636490692221
		outer loop
			vertex -0.002414791379123926 -0.0027712539304047823 0.02500024624168873
			vertex -0.003986360505223274 -0.0037893180269747972 0.02525000087916851
			vertex -0.0025792464148253202 -0.0026188839692622423 0.02500024624168873
		endloop
	endfacet
	facet normal -0.0012449311134803776 -0.02719229945140396 -0.9996294458433425
		outer loop
			vertex -0.000028068818210158497 -0.001840381184592843 0.02485009841620922
			vertex -0.00014021355309523642 -0.0018352469196543097 0.02485009841620922
			vertex -2.071864302475098e-18 -8.854028780204301e-17 0.024800000712275505
		endloop
	endfacet
	facet normal -0.051719652498907094 -0.06314323093532676 -0.9966634386453838
		outer loop
			vertex -0.002241353038698435 -0.0029133146163076162 0.02500024624168873
			vertex -0.002414791379123926 -0.0027712539304047823 0.02500024624168873
			vertex -0.00116630457341671 -0.0014239116571843624 0.02485009841620922
		endloop
	endfacet
	facet normal -0.049700900011237545 -0.06460129772351246 -0.9966727110092416
		outer loop
			vertex -0.002241353038698435 -0.0029133146163076162 0.02500024624168873
			vertex -0.00116630457341671 -0.0014239116571843624 0.02485009841620922
			vertex -0.0010773278772830963 -0.0014923657290637493 0.02485009841620922
		endloop
	endfacet
	facet normal -0.0859678767585596 -0.10495603185462521 -0.990754134759455
		outer loop
			vertex -0.002241353038698435 -0.0029133146163076162 0.02500024624168873
			vertex -0.0033665827941149473 -0.004349266644567251 0.02525000087916851
			vertex -0.002414791379123926 -0.0027712539304047823 0.02500024624168873
		endloop
	endfacet
	facet normal 0.0004150899137707972 -0.027217617482731184 -0.9996294458442726
		outer loop
			vertex 0.00008418034121859819 -0.001838669297285378 0.02485009841620922
			vertex -0.000028068818210158497 -0.001840381184592843 0.02485009841620922
			vertex -2.071864302475098e-18 -8.854028780204301e-17 0.024800000712275505
		endloop
	endfacet
	facet normal -0.075275141554805 -0.1142167038925195 -0.9905999180374653
		outer loop
			vertex -0.0020595768000930548 -0.00304453750140965 0.02500024624168873
			vertex -0.002669160719960928 -0.004808906465768814 0.02525000087916851
			vertex -0.0033665827941149473 -0.004349266644567251 0.02525000087916851
		endloop
	endfacet
	facet normal -0.04567009529155484 -0.06751110940638465 -0.9966727108247619
		outer loop
			vertex -0.0020595768000930548 -0.00304453750140965 0.02500024624168873
			vertex -0.0010773278772830963 -0.0014923657290637493 0.02485009841620922
			vertex -0.0009843434672802687 -0.0015552680706605315 0.02485009841620922
		endloop
	endfacet
	facet normal -0.047773988535324136 -0.06617882187527967 -0.9966634384558444
		outer loop
			vertex -0.0020595768000930548 -0.00304453750140965 0.02500024624168873
			vertex -0.002241353038698435 -0.0029133146163076162 0.02500024624168873
			vertex -0.0010773278772830963 -0.0014923657290637493 0.02485009841620922
		endloop
	endfacet
	facet normal -0.07945177236831348 -0.11006040844486108 -0.9907442265087818
		outer loop
			vertex -0.0020595768000930548 -0.00304453750140965 0.02500024624168873
			vertex -0.0033665827941149473 -0.004349266644567251 0.02525000087916851
			vertex -0.002241353038698435 -0.0029133146163076162 0.02500024624168873
		endloop
	endfacet
	facet normal 0.0020736427616831537 -0.027141683466626796 -0.9996294458569607
		outer loop
			vertex 0.00019611635070759803 -0.0018301173113286495 0.02485009841620922
			vertex 0.00008418034121859819 -0.001838669297285378 0.02485009841620922
			vertex -2.071864302475098e-18 -8.854028780204301e-17 0.024800000712275505
		endloop
	endfacet
	facet normal -0.04365062126824569 -0.06896820877686695 -0.9966634383988442
		outer loop
			vertex -0.0018701388034969568 -0.0031644345726817846 0.02500024624168873
			vertex -0.0020595768000930548 -0.00304453750140965 0.02500024624168873
			vertex -0.0009843434672802687 -0.0015552680706605315 0.02485009841620922
		endloop
	endfacet
	facet normal -0.041469399573181166 -0.07016976762427261 -0.9966727108788499
		outer loop
			vertex -0.0018701388034969568 -0.0031644345726817846 0.02500024624168873
			vertex -0.0009843434672802687 -0.0015552680706605315 0.02485009841620922
			vertex -0.0008876972715370357 -0.001612384687177837 0.02485009841620922
		endloop
	endfacet
	facet normal -0.07283080496218212 -0.11507305087712735 -0.9906835351465123
		outer loop
			vertex -0.0018701388034969568 -0.0031644345726817846 0.02500024624168873
			vertex -0.002669160719960928 -0.004808906465768814 0.02525000087916851
			vertex -0.0020595768000930548 -0.00304453750140965 0.02500024624168873
		endloop
	endfacet
	facet normal 0.003724434045170031 -0.026964783789079197 -0.9996294458579398
		outer loop
			vertex 0.00030732277082279325 -0.00181475724093616 0.02485009841620922
			vertex 0.00019611635070759803 -0.0018301173113286495 0.02485009841620922
			vertex -2.071864302475098e-18 -8.854028780204301e-17 0.024800000712275505
		endloop
	endfacet
	facet normal -0.03936485914820293 -0.07150103649078295 -0.9966634385011752
		outer loop
			vertex -0.0016737438272684813 -0.0032725597266107798 0.02500024624168873
			vertex -0.0018701388034969568 -0.0031644345726817846 0.02500024624168873
			vertex -0.0008876972715370357 -0.001612384687177837 0.02485009841620922
		endloop
	endfacet
	facet normal -0.06535959746986023 -0.11871702490084238 -0.9907746418925298
		outer loop
			vertex -0.0016737438272684813 -0.0032725597266107798 0.02500024624168873
			vertex -0.002669160719960928 -0.004808906465768814 0.02525000087916851
			vertex -0.0018701388034969568 -0.0031644345726817846 0.02500024624168873
		endloop
	endfacet
	facet normal -0.037114498463252786 -0.07256735808092402 -0.9966727108459308
		outer loop
			vertex -0.0016737438272684813 -0.0032725597266107798 0.02500024624168873
			vertex -0.0008876972715370357 -0.001612384687177837 0.02485009841620922
			vertex -0.000787748780567199 -0.001663503237068653 0.02485009841620922
		endloop
	endfacet
	facet normal 0.005361419340121045 -0.02668756607314652 -0.9996294458446844
		outer loop
			vertex 0.0004173859488219023 -0.001792646013200283 0.02485009841620922
			vertex 0.00030732277082279325 -0.00181475724093616 0.02485009841620922
			vertex -2.071864302475098e-18 -8.854028780204301e-17 0.024800000712275505
		endloop
	endfacet
	facet normal -0.05709937801575751 -0.12427186971604913 -0.9906039387300511
		outer loop
			vertex -0.001471122377552092 -0.0033685106318444014 0.02500024624168873
			vertex -0.0019101789221167564 -0.005157636944204569 0.02525000087916851
			vertex -0.002669160719960928 -0.004808906465768814 0.02525000087916851
		endloop
	endfacet
	facet normal -0.05835766247330277 -0.12323504550175905 -0.9906601368738077
		outer loop
			vertex -0.001471122377552092 -0.0033685106318444014 0.02500024624168873
			vertex -0.002669160719960928 -0.004808906465768814 0.02525000087916851
			vertex -0.0016737438272684813 -0.0032725597266107798 0.02500024624168873
		endloop
	endfacet
	facet normal -0.03262134909388248 -0.07469508456271655 -0.9966727105351405
		outer loop
			vertex -0.001471122377552092 -0.0033685106318444014 0.02500024624168873
			vertex -0.000787748780567199 -0.001663503237068653 0.02485009841620922
			vertex -0.0006848697667010128 -0.0017084332648664713 0.02485009841620922
		endloop
	endfacet
	facet normal -0.03493261515530757 -0.07376790357443061 -0.9966634380775914
		outer loop
			vertex -0.001471122377552092 -0.0033685106318444014 0.02500024624168873
			vertex -0.0016737438272684813 -0.0032725597266107798 0.02500024624168873
			vertex -0.000787748780567199 -0.001663503237068653 0.02485009841620922
		endloop
	endfacet
	facet normal 0.006978393688340564 -0.0263110821671441 -0.999629445833167
		outer loop
			vertex 0.0005258964374661446 -0.0017638661665841937 0.02485009841620922
			vertex 0.0004173859488219023 -0.001792646013200283 0.02485009841620922
			vertex -2.071864302475098e-18 -8.854028780204301e-17 0.024800000712275505
		endloop
	endfacet
	facet normal -0.030370493885879278 -0.07576030514507613 -0.9966634383107734
		outer loop
			vertex -0.0012630282435566187 -0.0034519305918365717 0.02500024624168873
			vertex -0.001471122377552092 -0.0033685106318444014 0.02500024624168873
			vertex -0.0006848697667010128 -0.0017084332648664713 0.02485009841620922
		endloop
	endfacet
	facet normal -0.05047753749843771 -0.1259180590945779 -0.9907556008430881
		outer loop
			vertex -0.0012630282435566187 -0.0034519305918365717 0.02500024624168873
			vertex -0.0019101789221167564 -0.005157636944204569 0.02525000087916851
			vertex -0.001471122377552092 -0.0033685106318444014 0.02500024624168873
		endloop
	endfacet
	facet normal -0.028007052882271892 -0.0765448407252104 -0.9966727107467134
		outer loop
			vertex -0.0012630282435566187 -0.0034519305918365717 0.02500024624168873
			vertex -0.0006848697667010128 -0.0017084332648664713 0.02485009841620922
			vertex -0.0005794430035166442 -0.0017470079474151134 0.02485009841620922
		endloop
	endfacet
	facet normal 0.008569452168863363 -0.02583670831602484 -0.9996294458412669
		outer loop
			vertex 0.0006324505666270852 -0.0017285245703533292 0.02485009841620922
			vertex 0.0005258964374661446 -0.0017638661665841937 0.02485009841620922
			vertex -2.071864302475098e-18 -8.854028780204301e-17 0.024800000712275505
		endloop
	endfacet
	facet normal -0.03763151690073223 -0.13151621983237172 -0.9905994916497552
		outer loop
			vertex -0.0010502355871722102 -0.0035225090105086565 0.02500024624168873
			vertex -0.0011071418412029743 -0.005387414712458849 0.02525000087916851
			vertex -0.0019101789221167564 -0.005157636944204569 0.02525000087916851
		endloop
	endfacet
	facet normal -0.04273747960909485 -0.12885272841612608 -0.9907423894314719
		outer loop
			vertex -0.0010502355871722102 -0.0035225090105086565 0.02500024624168873
			vertex -0.0019101789221167564 -0.005157636944204569 0.02525000087916851
			vertex -0.0012630282435566187 -0.0034519305918365717 0.02500024624168873
		endloop
	endfacet
	facet normal -0.02569531513626907 -0.07747091061766462 -0.996663438071307
		outer loop
			vertex -0.0010502355871722102 -0.0035225090105086565 0.02500024624168873
			vertex -0.0012630282435566187 -0.0034519305918365717 0.02500024624168873
			vertex -0.0005794430035166442 -0.0017470079474151134 0.02485009841620922
		endloop
	endfacet
	facet normal -0.02328846992618635 -0.07810989479346725 -0.9966727103236303
		outer loop
			vertex -0.0010502355871722102 -0.0035225090105086565 0.02500024624168873
			vertex -0.0005794430035166442 -0.0017470079474151134 0.02485009841620922
			vertex -0.00047186066512949765 -0.0017790836282074451 0.02485009841620922
		endloop
	endfacet
	facet normal 0.010128620095935308 -0.02526622372133989 -0.9996294458417156
		outer loop
			vertex 0.0007366518839262426 -0.001686752773821354 0.02485009841620922
			vertex 0.0006324505666270852 -0.0017285245703533292 0.02485009841620922
			vertex -2.071864302475098e-18 -8.854028780204301e-17 0.024800000712275505
		endloop
	endfacet
	facet normal -0.03490686427198632 -0.13161103374286845 -0.9906866541060453
		outer loop
			vertex -0.000833535916171968 -0.0035799837205559015 0.02500024624168873
			vertex -0.0011071418412029743 -0.005387414712458849 0.02525000087916851
			vertex -0.0010502355871722102 -0.0035225090105086565 0.02500024624168873
		endloop
	endfacet
	facet normal -0.02092466652352014 -0.0788932792824754 -0.9966634380847614
		outer loop
			vertex -0.000833535916171968 -0.0035799837205559015 0.02500024624168873
			vertex -0.0010502355871722102 -0.0035225090105086565 0.02500024624168873
			vertex -0.00047186066512949765 -0.0017790836282074451 0.02485009841620922
		endloop
	endfacet
	facet normal -0.018483251215847436 -0.07938436247663526 -0.9966727107825668
		outer loop
			vertex -0.000833535916171968 -0.0035799837205559015 0.02500024624168873
			vertex -0.00047186066512949765 -0.0017790836282074451 0.02485009841620922
			vertex -0.0003625229874160141 -0.0018045409815385938 0.02485009841620922
		endloop
	endfacet
	facet normal 0.011650097912557536 -0.024601752011679027 -0.9996294458531041
		outer loop
			vertex 0.0008381128427572548 -0.0016387061914429069 0.02485009841620922
			vertex 0.0007366518839262426 -0.001686752773821354 0.02485009841620922
			vertex -2.071864302475098e-18 -8.854028780204301e-17 0.024800000712275505
		endloop
	endfacet
	facet normal -0.013609229138120012 -0.08036352417071305 -0.9966727110065419
		outer loop
			vertex -0.0006137355230748653 -0.003624140517786145 0.02500024624168873
			vertex -0.0003625229874160141 -0.0018045409815385938 0.02485009841620922
			vertex -0.0002518366964068264 -0.0018232852453365922 0.02485009841620922
		endloop
	endfacet
	facet normal -0.026692249529775263 -0.13286667755133696 -0.9907744293286487
		outer loop
			vertex -0.0006137355230748653 -0.003624140517786145 0.02500024624168873
			vertex -0.0011071418412029743 -0.005387414712458849 0.02525000087916851
			vertex -0.000833535916171968 -0.0035799837205559015 0.02500024624168873
		endloop
	endfacet
	facet normal -0.016076056989550468 -0.08002219063420776 -0.9966634383771542
		outer loop
			vertex -0.0006137355230748653 -0.003624140517786145 0.02500024624168873
			vertex -0.000833535916171968 -0.0035799837205559015 0.02500024624168873
			vertex -0.0003625229874160141 -0.0018045409815385938 0.02485009841620922
		endloop
	endfacet
	facet normal 0.013128269688803816 -0.0238457441587493 -0.9996294458550596
		outer loop
			vertex 0.0009364559664390981 -0.0015845634043216705 0.02485009841620922
			vertex 0.0008381128427572548 -0.0016387061914429069 0.02485009841620922
			vertex -2.071864302475098e-18 -8.854028780204301e-17 0.024800000712275505
		endloop
	endfacet
	facet normal -0.011167673777505209 -0.08085340462678224 -0.996663438690643
		outer loop
			vertex -0.00039165193447843194 -0.0036548152565956116 0.02500024624168873
			vertex -0.0006137355230748653 -0.003624140517786145 0.02500024624168873
			vertex -0.0002518366964068264 -0.0018232852453365922 0.02485009841620922
		endloop
	endfacet
	facet normal -0.008684743989333244 -0.08104370652442175 -0.9966727110012711
		outer loop
			vertex -0.00039165193447843194 -0.0036548152565956116 0.02500024624168873
			vertex -0.0002518366964068264 -0.0018232852453365922 0.02485009841620922
			vertex -0.00014021355309523642 -0.0018352469196543097 0.02485009841620922
		endloop
	endfacet
	facet normal -0.01727768795317033 -0.13566095436490552 -0.9906046572471764
		outer loop
			vertex -0.00039165193447843194 -0.0036548152565956116 0.02500024624168873
			vertex -0.0002785704273264855 -0.00549294101074338 0.02525000087916851
			vertex -0.0011071418412029743 -0.005387414712458849 0.02525000087916851
		endloop
	endfacet
	facet normal -0.018660016551082532 -0.13509759495179036 -0.9906565719867584
		outer loop
			vertex -0.00039165193447843194 -0.0036548152565956116 0.02500024624168873
			vertex -0.0011071418412029743 -0.005387414712458849 0.02525000087916851
			vertex -0.0006137355230748653 -0.003624140517786145 0.02500024624168873
		endloop
	endfacet
	facet normal 0.014557562295190722 -0.023001051175635428 -0.9996294458572323
		outer loop
			vertex 0.0010313154198229313 -0.0015245260437950492 0.02485009841620922
			vertex 0.0009364559664390981 -0.0015845634043216705 0.02485009841620922
			vertex -2.071864302475098e-18 -8.854028780204301e-17 0.024800000712275505
		endloop
	endfacet
	facet normal -0.0037277215833398263 -0.08142243411545676 -0.9966727102286445
		outer loop
			vertex -0.00016811140812933445 -0.0036718936171382666 0.02500024624168873
			vertex -0.00014021355309523642 -0.0018352469196543097 0.02485009841620922
			vertex -0.000028068818210158497 -0.001840381184592843 0.02485009841620922
		endloop
	endfacet
	facet normal -0.01033335715268418 -0.13525444032493378 -0.9907570126435363
		outer loop
			vertex -0.00016811140812933445 -0.0036718936171382666 0.02500024624168873
			vertex -0.0002785704273264855 -0.00549294101074338 0.02525000087916851
			vertex -0.00039165193447843194 -0.0036548152565956116 0.02500024624168873
		endloop
	endfacet
	facet normal -0.0062176771114867725 -0.08138385477335845 -0.9966634380138395
		outer loop
			vertex -0.00016811140812933445 -0.0036718936171382666 0.02500024624168873
			vertex -0.00039165193447843194 -0.0036548152565956116 0.02500024624168873
			vertex -0.00014021355309523642 -0.0018352469196543097 0.02485009841620922
		endloop
	endfacet
	facet normal 0.0159327406256738 -0.022070766892855195 -0.9996294458572718
		outer loop
			vertex 0.001122338231652975 -0.001458817278034985 0.02485009841620922
			vertex 0.0010313154198229313 -0.0015245260437950492 0.02485009841620922
			vertex -2.071864302475098e-18 -8.854028780204301e-17 0.024800000712275505
		endloop
	endfacet
	facet normal 0.0034654626351190974 -0.13675312614531293 -0.9905990980503712
		outer loop
			vertex 0.00005605451588053256 -0.0036753127351403236 0.02500024624168873
			vertex 0.0005564257735386491 -0.005471781361848116 0.02525000087916851
			vertex -0.0002785704273264855 -0.00549294101074338 0.02525000087916851
		endloop
	endfacet
	facet normal -0.0012447897190499884 -0.08161152595521487 -0.9966634383430631
		outer loop
			vertex 0.00005605451588053256 -0.0036753127351403236 0.02500024624168873
			vertex -0.00016811140812933445 -0.0036718936171382666 0.02500024624168873
			vertex -0.000028068818210158497 -0.001840381184592843 0.02485009841620922
		endloop
	endfacet
	facet normal 0.0012429117018883532 -0.08149823482699037 -0.9966727110193125
		outer loop
			vertex 0.00005605451588053256 -0.0036753127351403236 0.02500024624168873
			vertex -0.000028068818210158497 -0.001840381184592843 0.02485009841620922
			vertex 0.00008418034121859819 -0.001838669297285378 0.02485009841620922
		endloop
	endfacet
	facet normal -0.002070594755728927 -0.13575336867247778 -0.9907404985824655
		outer loop
			vertex 0.00005605451588053256 -0.0036753127351403236 0.02500024624168873
			vertex -0.0002785704273264855 -0.00549294101074338 0.02525000087916851
			vertex -0.00016811140812933445 -0.0036718936171382666 0.02500024624168873
		endloop
	endfacet
	facet normal 0.017248612764960945 -0.021058403225062833 -0.9996294458504587
		outer loop
			vertex 0.0012091860407963395 -0.0013876815792173147 0.02485009841620922
			vertex 0.001122338231652975 -0.001458817278034985 0.02485009841620922
			vertex -2.071864302475098e-18 -8.854028780204301e-17 0.024800000712275505
		endloop
	endfacet
	facet normal 0.006209148969046052 -0.08127087222014492 -0.9966727104710238
		outer loop
			vertex 0.0002800119109451771 -0.003665059106424451 0.02500024624168873
			vertex 0.00008418034121859819 -0.001838669297285378 0.02485009841620922
			vertex 0.00019611635070759803 -0.0018301173113286495 0.02485009841620922
		endloop
	endfacet
	facet normal 0.0037330129964635484 -0.08153560945075412 -0.996663438180343
		outer loop
			vertex 0.0002800119109451771 -0.003665059106424451 0.02500024624168873
			vertex 0.00005605451588053256 -0.0036753127351403236 0.02500024624168873
			vertex 0.00008418034121859819 -0.001838669297285378 0.02485009841620922
		endloop
	endfacet
	facet normal 0.006226450923095094 -0.13599670593451318 -0.990689723013146
		outer loop
			vertex 0.0002800119109451771 -0.003665059106424451 0.02500024624168873
			vertex 0.0005564257735386491 -0.005471781361848116 0.02525000087916851
			vertex 0.00005605451588053256 -0.0036753127351403236 0.02500024624168873
		endloop
	endfacet
	facet normal 0.01850034291105229 -0.019967681374941676 -0.9996294458511525
		outer loop
			vertex 0.0012915354454889894 -0.0013113836757838726 0.02485009841620922
			vertex 0.0012091860407963395 -0.0013876815792173147 0.02485009841620922
			vertex -2.071864302475098e-18 -8.854028780204301e-17 0.024800000712275505
		endloop
	endfacet
	facet normal 0.011152145285229273 -0.08074117644547464 -0.9966727106135383
		outer loop
			vertex 0.0005029276362620294 -0.003641171380877495 0.02500024624168873
			vertex 0.00019611635070759803 -0.0018301173113286495 0.02485009841620922
			vertex 0.00030732277082279325 -0.00181475724093616 0.02485009841620922
		endloop
	endfacet
	facet normal 0.014440045392998582 -0.13475176554842522 -0.9907741653730331
		outer loop
			vertex 0.0005029276362620294 -0.003641171380877495 0.02500024624168873
			vertex 0.0005564257735386491 -0.005471781361848116 0.02525000087916851
			vertex 0.0002800119109451771 -0.003665059106424451 0.02500024624168873
		endloop
	endfacet
	facet normal 0.008696745273261558 -0.08115637785080138 -0.9966634381554237
		outer loop
			vertex 0.0005029276362620294 -0.003641171380877495 0.02500024624168873
			vertex 0.0002800119109451771 -0.003665059106424451 0.02500024624168873
			vertex 0.00019611635070759803 -0.0018301173113286495 0.02485009841620922
		endloop
	endfacet
	facet normal 0.01968324712745001 -0.018802680808590405 -0.9996294458332697
		outer loop
			vertex 0.0013690802734345198 -0.001230207271873951 0.02485009841620922
			vertex 0.0012915354454889894 -0.0013113836757838726 0.02485009841620922
			vertex -2.071864302475098e-18 -8.854028780204301e-17 0.024800000712275505
		endloop
	endfacet
	facet normal 0.02412562882776598 -0.13460635113300085 -0.990605413001728
		outer loop
			vertex 0.0007239724509418011 -0.0036037382669746876 0.02500024624168873
			vertex 0.001378588960506022 -0.005324424244463444 0.02525000087916851
			vertex 0.0005564257735386491 -0.005471781361848116 0.02525000087916851
		endloop
	endfacet
	facet normal 0.0160538011707072 -0.07991109299403028 -0.996672710915911
		outer loop
			vertex 0.0007239724509418011 -0.0036037382669746876 0.02500024624168873
			vertex 0.00030732277082279325 -0.00181475724093616 0.02485009841620922
			vertex 0.0004173859488219023 -0.001792646013200283 0.02485009841620922
		endloop
	endfacet
	facet normal 0.022775654710452592 -0.13449162652495528 -0.9906529523234573
		outer loop
			vertex 0.0007239724509418011 -0.0036037382669746876 0.02500024624168873
			vertex 0.0005564257735386491 -0.005471781361848116 0.02525000087916851
			vertex 0.0005029276362620294 -0.003641171380877495 0.02500024624168873
		endloop
	endfacet
	facet normal 0.013628180745402962 -0.08047523631380603 -0.9966634381925565
		outer loop
			vertex 0.0007239724509418011 -0.0036037382669746876 0.02500024624168873
			vertex 0.0005029276362620294 -0.003641171380877495 0.02500024624168873
			vertex 0.00030732277082279325 -0.00181475724093616 0.02485009841620922
		endloop
	endfacet
	facet normal 0.02079290307592715 -0.017567760397933396 -0.9996294458329428
		outer loop
			vertex 0.0014415320474654436 -0.0011444545816630125 0.02485009841620922
			vertex 0.0013690802734345198 -0.001230207271873951 0.02485009841620922
			vertex -2.071864302475098e-18 -8.854028780204301e-17 0.024800000712275505
		endloop
	endfacet
	facet normal 0.018509005410228433 -0.07949470076473322 -0.996663438312578
		outer loop
			vertex 0.0009423240553587675 -0.0035528987646102905 0.02500024624168873
			vertex 0.0007239724509418011 -0.0036037382669746876 0.02500024624168873
			vertex 0.0004173859488219023 -0.001792646013200283 0.02485009841620922
		endloop
	endfacet
	facet normal 0.020895540025890707 -0.0787837853669152 -0.9966727103569588
		outer loop
			vertex 0.0009423240553587675 -0.0035528987646102905 0.02500024624168873
			vertex 0.0004173859488219023 -0.001792646013200283 0.02485009841620922
			vertex 0.0005258964374661446 -0.0017638661665841937 0.02485009841620922
		endloop
	endfacet
	facet normal 0.030758466934197728 -0.1321051602029767 -0.9907583677969133
		outer loop
			vertex 0.0009423240553587675 -0.0035528987646102905 0.02500024624168873
			vertex 0.001378588960506022 -0.005324424244463444 0.02525000087916851
			vertex 0.0007239724509418011 -0.0036037382669746876 0.02500024624168873
		endloop
	endfacet
	facet normal 0.02182524270937894 -0.01626744609164119 -0.9996294458339712
		outer loop
			vertex 0.0015086212661117315 -0.0010544442338868976 0.02485009841620922
			vertex 0.0014415320474654436 -0.0011444545816630125 0.02485009841620922
			vertex -2.071864302475098e-18 -8.854028780204301e-17 0.024800000712275505
		endloop
	endfacet
	facet normal 0.04424619437220072 -0.129446540904465 -0.9905987418382107
		outer loop
			vertex 0.0011571701616048813 -0.0034888426307588816 0.02500024624168873
			vertex 0.002168957144021988 -0.005054268054664135 0.02525000087916851
			vertex 0.001378588960506022 -0.005324424244463444 0.02525000087916851
		endloop
	endfacet
	facet normal 0.023320759915507052 -0.0782184962047461 -0.9966634381818326
		outer loop
			vertex 0.0011571701616048813 -0.0034888426307588816 0.02500024624168873
			vertex 0.0009423240553587675 -0.0035528987646102905 0.02500024624168873
			vertex 0.0005258964374661446 -0.0017638661665841937 0.02485009841620922
		endloop
	endfacet
	facet normal 0.025659675259872474 -0.07736335206841793 -0.9966727109850536
		outer loop
			vertex 0.0011571701616048813 -0.0034888426307588816 0.02500024624168873
			vertex 0.0005258964374661446 -0.0017638661665841937 0.02485009841620922
			vertex 0.0006324505666270852 -0.0017285245703533292 0.02485009841620922
		endloop
	endfacet
	facet normal 0.03879602998497444 -0.1301229949252689 -0.9907385498955229
		outer loop
			vertex 0.0011571701616048813 -0.0034888426307588816 0.02500024624168873
			vertex 0.001378588960506022 -0.005324424244463444 0.02525000087916851
			vertex 0.0009423240553587675 -0.0035528987646102905 0.02500024624168873
		endloop
	endfacet
	facet normal 0.022776360160202225 -0.014906657188355632 -0.999629445839468
		outer loop
			vertex 0.0015700983349233866 -0.0009605114464648068 0.02485009841620922
			vertex 0.0015086212661117315 -0.0010544442338868976 0.02485009841620922
			vertex -2.071864302475098e-18 -8.854028780204301e-17 0.024800000712275505
		endloop
	endfacet
	facet normal 0.028045959037865498 -0.07665125229249736 -0.9966634385305996
		outer loop
			vertex 0.0013677114620804787 -0.0034118075855076313 0.02500024624168873
			vertex 0.0011571701616048813 -0.0034888426307588816 0.02500024624168873
			vertex 0.0006324505666270852 -0.0017285245703533292 0.02485009841620922
		endloop
	endfacet
	facet normal 0.030328321865941057 -0.07565513940691546 -0.9966727109608833
		outer loop
			vertex 0.0013677114620804787 -0.0034118075855076313 0.02500024624168873
			vertex 0.0006324505666270852 -0.0017285245703533292 0.02485009841620922
			vertex 0.0007366518839262426 -0.001686752773821354 0.02485009841620922
		endloop
	endfacet
	facet normal 0.046771527118371944 -0.1278293290101219 -0.9906927308181067
		outer loop
			vertex 0.0013677114620804787 -0.0034118075855076313 0.02500024624168873
			vertex 0.002168957144021988 -0.005054268054664135 0.02525000087916851
			vertex 0.0011571701616048813 -0.0034888426307588816 0.02500024624168873
		endloop
	endfacet
	facet normal 0.023642773271116354 -0.01349037653161434 -0.9996294458513545
		outer loop
			vertex 0.0016257344977930188 -0.0008630054071545601 0.02485009841620922
			vertex 0.0015700983349233866 -0.0009605114464648068 0.02485009841620922
			vertex -2.071864302475098e-18 -8.854028780204301e-17 0.024800000712275505
		endloop
	endfacet
	facet normal 0.05424077268592773 -0.1241979224187268 -0.990773846367225
		outer loop
			vertex 0.0015731648309156299 -0.0033220802433788776 0.02500024624168873
			vertex 0.002168957144021988 -0.005054268054664135 0.02525000087916851
			vertex 0.0013677114620804787 -0.0034118075855076313 0.02500024624168873
		endloop
	endfacet
	facet normal 0.03266679877936144 -0.07479887065694184 -0.996663438280925
		outer loop
			vertex 0.0015731648309156299 -0.0033220802433788776 0.02500024624168873
			vertex 0.0013677114620804787 -0.0034118075855076313 0.02500024624168873
			vertex 0.0007366518839262426 -0.001686752773821354 0.02485009841620922
		endloop
	endfacet
	facet normal 0.034884115561027364 -0.07366550621468093 -0.9966727104098215
		outer loop
			vertex 0.0015731648309156299 -0.0033220802433788776 0.02500024624168873
			vertex 0.0007366518839262426 -0.001686752773821354 0.02485009841620922
			vertex 0.0008381128427572548 -0.0016387061914429069 0.02485009841620922
		endloop
	endfacet
	facet normal 0.024421226664897554 -0.012023921597392078 -0.9996294458436094
		outer loop
			vertex 0.00167532276827842 -0.000762288982514292 0.02485009841620922
			vertex 0.0016257344977930188 -0.0008630054071545601 0.02485009841620922
			vertex -2.071864302475098e-18 -8.854028780204301e-17 0.024800000712275505
		endloop
	endfacet
	facet normal 0.06331275248094248 -0.12120578209753591 -0.9906062051892324
		outer loop
			vertex 0.0017727658851072192 -0.003219994716346264 0.02500024624168873
			vertex 0.0029093020129948854 -0.004667543340474367 0.02525000087916851
			vertex 0.002168957144021988 -0.005054268054664135 0.02525000087916851
		endloop
	endfacet
	facet normal 0.03931023399758918 -0.071401776848514 -0.9966727104551072
		outer loop
			vertex 0.0017727658851072192 -0.003219994716346264 0.02500024624168873
			vertex 0.0008381128427572548 -0.0016387061914429069 0.02485009841620922
			vertex 0.0009364559664390981 -0.0015845634043216705 0.02485009841620922
		endloop
	endfacet
	facet normal 0.03716603036916475 -0.07266827196211588 -0.9966634378949789
		outer loop
			vertex 0.0017727658851072192 -0.003219994716346264 0.02500024624168873
			vertex 0.0015731648309156299 -0.0033220802433788776 0.02500024624168873
			vertex 0.0008381128427572548 -0.0016387061914429069 0.02485009841620922
		endloop
	endfacet
	facet normal 0.062124679871619265 -0.1214682624866959 -0.9906492746473458
		outer loop
			vertex 0.0017727658851072192 -0.003219994716346264 0.02500024624168873
			vertex 0.002168957144021988 -0.005054268054664135 0.02525000087916851
			vertex 0.0015731648309156299 -0.0033220802433788776 0.02500024624168873
		endloop
	endfacet
	facet normal 0.025108818907466263 -0.01051276380110784 -0.999629445849978
		outer loop
			vertex 0.001718678860925138 -0.0006587367388419807 0.02485009841620922
			vertex 0.00167532276827842 -0.000762288982514292 0.02485009841620922
			vertex -2.071864302475098e-18 -8.854028780204301e-17 0.024800000712275505
		endloop
	endfacet
	facet normal 0.06900529818301279 -0.11676278410365433 -0.9907596686740114
		outer loop
			vertex 0.0019657721277326345 -0.003105930518358946 0.02500024624168873
			vertex 0.0029093020129948854 -0.004667543340474367 0.02525000087916851
			vertex 0.0017727658851072192 -0.003219994716346264 0.02500024624168873
		endloop
	endfacet
	facet normal 0.041527069223393435 -0.07026730332109833 -0.9966634379797907
		outer loop
			vertex 0.0019657721277326345 -0.003105930518358946 0.02500024624168873
			vertex 0.0017727658851072192 -0.003219994716346264 0.02500024624168873
			vertex 0.0009364559664390981 -0.0015845634043216705 0.02485009841620922
		endloop
	endfacet
	facet normal 0.04358999430949515 -0.06887249867304926 -0.9966727102327169
		outer loop
			vertex 0.0019657721277326345 -0.003105930518358946 0.02500024624168873
			vertex 0.0009364559664390981 -0.0015845634043216705 0.02485009841620922
			vertex 0.0010313154198229313 -0.0015245260437950492 0.02485009841620922
		endloop
	endfacet
	facet normal 0.025703026024103605 -0.008962446124712736 -0.9996294458511443
		outer loop
			vertex 0.001755641191266477 -0.0005527340108528733 0.02485009841620922
			vertex 0.001718678860925138 -0.0006587367388419807 0.02485009841620922
			vertex -2.071864302475098e-18 -8.854028780204301e-17 0.024800000712275505
		endloop
	endfacet
	facet normal 0.08096988581118277 -0.11026622232506547 -0.9905984240881285
		outer loop
			vertex 0.0021514655090868473 -0.0029803120996803045 0.02500024624168873
			vertex 0.0035825485829263926 -0.00417316984385252 0.02525000087916851
			vertex 0.0029093020129948854 -0.004667543340474367 0.02525000087916851
		endloop
	endfacet
	facet normal 0.04770771914801217 -0.06608693212571842 -0.9966727100387093
		outer loop
			vertex 0.0021514655090868473 -0.0029803120996803045 0.02500024624168873
			vertex 0.0010313154198229313 -0.0015245260437950492 0.02485009841620922
			vertex 0.001122338231652975 -0.001458817278034985 0.02485009841620922
		endloop
	endfacet
	facet normal 0.04573360283370899 -0.06760495348558294 -0.9966634375936848
		outer loop
			vertex 0.0021514655090868473 -0.0029803120996803045 0.02500024624168873
			vertex 0.0019657721277326345 -0.003105930518358946 0.02500024624168873
			vertex 0.0010313154198229313 -0.0015245260437950492 0.02485009841620922
		endloop
	endfacet
	facet normal 0.07608985134867355 -0.11247858341395435 -0.9907365456037882
		outer loop
			vertex 0.0021514655090868473 -0.0029803120996803045 0.02500024624168873
			vertex 0.0029093020129948854 -0.004667543340474367 0.02525000087916851
			vertex 0.0019657721277326345 -0.003105930518358946 0.02500024624168873
		endloop
	endfacet
	facet normal 0.02620159985612383 -0.007378833139349408 -0.9996294458380471
		outer loop
			vertex 0.0017860725056380033 -0.0004446750390343368 0.02485009841620922
			vertex 0.001755641191266477 -0.0005527340108528733 0.02485009841620922
			vertex -2.071864302475098e-18 -8.854028780204301e-17 0.024800000712275505
		endloop
	endfacet
	facet normal 0.049769947804260896 -0.06469114166964071 -0.9966634379192605
		outer loop
			vertex 0.002329155569896102 -0.0028436067514121532 0.02500024624168873
			vertex 0.0021514655090868473 -0.0029803120996803045 0.02500024624168873
			vertex 0.001122338231652975 -0.001458817278034985 0.02485009841620922
		endloop
	endfacet
	facet normal 0.05164785635691104 -0.06305558595896857 -0.9966727105791083
		outer loop
			vertex 0.002329155569896102 -0.0028436067514121532 0.02500024624168873
			vertex 0.001122338231652975 -0.001458817278034985 0.02485009841620922
			vertex 0.0012091860407963395 -0.0013876815792173147 0.02485009841620922
		endloop
	endfacet
	facet normal 0.08298694385497683 -0.10786670226713033 -0.9906956857136431
		outer loop
			vertex 0.002329155569896102 -0.0028436067514121532 0.02500024624168873
			vertex 0.0035825485829263926 -0.00417316984385252 0.02525000087916851
			vertex 0.0021514655090868473 -0.0029803120996803045 0.02500024624168873
		endloop
	endfacet
	facet normal 0.026602706012945856 -0.0057677584995576205 -0.999629445842148
		outer loop
			vertex 0.0018098595319315791 -0.00033496183459647 0.02485009841620922
			vertex 0.0017860725056380033 -0.0004446750390343368 0.02485009841620922
			vertex -2.071864302475098e-18 -8.854028780204301e-17 0.024800000712275505
		endloop
	endfacet
	facet normal 0.05362123691833983 -0.06153660793476253 -0.9966634380949423
		outer loop
			vertex 0.002498180838301778 -0.002696322975680232 0.02500024624168873
			vertex 0.002329155569896102 -0.0028436067514121532 0.02500024624168873
			vertex 0.0012091860407963395 -0.0013876815792173147 0.02485009841620922
		endloop
	endfacet
	facet normal 0.05539593609570087 -0.05978961615704828 -0.9966727106045766
		outer loop
			vertex 0.002498180838301778 -0.002696322975680232 0.02500024624168873
			vertex 0.0012091860407963395 -0.0013876815792173147 0.02485009841620922
			vertex 0.0012915354454889894 -0.0013113836757838726 0.02485009841620922
		endloop
	endfacet
	facet normal 0.0890358266013511 -0.10217896991184286 -0.9907734754671064
		outer loop
			vertex 0.002498180838301778 -0.002696322975680232 0.02500024624168873
			vertex 0.0035825485829263926 -0.00417316984385252 0.02525000087916851
			vertex 0.002329155569896102 -0.0028436067514121532 0.02500024624168873
		endloop
	endfacet
	facet normal 0.026904847713445253 -0.0041352321057870995 -0.9996294458572876
		outer loop
			vertex 0.001826913794502616 -0.00022400256420951337 0.02485009841620922
			vertex 0.0018098595319315791 -0.00033496183459647 0.02485009841620922
			vertex -2.071864302475098e-18 -8.854028780204301e-17 0.024800000712275505
		endloop
	endfacet
	facet normal 0.09668946395597952 -0.09668946395597952 -0.9906070336514934
		outer loop
			vertex 0.0026579126715660095 -0.002539008855819702 0.02500024624168873
			vertex 0.00417316984385252 -0.0035825485829263926 0.02525000087916851
			vertex 0.0035825485829263926 -0.00417316984385252 0.02525000087916851
		endloop
	endfacet
	facet normal 0.09575339039597239 -0.0972249954598756 -0.99064554129391
		outer loop
			vertex 0.0026579126715660095 -0.002539008855819702 0.02500024624168873
			vertex 0.0035825485829263926 -0.00417316984385252 0.02525000087916851
			vertex 0.002498180838301778 -0.002696322975680232 0.02500024624168873
		endloop
	endfacet
	facet normal 0.05727299172616424 -0.05815320311398634 -0.9966634383714085
		outer loop
			vertex 0.0026579126715660095 -0.002539008855819702 0.02500024624168873
			vertex 0.002498180838301778 -0.002696322975680232 0.02500024624168873
			vertex 0.0012915354454889894 -0.0013113836757838726 0.02485009841620922
		endloop
	endfacet
	facet normal 0.0589379235096336 -0.056301226931571045 -0.996672711083419
		outer loop
			vertex 0.0026579126715660095 -0.002539008855819702 0.02500024624168873
			vertex 0.0012915354454889894 -0.0013113836757838726 0.02485009841620922
			vertex 0.0013690802734345198 -0.001230207271873951 0.02485009841620922
		endloop
	endfacet
	facet normal 0.02710690568597666 -0.002487293394280843 -0.9996294458626669
		outer loop
			vertex 0.0018371717305853963 -0.00011221000022487715 0.02485009841620922
			vertex 0.001826913794502616 -0.00022400256420951337 0.02485009841620922
			vertex -2.071864302475098e-18 -8.854028780204301e-17 0.024800000712275505
		endloop
	endfacet
	facet normal 0.06226058953973021 -0.052603482797665434 -0.9966727108673745
		outer loop
			vertex 0.0028077568858861923 -0.002372249262407422 0.02500024624168873
			vertex 0.0013690802734345198 -0.001230207271873951 0.02485009841620922
			vertex 0.0014415320474654436 -0.0011444545816630125 0.02485009841620922
		endloop
	endfacet
	facet normal 0.10087758371314053 -0.09064499357852766 -0.9907609188110656
		outer loop
			vertex 0.0028077568858861923 -0.002372249262407422 0.02500024624168873
			vertex 0.00417316984385252 -0.0035825485829263926 0.02525000087916851
			vertex 0.0026579126715660095 -0.002539008855819702 0.02500024624168873
		endloop
	endfacet
	facet normal 0.06071174522051554 -0.05455340575269923 -0.9966634386356614
		outer loop
			vertex 0.0028077568858861923 -0.002372249262407422 0.02500024624168873
			vertex 0.0026579126715660095 -0.002539008855819702 0.02500024624168873
			vertex 0.0013690802734345198 -0.001230207271873951 0.02485009841620922
		endloop
	endfacet
	facet normal 0 0 0
		outer loop
			vertex 0.0018405952723696828 -1.0697365041076261e-16 0.02485009841620922
			vertex -2.071864302475098e-18 -8.854028780204301e-17 0.024800000712275505
			vertex -2.071864302475098e-18 -8.854028780204301e-17 0.024800000712275505
		endloop
	endfacet
	facet normal 0.027208121618835686 -0.0008301233495004529 -0.9996294458514111
		outer loop
			vertex 0.0018405952723696828 -1.0697365041076261e-16 0.02485009841620922
			vertex 0.0018371717305853963 -0.00011221000022487715 0.02485009841620922
			vertex -2.071864302475098e-18 -8.854028780204301e-17 0.024800000712275505
		endloop
	endfacet
	facet normal 0.1102678772399597 -0.08097110103618266 -0.9905981405423602
		outer loop
			vertex 0.002947156084701419 -0.0021966646891087294 0.02500024624168873
			vertex 0.004667543340474367 -0.0029093020129948854 0.02525000087916851
			vertex 0.00417316984385252 -0.0035825485829263926 0.02525000087916851
		endloop
	endfacet
	facet normal 0.10636713134745733 -0.08444644430627733 -0.9907344908768139
		outer loop
			vertex 0.002947156084701419 -0.0021966646891087294 0.02500024624168873
			vertex 0.00417316984385252 -0.0035825485829263926 0.02525000087916851
			vertex 0.0028077568858861923 -0.002372249262407422 0.02500024624168873
		endloop
	endfacet
	facet normal 0.0639246196541265 -0.05075070432978446 -0.996663438183676
		outer loop
			vertex 0.002947156084701419 -0.0021966646891087294 0.02500024624168873
			vertex 0.0028077568858861923 -0.002372249262407422 0.02500024624168873
			vertex 0.0014415320474654436 -0.0011444545816630125 0.02485009841620922
		endloop
	endfacet
	facet normal 0.06535174677943925 -0.0487099287685019 -0.9966727105887087
		outer loop
			vertex 0.002947156084701419 -0.0021966646891087294 0.02500024624168873
			vertex 0.0014415320474654436 -0.0011444545816630125 0.02485009841620922
			vertex 0.0015086212661117315 -0.0010544442338868976 0.02485009841620922
		endloop
	endfacet
	facet normal 0.02720812161883571 0.0008301233494988709 -0.9996294458514112
		outer loop
			vertex 0.0018371717305853963 0.00011221000022487715 0.02485009841620922
			vertex 0.0018405952723696828 -1.0697365041076261e-16 0.02485009841620922
			vertex -2.071864302475098e-18 -8.854028780204301e-17 0.024800000712275505
		endloop
	endfacet
	facet normal 0.1115319132630278 -0.07795477691151498 -0.9906985843739581
		outer loop
			vertex 0.003075591754168272 -0.002012908458709717 0.02500024624168873
			vertex 0.004667543340474367 -0.0029093020129948854 0.02525000087916851
			vertex 0.002947156084701419 -0.0021966646891087294 0.02500024624168873
		endloop
	endfacet
	facet normal 0.06819969539121075 -0.044635291697021955 -0.9966727107148404
		outer loop
			vertex 0.003075591754168272 -0.002012908458709717 0.02500024624168873
			vertex 0.0015086212661117315 -0.0010544442338868976 0.02485009841620922
			vertex 0.0015700983349233866 -0.0009605114464648068 0.02485009841620922
		endloop
	endfacet
	facet normal 0.06689965619531878 -0.046759242458830105 -0.9966634383008262
		outer loop
			vertex 0.003075591754168272 -0.002012908458709717 0.02500024624168873
			vertex 0.002947156084701419 -0.0021966646891087294 0.02500024624168873
			vertex 0.0015086212661117315 -0.0010544442338868976 0.02485009841620922
		endloop
	endfacet
	facet normal 0.027106905685976422 0.002487293394280821 -0.9996294458626668
		outer loop
			vertex 0.001826913794502616 0.00022400256420951337 0.02485009841620922
			vertex 0.0018371717305853963 0.00011221000022487715 0.02485009841620922
			vertex -2.071864302475098e-18 -8.854028780204301e-17 0.024800000712275505
		endloop
	endfacet
	facet normal 0.06962586323930894 -0.04259378212935591 -0.996663438123471
		outer loop
			vertex 0.0031925858929753304 -0.0018216641619801521 0.02500024624168873
			vertex 0.003075591754168272 -0.002012908458709717 0.02500024624168873
			vertex 0.0015700983349233866 -0.0009605114464648068 0.02485009841620922
		endloop
	endfacet
	facet normal 0.11561349960023283 -0.07072682454591812 -0.9907730491892874
		outer loop
			vertex 0.0031925858929753304 -0.0018216641619801521 0.02500024624168873
			vertex 0.004667543340474367 -0.0029093020129948854 0.02525000087916851
			vertex 0.003075591754168272 -0.002012908458709717 0.02500024624168873
		endloop
	endfacet
	facet normal 0.07079401569170699 -0.040394496741754125 -0.996672710560103
		outer loop
			vertex 0.0031925858929753304 -0.0018216641619801521 0.02500024624168873
			vertex 0.0015700983349233866 -0.0009605114464648068 0.02485009841620922
			vertex 0.0016257344977930188 -0.0008630054071545601 0.02485009841620922
		endloop
	endfacet
	facet normal 0.02690484771344486 0.004135232105787039 -0.9996294458572876
		outer loop
			vertex 0.0018098595319315791 0.00033496183459647 0.02485009841620922
			vertex 0.001826913794502616 0.00022400256420951337 0.02485009841620922
			vertex -2.071864302475098e-18 -8.854028780204301e-17 0.024800000712275505
		endloop
	endfacet
	facet normal 0.07312495647097099 -0.03600346352312733 -0.9966727102491858
		outer loop
			vertex 0.003297703340649605 -0.001623643096536398 0.02500024624168873
			vertex 0.0016257344977930188 -0.0008630054071545601 0.02485009841620922
			vertex 0.00167532276827842 -0.000762288982514292 0.02485009841620922
		endloop
	endfacet
	facet normal 0.12119489928158367 -0.06330706776012508 -0.9906079000087481
		outer loop
			vertex 0.003297703340649605 -0.001623643096536398 0.02500024624168873
			vertex 0.005054268054664135 -0.002168957144021988 0.02525000087916851
			vertex 0.004667543340474367 -0.0029093020129948854 0.02525000087916851
		endloop
	endfacet
	facet normal 0.12055503639038773 -0.0639954022125808 -0.9906417474024415
		outer loop
			vertex 0.003297703340649605 -0.001623643096536398 0.02500024624168873
			vertex 0.004667543340474367 -0.0029093020129948854 0.02525000087916851
			vertex 0.0031925858929753304 -0.0018216641619801521 0.02500024624168873
		endloop
	endfacet
	facet normal 0.07209305995694952 -0.03826986003090409 -0.9966634379364273
		outer loop
			vertex 0.003297703340649605 -0.001623643096536398 0.02500024624168873
			vertex 0.0031925858929753304 -0.0018216641619801521 0.02500024624168873
			vertex 0.0016257344977930188 -0.0008630054071545601 0.02485009841620922
		endloop
	endfacet
	facet normal 0.02660270601294531 0.005767758499557502 -0.9996294458421479
		outer loop
			vertex 0.0017860725056380033 0.0004446750390343368 0.02485009841620922
			vertex 0.0018098595319315791 0.00033496183459647 0.02485009841620922
			vertex -2.071864302475098e-18 -8.854028780204301e-17 0.024800000712275505
		endloop
	endfacet
	facet normal 0.12343434981012148 -0.05616398401261327 -0.9907621148322051
		outer loop
			vertex 0.003390553407371044 -0.001419581938534975 0.02500024624168873
			vertex 0.005054268054664135 -0.002168957144021988 0.02525000087916851
			vertex 0.003297703340649605 -0.001623643096536398 0.02500024624168873
		endloop
	endfacet
	facet normal 0.07518382278719733 -0.03147857227131968 -0.9966727107124297
		outer loop
			vertex 0.003390553407371044 -0.001419581938534975 0.02500024624168873
			vertex 0.00167532276827842 -0.000762288982514292 0.02485009841620922
			vertex 0.001718678860925138 -0.0006587367388419807 0.02485009841620922
		endloop
	endfacet
	facet normal 0.0742920077287729 -0.03380367896588215 -0.9966634381153949
		outer loop
			vertex 0.003390553407371044 -0.001419581938534975 0.02500024624168873
			vertex 0.003297703340649605 -0.001623643096536398 0.02500024624168873
			vertex 0.00167532276827842 -0.000762288982514292 0.02485009841620922
		endloop
	endfacet
	facet normal 0.02620159985612315 0.007378833139349217 -0.9996294458380472
		outer loop
			vertex 0.001755641191266477 0.0005527340108528733 0.02485009841620922
			vertex 0.0017860725056380033 0.0004446750390343368 0.02485009841620922
			vertex -2.071864302475098e-18 -8.854028780204301e-17 0.024800000712275505
		endloop
	endfacet
	facet normal 0.07696307224665885 -0.026836427273434625 -0.996672710412778
		outer loop
			vertex 0.003470790106803179 -0.0012102399487048388 0.02500024624168873
			vertex 0.001718678860925138 -0.0006587367388419807 0.02485009841620922
			vertex 0.001755641191266477 -0.0005527340108528733 0.02485009841620922
		endloop
	endfacet
	facet normal 0.12945234249148085 -0.04424817741589564 -0.9905978951213454
		outer loop
			vertex 0.003470790106803179 -0.0012102399487048388 0.02500024624168873
			vertex 0.005324424244463444 -0.001378588960506022 0.02525000087916851
			vertex 0.005054268054664135 -0.002168957144021988 0.02525000087916851
		endloop
	endfacet
	facet normal 0.07621465917803914 -0.02921159154813087 -0.9966634379998098
		outer loop
			vertex 0.003470790106803179 -0.0012102399487048388 0.02500024624168873
			vertex 0.003390553407371044 -0.001419581938534975 0.02500024624168873
			vertex 0.001718678860925138 -0.0006587367388419807 0.02485009841620922
		endloop
	endfacet
	facet normal 0.12683146198436535 -0.04861202428636104 -0.9907323812946113
		outer loop
			vertex 0.003470790106803179 -0.0012102399487048388 0.02500024624168873
			vertex 0.005054268054664135 -0.002168957144021988 0.02525000087916851
			vertex 0.003390553407371044 -0.001419581938534975 0.02500024624168873
		endloop
	endfacet
	facet normal 0.025703026024102793 0.008962446124712451 -0.9996294458511444
		outer loop
			vertex 0.001718678860925138 0.0006587367388419807 0.02485009841620922
			vertex 0.001755641191266477 0.0005527340108528733 0.02485009841620922
			vertex -2.071864302475098e-18 -8.854028780204301e-17 0.024800000712275505
		endloop
	endfacet
	facet normal 0.0784559564500032 -0.022094582567916517 -0.9966727107323972
		outer loop
			vertex 0.0035381154157221317 -0.0009963957127183676 0.02500024624168873
			vertex 0.001755641191266477 -0.0005527340108528733 0.02485009841620922
			vertex 0.0017860725056380033 -0.0004446750390343368 0.02485009841620922
		endloop
	endfacet
	facet normal 0.12977425833017905 -0.04085727160941601 -0.9907014309222968
		outer loop
			vertex 0.0035381154157221317 -0.0009963957127183676 0.02500024624168873
			vertex 0.005324424244463444 -0.001378588960506022 0.02525000087916851
			vertex 0.003470790106803179 -0.0012102399487048388 0.02500024624168873
		endloop
	endfacet
	facet normal 0.07785373468881666 -0.024510956370834277 -0.9966634381840194
		outer loop
			vertex 0.0035381154157221317 -0.0009963957127183676 0.02500024624168873
			vertex 0.003470790106803179 -0.0012102399487048388 0.02500024624168873
			vertex 0.001755641191266477 -0.0005527340108528733 0.02485009841620922
		endloop
	endfacet
	facet normal 0.025108818907465337 0.01051276380110745 -0.9996294458499783
		outer loop
			vertex 0.00167532276827842 0.000762288982514292 0.02485009841620922
			vertex 0.001718678860925138 0.0006587367388419807 0.02485009841620922
			vertex -2.071864302475098e-18 -8.854028780204301e-17 0.024800000712275505
		endloop
	endfacet
	facet normal 0.07920322228260487 -0.01971904340940484 -0.9966634381309823
		outer loop
			vertex 0.0035922785755246878 -0.0007788447546772659 0.02500024624168873
			vertex 0.0035381154157221317 -0.0009963957127183676 0.02500024624168873
			vertex 0.0017860725056380033 -0.0004446750390343368 0.02485009841620922
		endloop
	endfacet
	facet normal 0.07965700073064778 -0.017270511608476213 -0.9966727104036606
		outer loop
			vertex 0.0035922785755246878 -0.0007788447546772659 0.02500024624168873
			vertex 0.0017860725056380033 -0.0004446750390343368 0.02485009841620922
			vertex 0.0018098595319315791 -0.00033496183459647 0.02485009841620922
		endloop
	endfacet
	facet normal 0.1315200445751126 -0.032744241881091936 -0.9907725735498502
		outer loop
			vertex 0.0035922785755246878 -0.0007788447546772659 0.02500024624168873
			vertex 0.005324424244463444 -0.001378588960506022 0.02525000087916851
			vertex 0.0035381154157221317 -0.0009963957127183676 0.02500024624168873
		endloop
	endfacet
	facet normal 0.024421226664896517 0.012023921597391567 -0.9996294458436094
		outer loop
			vertex 0.0016257344977930188 0.0008630054071545601 0.02485009841620922
			vertex 0.00167532276827842 0.000762288982514292 0.02485009841620922
			vertex -2.071864302475098e-18 -8.854028780204301e-17 0.024800000712275505
		endloop
	endfacet
	facet normal 0.1342360446919062 -0.024843971128074762 -0.9906379063028328
		outer loop
			vertex 0.00363307842053473 -0.0005583965103141963 0.02500024624168873
			vertex 0.005324424244463444 -0.001378588960506022 0.02525000087916851
			vertex 0.0035922785755246878 -0.0007788447546772659 0.02500024624168873
		endloop
	endfacet
	facet normal 0.13458219542707164 -0.024121299376812032 -0.990608800480999
		outer loop
			vertex 0.00363307842053473 -0.0005583965103141963 0.02500024624168873
			vertex 0.005471781361848116 -0.0005564257735386491 0.02525000087916851
			vertex 0.005324424244463444 -0.001378588960506022 0.02525000087916851
		endloop
	endfacet
	facet normal 0.08056170712278976 -0.012382205665661344 -0.9966727107372386
		outer loop
			vertex 0.00363307842053473 -0.0005583965103141963 0.02500024624168873
			vertex 0.0018098595319315791 -0.00033496183459647 0.02485009841620922
			vertex 0.001826913794502616 -0.00022400256420951337 0.02485009841620922
		endloop
	endfacet
	facet normal 0.08025803879094823 -0.014853897126473115 -0.9966634381523118
		outer loop
			vertex 0.00363307842053473 -0.0005583965103141963 0.02500024624168873
			vertex 0.0035922785755246878 -0.0007788447546772659 0.02500024624168873
			vertex 0.0018098595319315791 -0.00033496183459647 0.02485009841620922
		endloop
	endfacet
	facet normal 0.023642773271115233 0.0134903765316137 -0.9996294458513546
		outer loop
			vertex 0.0015700983349233866 0.0009605114464648068 0.02485009841620922
			vertex 0.0016257344977930188 0.0008630054071545601 0.02485009841620922
			vertex -2.071864302475098e-18 -8.854028780204301e-17 0.024800000712275505
		endloop
	endfacet
	facet normal 0.13459501046492237 -0.016502938418606766 -0.9907632594023152
		outer loop
			vertex 0.0036603626795113087 -0.00033587098005227745 0.02500024624168873
			vertex 0.005471781361848116 -0.0005564257735386491 0.02525000087916851
			vertex 0.00363307842053473 -0.0005583965103141963 0.02500024624168873
		endloop
	endfacet
	facet normal 0.08116674164121579 -0.007447751604637714 -0.9966727100946348
		outer loop
			vertex 0.0036603626795113087 -0.00033587098005227745 0.02500024624168873
			vertex 0.001826913794502616 -0.00022400256420951337 0.02485009841620922
			vertex 0.0018371717305853963 -0.00011221000022487715 0.02485009841620922
		endloop
	endfacet
	facet normal 0.08101432503390012 -0.009933313370541944 -0.9966634378890319
		outer loop
			vertex 0.0036603626795113087 -0.00033587098005227745 0.02500024624168873
			vertex 0.00363307842053473 -0.0005583965103141963 0.02500024624168873
			vertex 0.001826913794502616 -0.00022400256420951337 0.02485009841620922
		endloop
	endfacet
	facet normal 0.022776360160201025 0.014906657188354846 -0.9996294458394681
		outer loop
			vertex 0.0015086212661117315 0.0010544442338868976 0.02485009841620922
			vertex 0.0015700983349233866 0.0009605114464648068 0.02485009841620922
			vertex -2.071864302475098e-18 -8.854028780204301e-17 0.024800000712275505
		endloop
	endfacet
	facet normal 0.135591470005523 -0.008281592667058621 -0.9907302198301203
		outer loop
			vertex 0.003674030303955078 -0.00011209599324502051 0.02500024624168873
			vertex 0.005471781361848116 -0.0005564257735386491 0.02525000087916851
			vertex 0.0036603626795113087 -0.00033587098005227745 0.02500024624168873
		endloop
	endfacet
	facet normal 0.13676334205958088 -0.003465721516726977 -0.9905976867745364
		outer loop
			vertex 0.003674030303955078 -0.00011209599324502051 0.02500024624168873
			vertex 0.00549294101074338 0.0002785704273264855 0.02525000087916851
			vertex 0.005471781361848116 -0.0005564257735386491 0.02525000087916851
		endloop
	endfacet
	facet normal 0.08146920909627574 -0.0049759384171828855 -0.9966634376789869
		outer loop
			vertex 0.003674030303955078 -0.00011209599324502051 0.02500024624168873
			vertex 0.0036603626795113087 -0.00033587098005227745 0.02500024624168873
			vertex 0.0018371717305853963 -0.00011221000022487715 0.02485009841620922
		endloop
	endfacet
	facet normal 0.08146981248129652 -0.0024856546353177376 -0.9966727101588045
		outer loop
			vertex 0.003674030303955078 -0.00011209599324502051 0.02500024624168873
			vertex 0.0018371717305853963 -0.00011221000022487715 0.02485009841620922
			vertex 0.0018405952723696828 -1.0697365041076261e-16 0.02485009841620922
		endloop
	endfacet
	facet normal 0.02182524270937769 0.016267446091640256 -0.9996294458339712
		outer loop
			vertex 0.0014415320474654436 0.0011444545816630125 0.02485009841620922
			vertex 0.0015086212661117315 0.0010544442338868976 0.02485009841620922
			vertex -2.071864302475098e-18 -8.854028780204301e-17 0.024800000712275505
		endloop
	endfacet
	facet normal 0.1360336015214359 0 -0.9907042239019209
		outer loop
			vertex 0.003674030303955078 0.00011209599324502051 0.02500024624168873
			vertex 0.00549294101074338 0.0002785704273264855 0.02525000087916851
			vertex 0.003674030303955078 -0.00011209599324502051 0.02500024624168873
		endloop
	endfacet
	facet normal 0.0816210257444207 0 -0.996663437754405
		outer loop
			vertex 0.003674030303955078 0.00011209599324502051 0.02500024624168873
			vertex 0.003674030303955078 -0.00011209599324502051 0.02500024624168873
			vertex 0.0018405952723696828 -1.0697365041076261e-16 0.02485009841620922
		endloop
	endfacet
	facet normal 0.08146981248129652 0.0024856546353129987 -0.9966727101588045
		outer loop
			vertex 0.003674030303955078 0.00011209599324502051 0.02500024624168873
			vertex 0.0018405952723696828 -1.0697365041076261e-16 0.02485009841620922
			vertex 0.0018371717305853963 0.00011221000022487715 0.02485009841620922
		endloop
	endfacet
	facet normal 0.02079290307592586 0.017567760397932303 -0.9996294458329427
		outer loop
			vertex 0.0013690802734345198 0.001230207271873951 0.02485009841620922
			vertex 0.0014415320474654436 0.0011444545816630125 0.02485009841620922
			vertex -2.071864302475098e-18 -8.854028780204301e-17 0.024800000712275505
		endloop
	endfacet
	facet normal 0.13528665145853747 0.008262975101784082 -0.9907720450131824
		outer loop
			vertex 0.0036603626795113087 0.00033587098005227745 0.02500024624168873
			vertex 0.00549294101074338 0.0002785704273264855 0.02525000087916851
			vertex 0.003674030303955078 0.00011209599324502051 0.02500024624168873
		endloop
	endfacet
	facet normal 0.08116674164121579 0.007447751604637714 -0.9966727100946348
		outer loop
			vertex 0.0036603626795113087 0.00033587098005227745 0.02500024624168873
			vertex 0.0018371717305853963 0.00011221000022487715 0.02485009841620922
			vertex 0.001826913794502616 0.00022400256420951337 0.02485009841620922
		endloop
	endfacet
	facet normal 0.08146920909627574 0.0049759384171828855 -0.9966634376789869
		outer loop
			vertex 0.0036603626795113087 0.00033587098005227745 0.02500024624168873
			vertex 0.003674030303955078 0.00011209599324502051 0.02500024624168873
			vertex 0.0018371717305853963 0.00011221000022487715 0.02485009841620922
		endloop
	endfacet
	facet normal 0.019683247127448705 0.01880268080858916 -0.99962944583327
		outer loop
			vertex 0.0012915354454889894 0.0013113836757838726 0.02485009841620922
			vertex 0.0013690802734345198 0.001230207271873951 0.02485009841620922
			vertex -2.071864302475098e-18 -8.854028780204301e-17 0.024800000712275505
		endloop
	endfacet
	facet normal 0.13562444011054345 0.01727303752228059 -0.9906097382014047
		outer loop
			vertex 0.00363307842053473 0.0005583965103141963 0.02500024624168873
			vertex 0.005387414712458849 0.0011071418412029743 0.02525000087916851
			vertex 0.00549294101074338 0.0002785704273264855 0.02525000087916851
		endloop
	endfacet
	facet normal 0.13552906445982993 0.016617464473505587 -0.990634005352691
		outer loop
			vertex 0.00363307842053473 0.0005583965103141963 0.02500024624168873
			vertex 0.00549294101074338 0.0002785704273264855 0.02525000087916851
			vertex 0.0036603626795113087 0.00033587098005227745 0.02500024624168873
		endloop
	endfacet
	facet normal 0.08101432503390012 0.009933313370541944 -0.9966634378890319
		outer loop
			vertex 0.00363307842053473 0.0005583965103141963 0.02500024624168873
			vertex 0.0036603626795113087 0.00033587098005227745 0.02500024624168873
			vertex 0.001826913794502616 0.00022400256420951337 0.02485009841620922
		endloop
	endfacet
	facet normal 0.08056170712278976 0.012382205665661344 -0.9966727107372386
		outer loop
			vertex 0.00363307842053473 0.0005583965103141963 0.02500024624168873
			vertex 0.001826913794502616 0.00022400256420951337 0.02485009841620922
			vertex 0.0018098595319315791 0.00033496183459647 0.02485009841620922
		endloop
	endfacet
	facet normal 0.018500342911050988 0.01996768137494027 -0.9996294458511528
		outer loop
			vertex 0.0012091860407963395 0.0013876815792173147 0.02485009841620922
			vertex 0.0012915354454889894 0.0013113836757838726 0.02485009841620922
			vertex -2.071864302475098e-18 -8.854028780204301e-17 0.024800000712275505
		endloop
	endfacet
	facet normal 0.08025803879094823 0.014853897126473115 -0.9966634381523118
		outer loop
			vertex 0.0035922785755246878 0.0007788447546772659 0.02500024624168873
			vertex 0.00363307842053473 0.0005583965103141963 0.02500024624168873
			vertex 0.0018098595319315791 0.00033496183459647 0.02485009841620922
		endloop
	endfacet
	facet normal 0.1333307206864219 0.02467641670179956 -0.9907643480565895
		outer loop
			vertex 0.0035922785755246878 0.0007788447546772659 0.02500024624168873
			vertex 0.005387414712458849 0.0011071418412029743 0.02525000087916851
			vertex 0.00363307842053473 0.0005583965103141963 0.02500024624168873
		endloop
	endfacet
	facet normal 0.07965700073064778 0.017270511608476213 -0.9966727104036606
		outer loop
			vertex 0.0035922785755246878 0.0007788447546772659 0.02500024624168873
			vertex 0.0018098595319315791 0.00033496183459647 0.02485009841620922
			vertex 0.0017860725056380033 0.0004446750390343368 0.02485009841620922
		endloop
	endfacet
	facet normal 0.017248612764959665 0.021058403225061268 -0.9996294458504588
		outer loop
			vertex 0.001122338231652975 0.001458817278034985 0.02485009841620922
			vertex 0.0012091860407963395 0.0013876815792173147 0.02485009841620922
			vertex -2.071864302475098e-18 -8.854028780204301e-17 0.024800000712275505
		endloop
	endfacet
	facet normal 0.1318358301665882 0.03282286229080398 -0.9907280018225617
		outer loop
			vertex 0.0035381154157221317 0.0009963957127183676 0.02500024624168873
			vertex 0.005387414712458849 0.0011071418412029743 0.02525000087916851
			vertex 0.0035922785755246878 0.0007788447546772659 0.02500024624168873
		endloop
	endfacet
	facet normal 0.13153000238955723 0.03763546058565811 -0.9905975118976974
		outer loop
			vertex 0.0035381154157221317 0.0009963957127183676 0.02500024624168873
			vertex 0.005157636944204569 0.0019101789221167564 0.02525000087916851
			vertex 0.005387414712458849 0.0011071418412029743 0.02525000087916851
		endloop
	endfacet
	facet normal 0.07920322228260487 0.01971904340940484 -0.9966634381309823
		outer loop
			vertex 0.0035381154157221317 0.0009963957127183676 0.02500024624168873
			vertex 0.0035922785755246878 0.0007788447546772659 0.02500024624168873
			vertex 0.0017860725056380033 0.0004446750390343368 0.02485009841620922
		endloop
	endfacet
	facet normal 0.0784559564500032 0.022094582567916517 -0.9966727107323972
		outer loop
			vertex 0.0035381154157221317 0.0009963957127183676 0.02500024624168873
			vertex 0.0017860725056380033 0.0004446750390343368 0.02485009841620922
			vertex 0.001755641191266477 0.0005527340108528733 0.02485009841620922
		endloop
	endfacet
	facet normal 0.01593274062567256 0.022070766892853477 -0.999629445857272
		outer loop
			vertex 0.0010313154198229313 0.0015245260437950492 0.02485009841620922
			vertex 0.001122338231652975 0.001458817278034985 0.02485009841620922
			vertex -2.071864302475098e-18 -8.854028780204301e-17 0.024800000712275505
		endloop
	endfacet
	facet normal 0.07696307224665885 0.026836427273434625 -0.996672710412778
		outer loop
			vertex 0.003470790106803179 0.0012102399487048388 0.02500024624168873
			vertex 0.001755641191266477 0.0005527340108528733 0.02485009841620922
			vertex 0.001718678860925138 0.0006587367388419807 0.02485009841620922
		endloop
	endfacet
	facet normal 0.07785373468881666 0.024510956370834277 -0.9966634381840194
		outer loop
			vertex 0.003470790106803179 0.0012102399487048388 0.02500024624168873
			vertex 0.0035381154157221317 0.0009963957127183676 0.02500024624168873
			vertex 0.001755641191266477 0.0005527340108528733 0.02485009841620922
		endloop
	endfacet
	facet normal 0.12973585846078292 0.04084518204778899 -0.9907069587587073
		outer loop
			vertex 0.003470790106803179 0.0012102399487048388 0.02500024624168873
			vertex 0.005157636944204569 0.0019101789221167564 0.02525000087916851
			vertex 0.0035381154157221317 0.0009963957127183676 0.02500024624168873
		endloop
	endfacet
	facet normal 0.014557562295189544 0.02300105117563356 -0.9996294458572326
		outer loop
			vertex 0.0009364559664390981 0.0015845634043216705 0.02485009841620922
			vertex 0.0010313154198229313 0.0015245260437950492 0.02485009841620922
			vertex -2.071864302475098e-18 -8.854028780204301e-17 0.024800000712275505
		endloop
	endfacet
	facet normal 0.07518382278719733 0.03147857227131968 -0.9966727107124297
		outer loop
			vertex 0.003390553407371044 0.001419581938534975 0.02500024624168873
			vertex 0.001718678860925138 0.0006587367388419807 0.02485009841620922
			vertex 0.00167532276827842 0.000762288982514292 0.02485009841620922
		endloop
	endfacet
	facet normal 0.1265650158826827 0.048509900695231895 -0.9907714601708888
		outer loop
			vertex 0.003390553407371044 0.001419581938534975 0.02500024624168873
			vertex 0.005157636944204569 0.0019101789221167564 0.02525000087916851
			vertex 0.003470790106803179 0.0012102399487048388 0.02500024624168873
		endloop
	endfacet
	facet normal 0.07621465917803914 0.02921159154813087 -0.9966634379998098
		outer loop
			vertex 0.003390553407371044 0.001419581938534975 0.02500024624168873
			vertex 0.003470790106803179 0.0012102399487048388 0.02500024624168873
			vertex 0.001718678860925138 0.0006587367388419807 0.02485009841620922
		endloop
	endfacet
	facet normal 0.013128269688802709 0.023845744158747288 -0.9996294458550598
		outer loop
			vertex 0.0008381128427572548 0.0016387061914429069 0.02485009841620922
			vertex 0.0009364559664390981 0.0015845634043216705 0.02485009841620922
			vertex -2.071864302475098e-18 -8.854028780204301e-17 0.024800000712275505
		endloop
	endfacet
	facet normal 0.07312495647097099 0.03600346352312733 -0.9966727102491858
		outer loop
			vertex 0.003297703340649605 0.001623643096536398 0.02500024624168873
			vertex 0.00167532276827842 0.000762288982514292 0.02485009841620922
			vertex 0.0016257344977930188 0.0008630054071545601 0.02485009841620922
		endloop
	endfacet
	facet normal 0.12422727005040347 0.05707888574205232 -0.9906107137409074
		outer loop
			vertex 0.003297703340649605 0.001623643096536398 0.02500024624168873
			vertex 0.004808906465768814 0.002669160719960928 0.02525000087916851
			vertex 0.005157636944204569 0.0019101789221167564 0.02525000087916851
		endloop
	endfacet
	facet normal 0.12430946852472052 0.05656217263329695 -0.9906300402582706
		outer loop
			vertex 0.003297703340649605 0.001623643096536398 0.02500024624168873
			vertex 0.005157636944204569 0.0019101789221167564 0.02525000087916851
			vertex 0.003390553407371044 0.001419581938534975 0.02500024624168873
		endloop
	endfacet
	facet normal 0.0742920077287729 0.03380367896588215 -0.9966634381153949
		outer loop
			vertex 0.003297703340649605 0.001623643096536398 0.02500024624168873
			vertex 0.003390553407371044 0.001419581938534975 0.02500024624168873
			vertex 0.00167532276827842 0.000762288982514292 0.02485009841620922
		endloop
	endfacet
	facet normal 0.011650097912556525 0.024601752011676893 -0.9996294458531042
		outer loop
			vertex 0.0007366518839262426 0.001686752773821354 0.02485009841620922
			vertex 0.0008381128427572548 0.0016387061914429069 0.02485009841620922
			vertex -2.071864302475098e-18 -8.854028780204301e-17 0.024800000712275505
		endloop
	endfacet
	facet normal 0.07079401569170699 0.040394496741754125 -0.996672710560103
		outer loop
			vertex 0.0031925858929753304 0.0018216641619801521 0.02500024624168873
			vertex 0.0016257344977930188 0.0008630054071545601 0.02485009841620922
			vertex 0.0015700983349233866 0.0009605114464648068 0.02485009841620922
		endloop
	endfacet
	facet normal 0.11975975275985522 0.06357323406985634 -0.9907653836952509
		outer loop
			vertex 0.0031925858929753304 0.0018216641619801521 0.02500024624168873
			vertex 0.004808906465768814 0.002669160719960928 0.02525000087916851
			vertex 0.003297703340649605 0.001623643096536398 0.02500024624168873
		endloop
	endfacet
	facet normal 0.07209305995694952 0.03826986003090409 -0.9966634379364273
		outer loop
			vertex 0.0031925858929753304 0.0018216641619801521 0.02500024624168873
			vertex 0.003297703340649605 0.001623643096536398 0.02500024624168873
			vertex 0.0016257344977930188 0.0008630054071545601 0.02485009841620922
		endloop
	endfacet
	facet normal 0.010128620095934406 0.025266223721337643 -0.9996294458417158
		outer loop
			vertex 0.0006324505666270852 0.0017285245703533292 0.02485009841620922
			vertex 0.0007366518839262426 0.001686752773821354 0.02485009841620922
			vertex -2.071864302475098e-18 -8.854028780204301e-17 0.024800000712275505
		endloop
	endfacet
	facet normal 0.06819969539121075 0.044635291697021955 -0.9966727107148404
		outer loop
			vertex 0.003075591754168272 0.002012908458709717 0.02500024624168873
			vertex 0.0015700983349233866 0.0009605114464648068 0.02485009841620922
			vertex 0.0015086212661117315 0.0010544442338868976 0.02485009841620922
		endloop
	endfacet
	facet normal 0.11423208513549585 0.07528527864686661 -0.9905973740852844
		outer loop
			vertex 0.003075591754168272 0.002012908458709717 0.02500024624168873
			vertex 0.004349266644567251 0.0033665827941149473 0.02525000087916851
			vertex 0.004808906465768814 0.002669160719960928 0.02525000087916851
		endloop
	endfacet
	facet normal 0.11590820325432614 0.07090711018477666 -0.9907257290207001
		outer loop
			vertex 0.003075591754168272 0.002012908458709717 0.02500024624168873
			vertex 0.004808906465768814 0.002669160719960928 0.02525000087916851
			vertex 0.0031925858929753304 0.0018216641619801521 0.02500024624168873
		endloop
	endfacet
	facet normal 0.06962586323930894 0.04259378212935591 -0.996663438123471
		outer loop
			vertex 0.003075591754168272 0.002012908458709717 0.02500024624168873
			vertex 0.0031925858929753304 0.0018216641619801521 0.02500024624168873
			vertex 0.0015700983349233866 0.0009605114464648068 0.02485009841620922
		endloop
	endfacet
	facet normal 0.00856945216886258 0.025836708316022486 -0.9996294458412669
		outer loop
			vertex 0.0005258964374661446 0.0017638661665841937 0.02485009841620922
			vertex 0.0006324505666270852 0.0017285245703533292 0.02485009841620922
			vertex -2.071864302475098e-18 -8.854028780204301e-17 0.024800000712275505
		endloop
	endfacet
	facet normal 0.06535174677943925 0.0487099287685019 -0.9966727105887087
		outer loop
			vertex 0.002947156084701419 0.0021966646891087294 0.02500024624168873
			vertex 0.0015086212661117315 0.0010544442338868976 0.02485009841620922
			vertex 0.0014415320474654436 0.0011444545816630125 0.02485009841620922
		endloop
	endfacet
	facet normal 0.11146593853568425 0.07790866414431322 -0.9907096368753096
		outer loop
			vertex 0.002947156084701419 0.0021966646891087294 0.02500024624168873
			vertex 0.004349266644567251 0.0033665827941149473 0.02525000087916851
			vertex 0.003075591754168272 0.002012908458709717 0.02500024624168873
		endloop
	endfacet
	facet normal 0.06689965619531878 0.046759242458830105 -0.9966634383008262
		outer loop
			vertex 0.002947156084701419 0.0021966646891087294 0.02500024624168873
			vertex 0.003075591754168272 0.002012908458709717 0.02500024624168873
			vertex 0.0015086212661117315 0.0010544442338868976 0.02485009841620922
		endloop
	endfacet
	facet normal 0.006978393688339916 0.026311082167141654 -0.9996294458331672
		outer loop
			vertex 0.0004173859488219023 0.001792646013200283 0.02485009841620922
			vertex 0.0005258964374661446 0.0017638661665841937 0.02485009841620922
			vertex -2.071864302475098e-18 -8.854028780204301e-17 0.024800000712275505
		endloop
	endfacet
	facet normal 0.06226058953973021 0.052603482797665434 -0.9966727108673745
		outer loop
			vertex 0.0028077568858861923 0.002372249262407422 0.02500024624168873
			vertex 0.0014415320474654436 0.0011444545816630125 0.02485009841620922
			vertex 0.0013690802734345198 0.001230207271873951 0.02485009841620922
		endloop
	endfacet
	facet normal 0.0639246196541265 0.05075070432978446 -0.996663438183676
		outer loop
			vertex 0.0028077568858861923 0.002372249262407422 0.02500024624168873
			vertex 0.002947156084701419 0.0021966646891087294 0.02500024624168873
			vertex 0.0014415320474654436 0.0011444545816630125 0.02485009841620922
		endloop
	endfacet
	facet normal 0.10615936200028449 0.08428149313778835 -0.9907708210147075
		outer loop
			vertex 0.0028077568858861923 0.002372249262407422 0.02500024624168873
			vertex 0.004349266644567251 0.0033665827941149473 0.02525000087916851
			vertex 0.002947156084701419 0.0021966646891087294 0.02500024624168873
		endloop
	endfacet
	facet normal 0.005361419340120541 0.026687566073144008 -0.9996294458446846
		outer loop
			vertex 0.00030732277082279325 0.00181475724093616 0.02485009841620922
			vertex 0.0004173859488219023 0.001792646013200283 0.02485009841620922
			vertex -2.071864302475098e-18 -8.854028780204301e-17 0.024800000712275505
		endloop
	endfacet
	facet normal 0.06071174522051554 0.05455340575269923 -0.9966634386356614
		outer loop
			vertex 0.0026579126715660095 0.002539008855819702 0.02500024624168873
			vertex 0.0028077568858861923 0.002372249262407422 0.02500024624168873
			vertex 0.0013690802734345198 0.001230207271873951 0.02485009841620922
		endloop
	endfacet
	facet normal 0.10143741492940436 0.09164534194090188 -0.9906117211869517
		outer loop
			vertex 0.0026579126715660095 0.002539008855819702 0.02500024624168873
			vertex 0.0037893180269747972 0.003986360505223274 0.02525000087916851
			vertex 0.004349266644567251 0.0033665827941149473 0.02525000087916851
		endloop
	endfacet
	facet normal 0.10160789999766298 0.09130122970635837 -0.990626024346308
		outer loop
			vertex 0.0026579126715660095 0.002539008855819702 0.02500024624168873
			vertex 0.004349266644567251 0.0033665827941149473 0.02525000087916851
			vertex 0.0028077568858861923 0.002372249262407422 0.02500024624168873
		endloop
	endfacet
	facet normal 0.0589379235096336 0.056301226931571045 -0.996672711083419
		outer loop
			vertex 0.0026579126715660095 0.002539008855819702 0.02500024624168873
			vertex 0.0013690802734345198 0.001230207271873951 0.02485009841620922
			vertex 0.0012915354454889894 0.0013113836757838726 0.02485009841620922
		endloop
	endfacet
	facet normal 0.0037244340451696753 0.026964783789076623 -0.9996294458579397
		outer loop
			vertex 0.00019611635070759803 0.0018301173113286495 0.02485009841620922
			vertex 0.00030732277082279325 0.00181475724093616 0.02485009841620922
			vertex -2.071864302475098e-18 -8.854028780204301e-17 0.024800000712275505
		endloop
	endfacet
	facet normal 0.09513587373817764 0.09659798837425478 -0.9907663670967646
		outer loop
			vertex 0.002498180838301778 0.002696322975680232 0.02500024624168873
			vertex 0.0037893180269747972 0.003986360505223274 0.02525000087916851
			vertex 0.0026579126715660095 0.002539008855819702 0.02500024624168873
		endloop
	endfacet
	facet normal 0.05539593609570087 0.05978961615704828 -0.9966727106045766
		outer loop
			vertex 0.002498180838301778 0.002696322975680232 0.02500024624168873
			vertex 0.0012915354454889894 0.0013113836757838726 0.02485009841620922
			vertex 0.0012091860407963395 0.0013876815792173147 0.02485009841620922
		endloop
	endfacet
	facet normal 0.05727299172616424 0.05815320311398634 -0.9966634383714085
		outer loop
			vertex 0.002498180838301778 0.002696322975680232 0.02500024624168873
			vertex 0.0026579126715660095 0.002539008855819702 0.02500024624168873
			vertex 0.0012915354454889894 0.0013113836757838726 0.02485009841620922
		endloop
	endfacet
	facet normal 0.0020736427616829555 0.0271416834666242 -0.9996294458569609
		outer loop
			vertex 0.00008418034121859819 0.001838669297285378 0.02485009841620922
			vertex 0.00019611635070759803 0.0018301173113286495 0.02485009841620922
			vertex -2.071864302475098e-18 -8.854028780204301e-17 0.024800000712275505
		endloop
	endfacet
	facet normal 0.0892759732547865 0.10245456613655893 -0.9907234036183764
		outer loop
			vertex 0.002329155569896102 0.0028436067514121532 0.02500024624168873
			vertex 0.0037893180269747972 0.003986360505223274 0.02525000087916851
			vertex 0.002498180838301778 0.002696322975680232 0.02500024624168873
		endloop
	endfacet
	facet normal 0.08645611433602482 0.10603009640125802 -0.9905972738459642
		outer loop
			vertex 0.002329155569896102 0.0028436067514121532 0.02500024624168873
			vertex 0.003141975263133645 0.004514198750257492 0.02525000087916851
			vertex 0.0037893180269747972 0.003986360505223274 0.02525000087916851
		endloop
	endfacet
	facet normal 0.05164785635691104 0.06305558595896857 -0.9966727105791083
		outer loop
			vertex 0.002329155569896102 0.0028436067514121532 0.02500024624168873
			vertex 0.0012091860407963395 0.0013876815792173147 0.02485009841620922
			vertex 0.001122338231652975 0.001458817278034985 0.02485009841620922
		endloop
	endfacet
	facet normal 0.05362123691833983 0.06153660793476253 -0.9966634380949423
		outer loop
			vertex 0.002329155569896102 0.0028436067514121532 0.02500024624168873
			vertex 0.002498180838301778 0.002696322975680232 0.02500024624168873
			vertex 0.0012091860407963395 0.0013876815792173147 0.02485009841620922
		endloop
	endfacet
	facet normal 0.00041508991377075735 0.027217617482728572 -0.9996294458442727
		outer loop
			vertex -0.000028068818210158497 0.001840381184592843 0.02485009841620922
			vertex 0.00008418034121859819 0.001838669297285378 0.02485009841620922
			vertex -2.071864302475098e-18 -8.854028780204301e-17 0.024800000712275505
		endloop
	endfacet
	facet normal 0.049769947804260896 0.06469114166964071 -0.9966634379192605
		outer loop
			vertex 0.0021514655090868473 0.0029803120996803045 0.02500024624168873
			vertex 0.002329155569896102 0.0028436067514121532 0.02500024624168873
			vertex 0.001122338231652975 0.001458817278034985 0.02485009841620922
		endloop
	endfacet
	facet normal 0.08291332767243706 0.1077710157112073 -0.9907122631051146
		outer loop
			vertex 0.0021514655090868473 0.0029803120996803045 0.02500024624168873
			vertex 0.003141975263133645 0.004514198750257492 0.02525000087916851
			vertex 0.002329155569896102 0.0028436067514121532 0.02500024624168873
		endloop
	endfacet
	facet normal 0.04770771914801217 0.06608693212571842 -0.9966727100387093
		outer loop
			vertex 0.0021514655090868473 0.0029803120996803045 0.02500024624168873
			vertex 0.001122338231652975 0.001458817278034985 0.02485009841620922
			vertex 0.0010313154198229313 0.0015245260437950492 0.02485009841620922
		endloop
	endfacet
	facet normal -0.001244931113480258 0.02719229945140135 -0.9996294458433425
		outer loop
			vertex -0.00014021355309523642 0.0018352469196543097 0.02485009841620922
			vertex -0.000028068818210158497 0.001840381184592843 0.02485009841620922
			vertex -2.071864302475098e-18 -8.854028780204301e-17 0.024800000712275505
		endloop
	endfacet
	facet normal 0.07595243293556597 0.11227544688303243 -0.9907701307358755
		outer loop
			vertex 0.0019657721277326345 0.003105930518358946 0.02500024624168873
			vertex 0.003141975263133645 0.004514198750257492 0.02525000087916851
			vertex 0.0021514655090868473 0.0029803120996803045 0.02500024624168873
		endloop
	endfacet
	facet normal 0.04573360283370899 0.06760495348558294 -0.9966634375936848
		outer loop
			vertex 0.0019657721277326345 0.003105930518358946 0.02500024624168873
			vertex 0.0021514655090868473 0.0029803120996803045 0.02500024624168873
			vertex 0.0010313154198229313 0.0015245260437950492 0.02485009841620922
		endloop
	endfacet
	facet normal 0.04358999430949515 0.06887249867304926 -0.9966727102327169
		outer loop
			vertex 0.0019657721277326345 0.003105930518358946 0.02500024624168873
			vertex 0.0010313154198229313 0.0015245260437950492 0.02485009841620922
			vertex 0.0009364559664390981 0.0015845634043216705 0.02485009841620922
		endloop
	endfacet
	facet normal -0.002900406852614986 0.027065820483995293 -0.9996294458456181
		outer loop
			vertex -0.0002518366964068264 0.0018232852453365922 0.02485009841620922
			vertex -0.00014021355309523642 0.0018352469196543097 0.02485009841620922
			vertex -2.071864302475098e-18 -8.854028780204301e-17 0.024800000712275505
		endloop
	endfacet
	facet normal 0.06951521718954379 0.1176256100668437 -0.9906219513192172
		outer loop
			vertex 0.0017727658851072192 0.003219994716346264 0.02500024624168873
			vertex 0.003141975263133645 0.004514198750257492 0.02525000087916851
			vertex 0.0019657721277326345 0.003105930518358946 0.02500024624168873
		endloop
	endfacet
	facet normal 0.041527069223393435 0.07026730332109833 -0.9966634379797907
		outer loop
			vertex 0.0017727658851072192 0.003219994716346264 0.02500024624168873
			vertex 0.0019657721277326345 0.003105930518358946 0.02500024624168873
			vertex 0.0009364559664390981 0.0015845634043216705 0.02485009841620922
		endloop
	endfacet
	facet normal 0.0693463375497337 0.11780250482476505 -0.9906127675966273
		outer loop
			vertex 0.0017727658851072192 0.003219994716346264 0.02500024624168873
			vertex 0.002422167919576168 0.004937924910336733 0.02525000087916851
			vertex 0.003141975263133645 0.004514198750257492 0.02525000087916851
		endloop
	endfacet
	facet normal 0.03931023399758918 0.071401776848514 -0.9966727104551072
		outer loop
			vertex 0.0017727658851072192 0.003219994716346264 0.02500024624168873
			vertex 0.0009364559664390981 0.0015845634043216705 0.02485009841620922
			vertex 0.0008381128427572548 0.0016387061914429069 0.02485009841620922
		endloop
	endfacet
	facet normal -0.004545016133925883 0.026838662956445006 -0.9996294458443353
		outer loop
			vertex -0.0003625229874160141 0.0018045409815385938 0.02485009841620922
			vertex -0.0002518366964068264 0.0018232852453365922 0.02485009841620922
			vertex -2.071864302475098e-18 -8.854028780204301e-17 0.024800000712275505
		endloop
	endfacet
	facet normal 0.061733207155515335 0.1207028418723063 -0.9907672961388276
		outer loop
			vertex 0.0015731648309156299 0.0033220802433788776 0.02500024624168873
			vertex 0.002422167919576168 0.004937924910336733 0.02525000087916851
			vertex 0.0017727658851072192 0.003219994716346264 0.02500024624168873
		endloop
	endfacet
	facet normal 0.03716603036916475 0.07266827196211588 -0.9966634378949789
		outer loop
			vertex 0.0015731648309156299 0.0033220802433788776 0.02500024624168873
			vertex 0.0017727658851072192 0.003219994716346264 0.02500024624168873
			vertex 0.0008381128427572548 0.0016387061914429069 0.02485009841620922
		endloop
	endfacet
	facet normal 0.034884115561027364 0.07366550621468093 -0.9966727104098215
		outer loop
			vertex 0.0015731648309156299 0.0033220802433788776 0.02500024624168873
			vertex 0.0008381128427572548 0.0016387061914429069 0.02485009841620922
			vertex 0.0007366518839262426 0.001686752773821354 0.02485009841620922
		endloop
	endfacet
	facet normal -0.006172772157183842 0.026511655156827716 -0.9996294458571842
		outer loop
			vertex -0.00047186066512949765 0.0017790836282074451 0.02485009841620922
			vertex -0.0003625229874160141 0.0018045409815385938 0.02485009841620922
			vertex -2.071864302475098e-18 -8.854028780204301e-17 0.024800000712275505
		endloop
	endfacet
	facet normal 0.05439510403534389 0.12455130294802996 -0.9907210230892107
		outer loop
			vertex 0.0013677114620804787 0.0034118075855076313 0.02500024624168873
			vertex 0.002422167919576168 0.004937924910336733 0.02525000087916851
			vertex 0.0015731648309156299 0.0033220802433788776 0.02500024624168873
		endloop
	endfacet
	facet normal 0.050749851701096485 0.1270496930467304 -0.9905972077736986
		outer loop
			vertex 0.0013677114620804787 0.0034118075855076313 0.02500024624168873
			vertex 0.0016464971704408526 0.005247765686362982 0.02525000087916851
			vertex 0.002422167919576168 0.004937924910336733 0.02525000087916851
		endloop
	endfacet
	facet normal 0.03266679877936144 0.07479887065694184 -0.996663438280925
		outer loop
			vertex 0.0013677114620804787 0.0034118075855076313 0.02500024624168873
			vertex 0.0015731648309156299 0.0033220802433788776 0.02500024624168873
			vertex 0.0007366518839262426 0.001686752773821354 0.02485009841620922
		endloop
	endfacet
	facet normal 0.030328321865941057 0.07565513940691546 -0.9966727109608833
		outer loop
			vertex 0.0013677114620804787 0.0034118075855076313 0.02500024624168873
			vertex 0.0007366518839262426 0.001686752773821354 0.02485009841620922
			vertex 0.0006324505666270852 0.0017285245703533292 0.02485009841620922
		endloop
	endfacet
	facet normal -0.007777549973954652 0.026086025064851255 -0.9996294458511709
		outer loop
			vertex -0.0005794430035166442 0.0017470079474151134 0.02485009841620922
			vertex -0.00047186066512949765 0.0017790836282074451 0.02485009841620922
			vertex -2.071864302475098e-18 -8.854028780204301e-17 0.024800000712275505
		endloop
	endfacet
	facet normal 0.04671622671774037 0.12767818976917225 -0.9907148298165946
		outer loop
			vertex 0.0011571701616048813 0.0034888426307588816 0.02500024624168873
			vertex 0.0016464971704408526 0.005247765686362982 0.02525000087916851
			vertex 0.0013677114620804787 0.0034118075855076313 0.02500024624168873
		endloop
	endfacet
	facet normal 0.028045959037865498 0.07665125229249736 -0.9966634385305996
		outer loop
			vertex 0.0011571701616048813 0.0034888426307588816 0.02500024624168873
			vertex 0.0013677114620804787 0.0034118075855076313 0.02500024624168873
			vertex 0.0006324505666270852 0.0017285245703533292 0.02485009841620922
		endloop
	endfacet
	facet normal 0.025659675259872474 0.07736335206841793 -0.9966727109850536
		outer loop
			vertex 0.0011571701616048813 0.0034888426307588816 0.02500024624168873
			vertex 0.0006324505666270852 0.0017285245703533292 0.02485009841620922
			vertex 0.0005258964374661446 0.0017638661665841937 0.02485009841620922
		endloop
	endfacet
	facet normal -0.009353395545352933 0.02556335274791167 -0.9996294458388358
		outer loop
			vertex -0.0006848697667010128 0.0017084332648664713 0.02485009841620922
			vertex -0.0005794430035166442 0.0017470079474151134 0.02485009841620922
			vertex -2.071864302475098e-18 -8.854028780204301e-17 0.024800000712275505
		endloop
	endfacet
	facet normal 0.038731693586036765 0.12990720880190218 -0.9907693843742128
		outer loop
			vertex 0.0009423240553587675 0.0035528987646102905 0.02500024624168873
			vertex 0.0016464971704408526 0.005247765686362982 0.02525000087916851
			vertex 0.0011571701616048813 0.0034888426307588816 0.02500024624168873
		endloop
	endfacet
	facet normal 0.023320759915507052 0.0782184962047461 -0.9966634381818326
		outer loop
			vertex 0.0009423240553587675 0.0035528987646102905 0.02500024624168873
			vertex 0.0011571701616048813 0.0034888426307588816 0.02500024624168873
			vertex 0.0005258964374661446 0.0017638661665841937 0.02485009841620922
		endloop
	endfacet
	facet normal 0.020895540025890707 0.0787837853669152 -0.9966727103569588
		outer loop
			vertex 0.0009423240553587675 0.0035528987646102905 0.02500024624168873
			vertex 0.0005258964374661446 0.0017638661665841937 0.02485009841620922
			vertex 0.0004173859488219023 0.001792646013200283 0.02485009841620922
		endloop
	endfacet
	facet normal -0.01089441178692556 0.024945596435742318 -0.9996294458499521
		outer loop
			vertex -0.000787748780567199 0.001663503237068653 0.02485009841620922
			vertex -0.0006848697667010128 0.0017084332648664713 0.02485009841620922
			vertex -2.071864302475098e-18 -8.854028780204301e-17 0.024800000712275505
		endloop
	endfacet
	facet normal 0.018509005410228433 0.07949470076473322 -0.996663438312578
		outer loop
			vertex 0.0007239724509418011 0.0036037382669746876 0.02500024624168873
			vertex 0.0009423240553587675 0.0035528987646102905 0.02500024624168873
			vertex 0.0004173859488219023 0.001792646013200283 0.02485009841620922
		endloop
	endfacet
	facet normal 0.030990375920243184 0.13310119078602187 -0.9906178221754671
		outer loop
			vertex 0.0007239724509418011 0.0036037382669746876 0.02500024624168873
			vertex 0.0016464971704408526 0.005247765686362982 0.02525000087916851
			vertex 0.0009423240553587675 0.0035528987646102905 0.02500024624168873
		endloop
	endfacet
	facet normal 0.030898612121049773 0.13315207939429058 -0.9906138498537004
		outer loop
			vertex 0.0007239724509418011 0.0036037382669746876 0.02500024624168873
			vertex 0.0008328527910634875 0.005436575971543789 0.02525000087916851
			vertex 0.0016464971704408526 0.005247765686362982 0.02525000087916851
		endloop
	endfacet
	facet normal 0.0160538011707072 0.07991109299403028 -0.996672710915911
		outer loop
			vertex 0.0007239724509418011 0.0036037382669746876 0.02500024624168873
			vertex 0.0004173859488219023 0.001792646013200283 0.02485009841620922
			vertex 0.00030732277082279325 0.00181475724093616 0.02485009841620922
		endloop
	endfacet
	facet normal -0.01239497015006578 0.0242350098889995 -0.9996294458501406
		outer loop
			vertex -0.0008876972715370357 0.001612384687177837 0.02485009841620922
			vertex -0.000787748780567199 0.001663503237068653 0.02485009841620922
			vertex -2.071864302475098e-18 -8.854028780204301e-17 0.024800000712275505
		endloop
	endfacet
	facet normal 0.02263549616477628 0.13366398178678984 -0.9907681738359764
		outer loop
			vertex 0.0005029276362620294 0.003641171380877495 0.02500024624168873
			vertex 0.0008328527910634875 0.005436575971543789 0.02525000087916851
			vertex 0.0007239724509418011 0.0036037382669746876 0.02500024624168873
		endloop
	endfacet
	facet normal 0.013628180745402962 0.08047523631380603 -0.9966634381925565
		outer loop
			vertex 0.0005029276362620294 0.003641171380877495 0.02500024624168873
			vertex 0.0007239724509418011 0.0036037382669746876 0.02500024624168873
			vertex 0.00030732277082279325 0.00181475724093616 0.02485009841620922
		endloop
	endfacet
	facet normal 0.011152145285229273 0.08074117644547464 -0.9966727106135383
		outer loop
			vertex 0.0005029276362620294 0.003641171380877495 0.02500024624168873
			vertex 0.00030732277082279325 0.00181475724093616 0.02485009841620922
			vertex 0.00019611635070759803 0.0018301173113286495 0.02485009841620922
		endloop
	endfacet
	facet normal -0.013849358226098979 0.023434297541630046 -0.9996294458325323
		outer loop
			vertex -0.0009843434672802687 0.0015552680706605315 0.02485009841620922
			vertex -0.0008876972715370357 0.001612384687177837 0.02485009841620922
			vertex -2.071864302475098e-18 -8.854028780204301e-17 0.024800000712275505
		endloop
	endfacet
	facet normal 0.006209148969046052 0.08127087222014492 -0.9966727104710238
		outer loop
			vertex 0.0002800119109451771 0.003665059106424451 0.02500024624168873
			vertex 0.00019611635070759803 0.0018301173113286495 0.02485009841620922
			vertex 0.00008418034121859819 0.001838669297285378 0.02485009841620922
		endloop
	endfacet
	facet normal 0.010388441495335854 0.1364159100312377 -0.9905971834068817
		outer loop
			vertex 0.0002800119109451771 0.003665059106424451 0.02500024624168873
			vertex -6.735557503102785e-19 0.005499999970197678 0.02525000087916851
			vertex 0.0008328527910634875 0.005436575971543789 0.02525000087916851
		endloop
	endfacet
	facet normal 0.008696745273261558 0.08115637785080138 -0.9966634381554237
		outer loop
			vertex 0.0002800119109451771 0.003665059106424451 0.02500024624168873
			vertex 0.0005029276362620294 0.003641171380877495 0.02500024624168873
			vertex 0.00019611635070759803 0.0018301173113286495 0.02485009841620922
		endloop
	endfacet
	facet normal 0.01448327158622734 0.13515514418727193 -0.9907185886233676
		outer loop
			vertex 0.0002800119109451771 0.003665059106424451 0.02500024624168873
			vertex 0.0008328527910634875 0.005436575971543789 0.02525000087916851
			vertex 0.0005029276362620294 0.003641171380877495 0.02500024624168873
		endloop
	endfacet
	facet normal -0.015252246513483171 0.022546396640764597 -0.999629445832209
		outer loop
			vertex -0.0010773278772830963 0.0014923657290637493 0.02485009841620922
			vertex -0.0009843434672802687 0.0015552680706605315 0.02485009841620922
			vertex -2.071864302475098e-18 -8.854028780204301e-17 0.024800000712275505
		endloop
	endfacet
	facet normal 0.0012429117018883532 0.08149823482699037 -0.9966727110193125
		outer loop
			vertex 0.00005605451588053256 0.0036753127351403236 0.02500024624168873
			vertex 0.00008418034121859819 0.001838669297285378 0.02485009841620922
			vertex -0.000028068818210158497 0.001840381184592843 0.02485009841620922
		endloop
	endfacet
	facet normal 0.006217250019746644 0.1357957419242823 -0.9907173473183085
		outer loop
			vertex 0.00005605451588053256 0.0036753127351403236 0.02500024624168873
			vertex -6.735557503102785e-19 0.005499999970197678 0.02525000087916851
			vertex 0.0002800119109451771 0.003665059106424451 0.02500024624168873
		endloop
	endfacet
	facet normal 0.0037330129964635484 0.08153560945075412 -0.996663438180343
		outer loop
			vertex 0.00005605451588053256 0.0036753127351403236 0.02500024624168873
			vertex 0.0002800119109451771 0.003665059106424451 0.02500024624168873
			vertex 0.00008418034121859819 0.001838669297285378 0.02485009841620922
		endloop
	endfacet
	facet normal -0.016598397683425914 0.02157461998148547 -0.9996294458283017
		outer loop
			vertex -0.00116630457341671 0.0014239116571843624 0.02485009841620922
			vertex -0.0010773278772830963 0.0014923657290637493 0.02485009841620922
			vertex -2.071864302475098e-18 -8.854028780204301e-17 0.024800000712275505
		endloop
	endfacet
	facet normal -0.0037277215833398263 0.08142243411545676 -0.9966727102286445
		outer loop
			vertex -0.00016811140812933445 0.0036718936171382666 0.02500024624168873
			vertex -0.000028068818210158497 0.001840381184592843 0.02485009841620922
			vertex -0.00014021355309523642 0.0018352469196543097 0.02485009841620922
		endloop
	endfacet
	facet normal -0.009743755758291023 0.13623503330771705 -0.9906286261376501
		outer loop
			vertex -0.00016811140812933445 0.0036718936171382666 0.02500024624168873
			vertex -0.0007827316294424236 0.005444017704576254 0.02525000087916851
			vertex -6.735557503102785e-19 0.005499999970197678 0.02525000087916851
		endloop
	endfacet
	facet normal -0.0012447897190499884 0.08161152595521487 -0.9966634383430631
		outer loop
			vertex -0.00016811140812933445 0.0036718936171382666 0.02500024624168873
			vertex 0.00005605451588053256 0.0036753127351403236 0.02500024624168873
			vertex -0.000028068818210158497 0.001840381184592843 0.02485009841620922
		endloop
	endfacet
	facet normal -0.002067466137891601 0.13554824866551807 -0.990768589463493
		outer loop
			vertex -0.00016811140812933445 0.0036718936171382666 0.02500024624168873
			vertex -6.735557503102785e-19 0.005499999970197678 0.02525000087916851
			vertex 0.00005605451588053256 0.0036753127351403236 0.02500024624168873
		endloop
	endfacet
	facet normal -0.017882788154088922 0.020522595108904796 -0.999629445833721
		outer loop
			vertex -0.0012509425869211555 0.0013501605717465281 0.02485009841620922
			vertex -0.00116630457341671 0.0014239116571843624 0.02485009841620922
			vertex -2.071864302475098e-18 -8.854028780204301e-17 0.024800000712275505
		endloop
	endfacet
	facet normal -0.008684743989333244 0.08104370652442175 -0.9966727110012711
		outer loop
			vertex -0.00039165193447843194 0.0036548152565956116 0.02500024624168873
			vertex -0.00014021355309523642 0.0018352469196543097 0.02485009841620922
			vertex -0.0002518366964068264 0.0018232852453365922 0.02485009841620922
		endloop
	endfacet
	facet normal -0.01039137027475059 0.13601378041554082 -0.9906524471079079
		outer loop
			vertex -0.00039165193447843194 0.0036548152565956116 0.02500024624168873
			vertex -0.0007827316294424236 0.005444017704576254 0.02525000087916851
			vertex -0.00016811140812933445 0.0036718936171382666 0.02500024624168873
		endloop
	endfacet
	facet normal -0.0062176771114867725 0.08138385477335845 -0.9966634380138395
		outer loop
			vertex -0.00039165193447843194 0.0036548152565956116 0.02500024624168873
			vertex -0.00016811140812933445 0.0036718936171382666 0.02500024624168873
			vertex -0.00014021355309523642 0.0018352469196543097 0.02485009841620922
		endloop
	endfacet
	facet normal -0.019100669704953752 0.019394210878838185 -0.999629445845414
		outer loop
			vertex -0.0013309268979355693 0.0012713868636637926 0.02485009841620922
			vertex -0.0012509425869211555 0.0013501605717465281 0.02485009841620922
			vertex -2.071864302475098e-18 -8.854028780204301e-17 0.024800000712275505
		endloop
	endfacet
	facet normal -0.013609229138120012 0.08036352417071305 -0.9966727110065419
		outer loop
			vertex -0.0006137355230748653 0.003624140517786145 0.02500024624168873
			vertex -0.0002518366964068264 0.0018232852453365922 0.02485009841620922
			vertex -0.0003625229874160141 0.0018045409815385938 0.02485009841620922
		endloop
	endfacet
	facet normal -0.01854281226180457 0.1342490417066129 -0.990774121035809
		outer loop
			vertex -0.0006137355230748653 0.003624140517786145 0.02500024624168873
			vertex -0.0007827316294424236 0.005444017704576254 0.02525000087916851
			vertex -0.00039165193447843194 0.0036548152565956116 0.02500024624168873
		endloop
	endfacet
	facet normal -0.011167673777505209 0.08085340462678224 -0.996663438690643
		outer loop
			vertex -0.0006137355230748653 0.003624140517786145 0.02500024624168873
			vertex -0.00039165193447843194 0.0036548152565956116 0.02500024624168873
			vertex -0.0002518366964068264 0.0018232852453365922 0.02485009841620922
		endloop
	endfacet
	facet normal -0.020247486055993635 0.018193688227695716 -0.9996294458533551
		outer loop
			vertex -0.0014059601817280054 0.0011878834338858724 0.02485009841620922
			vertex -0.0013309268979355693 0.0012713868636637926 0.02485009841620922
			vertex -2.071864302475098e-18 -8.854028780204301e-17 0.024800000712275505
		endloop
	endfacet
	facet normal -0.018483251215847436 0.07938436247663526 -0.9966727107825668
		outer loop
			vertex -0.000833535916171968 0.0035799837205559015 0.02500024624168873
			vertex -0.0003625229874160141 0.0018045409815385938 0.02485009841620922
			vertex -0.00047186066512949765 0.0017790836282074451 0.02485009841620922
		endloop
	endfacet
	facet normal -0.029045681950917068 0.13352098229727377 -0.9906202580436044
		outer loop
			vertex -0.000833535916171968 0.0035799837205559015 0.02500024624168873
			vertex -0.0015495290281251073 0.005277211312204599 0.02525000087916851
			vertex -0.0007827316294424236 0.005444017704576254 0.02525000087916851
		endloop
	endfacet
	facet normal -0.02681335397601455 0.13346950217990783 -0.9906901311895687
		outer loop
			vertex -0.000833535916171968 0.0035799837205559015 0.02500024624168873
			vertex -0.0007827316294424236 0.005444017704576254 0.02525000087916851
			vertex -0.0006137355230748653 0.003624140517786145 0.02500024624168873
		endloop
	endfacet
	facet normal -0.016076056989550468 0.08002219063420776 -0.9966634383771542
		outer loop
			vertex -0.000833535916171968 0.0035799837205559015 0.02500024624168873
			vertex -0.0006137355230748653 0.003624140517786145 0.02500024624168873
			vertex -0.0003625229874160141 0.0018045409815385938 0.02485009841620922
		endloop
	endfacet
	facet normal -0.021318989503634228 0.016925473570731195 -0.9996294458602901
		outer loop
			vertex -0.001475763157941401 0.0010999609949067235 0.02485009841620922
			vertex -0.0014059601817280054 0.0011878834338858724 0.02485009841620922
			vertex -2.071864302475098e-18 -8.854028780204301e-17 0.024800000712275505
		endloop
	endfacet
	facet normal -0.03477741264223441 0.13112295602042978 -0.9907559245214617
		outer loop
			vertex -0.0010502355871722102 0.0035225090105086565 0.02500024624168873
			vertex -0.0015495290281251073 0.005277211312204599 0.02525000087916851
			vertex -0.000833535916171968 0.0035799837205559015 0.02500024624168873
		endloop
	endfacet
	facet normal -0.02328846992618635 0.07810989479346725 -0.9966727103236303
		outer loop
			vertex -0.0010502355871722102 0.0035225090105086565 0.02500024624168873
			vertex -0.00047186066512949765 0.0017790836282074451 0.02485009841620922
			vertex -0.0005794430035166442 0.0017470079474151134 0.02485009841620922
		endloop
	endfacet
	facet normal -0.02092466652352014 0.0788932792824754 -0.9966634380847614
		outer loop
			vertex -0.0010502355871722102 0.0035225090105086565 0.02500024624168873
			vertex -0.000833535916171968 0.0035799837205559015 0.02500024624168873
			vertex -0.00047186066512949765 0.0017790836282074451 0.02485009841620922
		endloop
	endfacet
	facet normal -0.02231118682363215 0.015594291594723461 -0.9996294458509012
		outer loop
			vertex -0.0015400761039927602 0.0010079466737806797 0.02485009841620922
			vertex -0.001475763157941401 0.0010999609949067235 0.02485009841620922
			vertex -2.071864302475098e-18 -8.854028780204301e-17 0.024800000712275505
		endloop
	endfacet
	facet normal -0.02569531513626907 0.07747091061766462 -0.996663438071307
		outer loop
			vertex -0.0012630282435566187 0.0034519305918365717 0.02500024624168873
			vertex -0.0010502355871722102 0.0035225090105086565 0.02500024624168873
			vertex -0.0005794430035166442 0.0017470079474151134 0.02485009841620922
		endloop
	endfacet
	facet normal -0.028007052882271892 0.0765448407252104 -0.9966727107467134
		outer loop
			vertex -0.0012630282435566187 0.0034519305918365717 0.02500024624168873
			vertex -0.0005794430035166442 0.0017470079474151134 0.02485009841620922
			vertex -0.0006848697667010128 0.0017084332648664713 0.02485009841620922
		endloop
	endfacet
	facet normal -0.04776031375752281 0.1280503444732244 -0.9906170106100902
		outer loop
			vertex -0.0012630282435566187 0.0034519305918365717 0.02500024624168873
			vertex -0.002284782472997904 0.005002975929528475 0.02525000087916851
			vertex -0.0015495290281251073 0.005277211312204599 0.02525000087916851
		endloop
	endfacet
	facet normal -0.04273846020171012 0.12885568488513402 -0.9907419626181027
		outer loop
			vertex -0.0012630282435566187 0.0034519305918365717 0.02500024624168873
			vertex -0.0015495290281251073 0.005277211312204599 0.02525000087916851
			vertex -0.0010502355871722102 0.0035225090105086565 0.02500024624168873
		endloop
	endfacet
	facet normal -0.0232203645948761 0.01420512786588568 -0.9996294458500085
		outer loop
			vertex -0.0015986600192263722 0.0009121826733462512 0.02485009841620922
			vertex -0.0015400761039927602 0.0010079466737806797 0.02485009841620922
			vertex -2.071864302475098e-18 -8.854028780204301e-17 0.024800000712275505
		endloop
	endfacet
	facet normal -0.03262134909388248 0.07469508456271655 -0.9966727105351405
		outer loop
			vertex -0.001471122377552092 0.0033685106318444014 0.02500024624168873
			vertex -0.0006848697667010128 0.0017084332648664713 0.02485009841620922
			vertex -0.000787748780567199 0.001663503237068653 0.02485009841620922
		endloop
	endfacet
	facet normal -0.050591035547354134 0.12620118411887252 -0.9907137872510108
		outer loop
			vertex -0.001471122377552092 0.0033685106318444014 0.02500024624168873
			vertex -0.002284782472997904 0.005002975929528475 0.02525000087916851
			vertex -0.0012630282435566187 0.0034519305918365717 0.02500024624168873
		endloop
	endfacet
	facet normal -0.030370493885879278 0.07576030514507613 -0.9966634383107734
		outer loop
			vertex -0.001471122377552092 0.0033685106318444014 0.02500024624168873
			vertex -0.0012630282435566187 0.0034519305918365717 0.02500024624168873
			vertex -0.0006848697667010128 0.0017084332648664713 0.02485009841620922
		endloop
	endfacet
	facet normal -0.024043178936950318 0.012763091714901982 -0.9996294458630574
		outer loop
			vertex -0.0016512967413291335 0.0008130253409035504 0.02485009841620922
			vertex -0.0015986600192263722 0.0009121826733462512 0.02485009841620922
			vertex -2.071864302475098e-18 -8.854028780204301e-17 0.024800000712275505
		endloop
	endfacet
	facet normal -0.03493261515530757 0.07376790357443061 -0.9966634380775914
		outer loop
			vertex -0.0016737438272684813 0.0032725597266107798 0.02500024624168873
			vertex -0.001471122377552092 0.0033685106318444014 0.02500024624168873
			vertex -0.000787748780567199 0.001663503237068653 0.02485009841620922
		endloop
	endfacet
	facet normal -0.06545253023048463 0.11986735279164203 -0.9906299934996676
		outer loop
			vertex -0.0016737438272684813 0.0032725597266107798 0.02500024624168873
			vertex -0.0029735243879258633 0.004626894369721413 0.02525000087916851
			vertex -0.002284782472997904 0.005002975929528475 0.02525000087916851
		endloop
	endfacet
	facet normal -0.037114498463252786 0.07256735808092402 -0.9966727108459308
		outer loop
			vertex -0.0016737438272684813 0.0032725597266107798 0.02500024624168873
			vertex -0.000787748780567199 0.001663503237068653 0.02485009841620922
			vertex -0.0008876972715370357 0.001612384687177837 0.02485009841620922
		endloop
	endfacet
	facet normal -0.058015971015640336 0.12251348880212504 -0.9907696968360731
		outer loop
			vertex -0.0016737438272684813 0.0032725597266107798 0.02500024624168873
			vertex -0.002284782472997904 0.005002975929528475 0.02525000087916851
			vertex -0.001471122377552092 0.0033685106318444014 0.02500024624168873
		endloop
	endfacet
	facet normal -0.02477655445335804 0.011273567907955445 -0.9996294458528344
		outer loop
			vertex -0.001697790459729731 0.0007108434801921248 0.02485009841620922
			vertex -0.0016512967413291335 0.0008130253409035504 0.02485009841620922
			vertex -2.071864302475098e-18 -8.854028780204301e-17 0.024800000712275505
		endloop
	endfacet
	facet normal -0.06580724144069375 0.11953011069832853 -0.9906472427713164
		outer loop
			vertex -0.0018701388034969568 0.0031644345726817846 0.02500024624168873
			vertex -0.0029735243879258633 0.004626894369721413 0.02525000087916851
			vertex -0.0016737438272684813 0.0032725597266107798 0.02500024624168873
		endloop
	endfacet
	facet normal -0.041469399573181166 0.07016976762427261 -0.9966727108788499
		outer loop
			vertex -0.0018701388034969568 0.0031644345726817846 0.02500024624168873
			vertex -0.0008876972715370357 0.001612384687177837 0.02485009841620922
			vertex -0.0009843434672802687 0.0015552680706605315 0.02485009841620922
		endloop
	endfacet
	facet normal -0.03936485914820293 0.07150103649078295 -0.9966634385011752
		outer loop
			vertex -0.0018701388034969568 0.0031644345726817846 0.02500024624168873
			vertex -0.0016737438272684813 0.0032725597266107798 0.02500024624168873
			vertex -0.0008876972715370357 0.001612384687177837 0.02485009841620922
		endloop
	endfacet
	facet normal -0.025417740225535765 0.009742149083240285 -0.999629445851345
		outer loop
			vertex -0.0017379684140905738 0.0006060172454454005 0.02485009841620922
			vertex -0.001697790459729731 0.0007108434801921248 0.02485009841620922
			vertex -2.071864302475098e-18 -8.854028780204301e-17 0.024800000712275505
		endloop
	endfacet
	facet normal -0.07247936106842649 0.114517767695957 -0.990773648772033
		outer loop
			vertex -0.0020595768000930548 0.00304453750140965 0.02500024624168873
			vertex -0.0029735243879258633 0.004626894369721413 0.02525000087916851
			vertex -0.0018701388034969568 0.0031644345726817846 0.02500024624168873
		endloop
	endfacet
	facet normal -0.04365062126824569 0.06896820877686695 -0.9966634383988442
		outer loop
			vertex -0.0020595768000930548 0.00304453750140965 0.02500024624168873
			vertex -0.0018701388034969568 0.0031644345726817846 0.02500024624168873
			vertex -0.0009843434672802687 0.0015552680706605315 0.02485009841620922
		endloop
	endfacet
	facet normal -0.04567009529155484 0.06751110940638465 -0.9966727108247619
		outer loop
			vertex -0.0020595768000930548 0.00304453750140965 0.02500024624168873
			vertex -0.0009843434672802687 0.0015552680706605315 0.02485009841620922
			vertex -0.0010773278772830963 0.0014923657290637493 0.02485009841620922
		endloop
	endfacet
	facet normal -0.025964391009937998 0.00817443495632379 -0.9996294458511255
		outer loop
			vertex -0.0017716808943077922 0.0004989365697838366 0.02485009841620922
			vertex -0.0017379684140905738 0.0006060172454454005 0.02485009841620922
			vertex -2.071864302475098e-18 -8.854028780204301e-17 0.024800000712275505
		endloop
	endfacet
	facet normal -0.047773988535324136 0.06617882187527967 -0.9966634384558444
		outer loop
			vertex -0.002241353038698435 0.0029133146163076162 0.02500024624168873
			vertex -0.0020595768000930548 0.00304453750140965 0.02500024624168873
			vertex -0.0010773278772830963 0.0014923657290637493 0.02485009841620922
		endloop
	endfacet
	facet normal -0.08189065116980489 0.1093931194975039 -0.9906195367837192
		outer loop
			vertex -0.002241353038698435 0.0029133146163076162 0.02500024624168873
			vertex -0.003601734060794115 0.0041566225700080395 0.02525000087916851
			vertex -0.0029735243879258633 0.004626894369721413 0.02525000087916851
		endloop
	endfacet
	facet normal -0.049700900011237545 0.06460129772351246 -0.9966727110092416
		outer loop
			vertex -0.002241353038698435 0.0029133146163076162 0.02500024624168873
			vertex -0.0010773278772830963 0.0014923657290637493 0.02485009841620922
			vertex -0.00116630457341671 0.0014239116571843624 0.02485009841620922
		endloop
	endfacet
	facet normal -0.07966456351702055 0.11035517695715534 -0.9906943485446951
		outer loop
			vertex -0.002241353038698435 0.0029133146163076162 0.02500024624168873
			vertex -0.0029735243879258633 0.004626894369721413 0.02525000087916851
			vertex -0.0020595768000930548 0.00304453750140965 0.02500024624168873
		endloop
	endfacet
	facet normal -0.026414441102763087 0.006576345739984608 -0.9996294458337734
		outer loop
			vertex -0.0017988026374951005 0.000389999826438725 0.02485009841620922
			vertex -0.0017716808943077922 0.0004989365697838366 0.02485009841620922
			vertex -2.071864302475098e-18 -8.854028780204301e-17 0.024800000712275505
		endloop
	endfacet
	facet normal -0.0859691394330048 0.10495757342229316 -0.9907538618882354
		outer loop
			vertex -0.002414791379123926 0.0027712539304047823 0.02500024624168873
			vertex -0.003601734060794115 0.0041566225700080395 0.02525000087916851
			vertex -0.002241353038698435 0.0029133146163076162 0.02500024624168873
		endloop
	endfacet
	facet normal -0.051719652498907094 0.06314323093532676 -0.9966634386453838
		outer loop
			vertex -0.002414791379123926 0.0027712539304047823 0.02500024624168873
			vertex -0.002241353038698435 0.0029133146163076162 0.02500024624168873
			vertex -0.00116630457341671 0.0014239116571843624 0.02485009841620922
		endloop
	endfacet
	facet normal -0.05354677477244296 0.061451199252242746 -0.996672711085204
		outer loop
			vertex -0.002414791379123926 0.0027712539304047823 0.02500024624168873
			vertex -0.00116630457341671 0.0014239116571843624 0.02485009841620922
			vertex -0.0012509425869211555 0.0013501605717465281 0.02485009841620922
		endloop
	endfacet
	facet normal -0.02676622433010774 0.004953810154782243 -0.9996294458448395
		outer loop
			vertex -0.0018192328279837966 0.0002796122571453452 0.02485009841620922
			vertex -0.0017988026374951005 0.000389999826438725 0.02485009841620922
			vertex -2.071864302475098e-18 -8.854028780204301e-17 0.024800000712275505
		endloop
	endfacet
	facet normal -0.09225409183759704 0.09957113497298095 -0.9907445541709592
		outer loop
			vertex -0.0025792464148253202 0.0026188839692622423 0.02500024624168873
			vertex -0.003601734060794115 0.0041566225700080395 0.02525000087916851
			vertex -0.002414791379123926 0.0027712539304047823 0.02500024624168873
		endloop
	endfacet
	facet normal -0.09663649173370048 0.09663649173370048 -0.9906173716076279
		outer loop
			vertex -0.0025792464148253202 0.0026188839692622423 0.02500024624168873
			vertex -0.0041566225700080395 0.003601734060794115 0.02525000087916851
			vertex -0.003601734060794115 0.0041566225700080395 0.02525000087916851
		endloop
	endfacet
	facet normal -0.05547294228602246 0.059872724490458724 -0.9966634384466109
		outer loop
			vertex -0.0025792464148253202 0.0026188839692622423 0.02500024624168873
			vertex -0.002414791379123926 0.0027712539304047823 0.02500024624168873
			vertex -0.0012509425869211555 0.0013501605717465281 0.02485009841620922
		endloop
	endfacet
	facet normal -0.05719350445263795 0.05807246046281584 -0.9966727107652847
		outer loop
			vertex -0.0025792464148253202 0.0026188839692622423 0.02500024624168873
			vertex -0.0012509425869211555 0.0013501605717465281 0.02485009841620922
			vertex -0.0013309268979355693 0.0012713868636637926 0.02485009841620922
		endloop
	endfacet
	facet normal -0.027018446048446033 0.0033127875675563966 -0.9996294458506411
		outer loop
			vertex -0.0018328952137380838 0.00016818451695144176 0.02485009841620922
			vertex -0.0018192328279837966 0.0002796122571453452 0.02485009841620922
			vertex -2.071864302475098e-18 -8.854028780204301e-17 0.024800000712275505
		endloop
	endfacet
	facet normal -0.06062743964759275 0.054477713032686406 -0.996672710745361
		outer loop
			vertex -0.0027341064997017384 0.0024567716754972935 0.02500024624168873
			vertex -0.0013309268979355693 0.0012713868636637926 0.02485009841620922
			vertex -0.0014059601817280054 0.0011878834338858724 0.02485009841620922
		endloop
	endfacet
	facet normal -0.05901982247171175 0.05637952869023298 -0.9966634383281425
		outer loop
			vertex -0.0027341064997017384 0.0024567716754972935 0.02500024624168873
			vertex -0.0025792464148253202 0.0026188839692622423 0.02500024624168873
			vertex -0.0013309268979355693 0.0012713868636637926 0.02485009841620922
		endloop
	endfacet
	facet normal -0.0983343006822618 0.09393524572539742 -0.9907101164921249
		outer loop
			vertex -0.0027341064997017384 0.0024567716754972935 0.02500024624168873
			vertex -0.0041566225700080395 0.003601734060794115 0.02525000087916851
			vertex -0.0025792464148253202 0.0026188839692622423 0.02500024624168873
		endloop
	endfacet
	facet normal -0.08154542797579933 0.0012437405199827623 -0.9966688498622612
		outer loop
			vertex -0.0018397391540929675 0.000056131106248358265 0.02485009841620922
			vertex -0.0018405952723696828 -8.876569121024126e-17 0.02485009841620922
			vertex -0.0036757399793714285 -8.899043287394947e-17 0.02500024624168873
		endloop
	endfacet
	facet normal -0.027208128650711365 0.0004149815987946802 -0.999629704203311
		outer loop
			vertex -0.0018397391540929675 0.000056131106248358265 0.02485009841620922
			vertex -2.071864302475098e-18 -8.854028780204301e-17 0.024800000712275505
			vertex -0.0018405952723696828 -8.876569121024126e-17 0.02485009841620922
		endloop
	endfacet
	facet normal -0.02717015138279898 0.0016594844755753542 -0.999629445837362
		outer loop
			vertex -0.0018397391540929675 0.000056131106248358265 0.02485009841620922
			vertex -0.0018328952137380838 0.00016818451695144176 0.02485009841620922
			vertex -2.071864302475098e-18 -8.854028780204301e-17 0.024800000712275505
		endloop
	endfacet
	facet normal -0.10932404374040176 0.08183894171353263 -0.9906314355397046
		outer loop
			vertex -0.002878795377910137 0.0022855200804769993 0.02500024624168873
			vertex -0.004626894369721413 0.0029735243879258633 0.02525000087916851
			vertex -0.0041566225700080395 0.003601734060794115 0.02525000087916851
		endloop
	endfacet
	facet normal -0.06234718545558688 0.05267655651295298 -0.99666343810722
		outer loop
			vertex -0.002878795377910137 0.0022855200804769993 0.02500024624168873
			vertex -0.0027341064997017384 0.0024567716754972935 0.02500024624168873
			vertex -0.0014059601817280054 0.0011878834338858724 0.02485009841620922
		endloop
	endfacet
	facet normal -0.06383586695481942 0.05068027632474444 -0.9966727104128889
		outer loop
			vertex -0.002878795377910137 0.0022855200804769993 0.02500024624168873
			vertex -0.0014059601817280054 0.0011878834338858724 0.02485009841620922
			vertex -0.001475763157941401 0.0010999609949067235 0.02485009841620922
		endloop
	endfacet
	facet normal -0.10354040746560578 0.08748032626302651 -0.9907706982641195
		outer loop
			vertex -0.002878795377910137 0.0022855200804769993 0.02500024624168873
			vertex -0.0041566225700080395 0.003601734060794115 0.02525000087916851
			vertex -0.0027341064997017384 0.0024567716754972935 0.02500024624168873
		endloop
	endfacet
	facet normal -0.10943298648002801 0.08156594404301451 -0.9906419223122117
		outer loop
			vertex -0.0030127752106636763 0.002105765976011753 0.02500024624168873
			vertex -0.004626894369721413 0.0029735243879258633 0.02525000087916851
			vertex -0.002878795377910137 0.0022855200804769993 0.02500024624168873
		endloop
	endfacet
	facet normal -0.06680682134161513 0.04669429110845211 -0.9966727104722537
		outer loop
			vertex -0.0030127752106636763 0.002105765976011753 0.02500024624168873
			vertex -0.001475763157941401 0.0010999609949067235 0.02485009841620922
			vertex -0.0015400761039927602 0.0010079466737806797 0.02485009841620922
		endloop
	endfacet
	facet normal -0.06544257688249952 0.04877766508732555 -0.9966634379366021
		outer loop
			vertex -0.0030127752106636763 0.002105765976011753 0.02500024624168873
			vertex -0.002878795377910137 0.0022855200804769993 0.02500024624168873
			vertex -0.001475763157941401 0.0010999609949067235 0.02485009841620922
		endloop
	endfacet
	facet normal -0.06952918619775376 0.04253468873473286 -0.9966727108338612
		outer loop
			vertex -0.003135547274723649 0.001918178517371416 0.02500024624168873
			vertex -0.0015400761039927602 0.0010079466737806797 0.02485009841620922
			vertex -0.0015986600192263722 0.0009121826733462512 0.02485009841620922
		endloop
	endfacet
	facet normal -0.0682945081403443 0.04469732565878328 -0.9966634382964098
		outer loop
			vertex -0.003135547274723649 0.001918178517371416 0.02500024624168873
			vertex -0.0030127752106636763 0.002105765976011753 0.02500024624168873
			vertex -0.0015400761039927602 0.0010079466737806797 0.02485009841620922
		endloop
	endfacet
	facet normal -0.11340267030451207 0.07421967334123118 -0.9907730691015613
		outer loop
			vertex -0.003135547274723649 0.001918178517371416 0.02500024624168873
			vertex -0.004626894369721413 0.0029735243879258633 0.02525000087916851
			vertex -0.0030127752106636763 0.002105765976011753 0.02500024624168873
		endloop
	endfacet
	facet normal -0.07199295960959078 0.03821677444293022 -0.9966727105313108
		outer loop
			vertex -0.0032466547563672066 0.0017234552651643753 0.02500024624168873
			vertex -0.0015986600192263722 0.0009121826733462512 0.02485009841620922
			vertex -0.0016512967413291335 0.0008130253409035504 0.02485009841620922
		endloop
	endfacet
	facet normal -0.1199380350436188 0.06549112566223918 -0.9906188874685202
		outer loop
			vertex -0.0032466547563672066 0.0017234552651643753 0.02500024624168873
			vertex -0.005002975929528475 0.002284782472997904 0.02525000087916851
			vertex -0.004626894369721413 0.0029735243879258633 0.02525000087916851
		endloop
	endfacet
	facet normal -0.0708924320172024 0.04045063699246115 -0.996663438202481
		outer loop
			vertex -0.0032466547563672066 0.0017234552651643753 0.02500024624168873
			vertex -0.003135547274723649 0.001918178517371416 0.02500024624168873
			vertex -0.0015986600192263722 0.0009121826733462512 0.02485009841620922
		endloop
	endfacet
	facet normal -0.11818930860354103 0.06743784467080649 -0.9906984528291003
		outer loop
			vertex -0.0032466547563672066 0.0017234552651643753 0.02500024624168873
			vertex -0.004626894369721413 0.0029735243879258633 0.02525000087916851
			vertex -0.003135547274723649 0.001918178517371416 0.02500024624168873
		endloop
	endfacet
	facet normal -0.07418891680172005 0.03375666270127772 -0.9966727107466421
		outer loop
			vertex -0.003345684614032507 0.001522320555523038 0.02500024624168873
			vertex -0.0016512967413291335 0.0008130253409035504 0.02485009841620922
			vertex -0.001697790459729731 0.0007108434801921248 0.02485009841620922
		endloop
	endfacet
	facet normal -0.12173245917252377 0.059935692484895865 -0.9907516950024188
		outer loop
			vertex -0.003345684614032507 0.001522320555523038 0.02500024624168873
			vertex -0.005002975929528475 0.002284782472997904 0.02525000087916851
			vertex -0.0032466547563672066 0.0017234552651643753 0.02500024624168873
		endloop
	endfacet
	facet normal -0.07322658843826886 0.036053541645240404 -0.9966634381176664
		outer loop
			vertex -0.003345684614032507 0.001522320555523038 0.02500024624168873
			vertex -0.0032466547563672066 0.0017234552651643753 0.02500024624168873
			vertex -0.0016512967413291335 0.0008130253409035504 0.02485009841620922
		endloop
	endfacet
	facet normal -0.07610883812497238 0.029171108091693234 -0.9966727101772024
		outer loop
			vertex -0.0034322680439800024 0.0013155228225514293 0.02500024624168873
			vertex -0.001697790459729731 0.0007108434801921248 0.02485009841620922
			vertex -0.0017379684140905738 0.0006060172454454005 0.02485009841620922
		endloop
	endfacet
	facet normal -0.1280449414889461 0.047758298548384405 -0.9906178061587908
		outer loop
			vertex -0.0034322680439800024 0.0013155228225514293 0.02500024624168873
			vertex -0.005277211312204599 0.0015495290281251073 0.02525000087916851
			vertex -0.005002975929528475 0.002284782472997904 0.02525000087916851
		endloop
	endfacet
	facet normal -0.12519133825176845 0.0524159298547212 -0.9907470409363817
		outer loop
			vertex -0.0034322680439800024 0.0013155228225514293 0.02500024624168873
			vertex -0.005002975929528475 0.002284782472997904 0.02525000087916851
			vertex -0.003345684614032507 0.001522320555523038 0.02500024624168873
		endloop
	endfacet
	facet normal -0.07528837890081384 0.031522231828886006 -0.9966634381289471
		outer loop
			vertex -0.0034322680439800024 0.0013155228225514293 0.02500024624168873
			vertex -0.003345684614032507 0.001522320555523038 0.02500024624168873
			vertex -0.001697790459729731 0.0007108434801921248 0.02485009841620922
		endloop
	endfacet
	facet normal -0.12843415784407944 0.04478414272644583 -0.9907063377505665
		outer loop
			vertex -0.003506083507090807 0.00110383122228086 0.02500024624168873
			vertex -0.005277211312204599 0.0015495290281251073 0.02525000087916851
			vertex -0.0034322680439800024 0.0013155228225514293 0.02500024624168873
		endloop
	endfacet
	facet normal -0.077745681219396 0.024476869648888958 -0.9966727105243344
		outer loop
			vertex -0.003506083507090807 0.00110383122228086 0.02500024624168873
			vertex -0.0017379684140905738 0.0006060172454454005 0.02485009841620922
			vertex -0.0017716808943077922 0.0004989365697838366 0.02485009841620922
		endloop
	endfacet
	facet normal -0.07707003317562164 0.02687381163708127 -0.9966634377935227
		outer loop
			vertex -0.003506083507090807 0.00110383122228086 0.02500024624168873
			vertex -0.0034322680439800024 0.0013155228225514293 0.02500024624168873
			vertex -0.0017379684140905738 0.0006060172454454005 0.02485009841620922
		endloop
	endfacet
	facet normal -0.13343105899777163 0.029026120354586828 -0.9906329475804317
		outer loop
			vertex -0.0035668560303747654 0.0008880332461558282 0.02500024624168873
			vertex -0.005444017704576254 0.0007827316294424236 0.02525000087916851
			vertex -0.005277211312204599 0.0015495290281251073 0.02525000087916851
		endloop
	endfacet
	facet normal -0.07909327091434022 0.019691679002989012 -0.9966727107100476
		outer loop
			vertex -0.0035668560303747654 0.0008880332461558282 0.02500024624168873
			vertex -0.0017716808943077922 0.0004989365697838366 0.02485009841620922
			vertex -0.0017988026374951005 0.000389999826438725 0.02485009841620922
		endloop
	endfacet
	facet normal -0.07856501875893375 0.022125297547116795 -0.9966634381955928
		outer loop
			vertex -0.0035668560303747654 0.0008880332461558282 0.02500024624168873
			vertex -0.003506083507090807 0.00110383122228086 0.02500024624168873
			vertex -0.0017716808943077922 0.0004989365697838366 0.02485009841620922
		endloop
	endfacet
	facet normal -0.13046717076361827 0.03674186067634979 -0.9907715947820551
		outer loop
			vertex -0.0035668560303747654 0.0008880332461558282 0.02500024624168873
			vertex -0.005277211312204599 0.0015495290281251073 0.02525000087916851
			vertex -0.003506083507090807 0.00110383122228086 0.02500024624168873
		endloop
	endfacet
	facet normal -0.0797677366602373 0.017294483051050587 -0.9966634381997266
		outer loop
			vertex -0.00361435953527689 0.0006689317524433136 0.02500024624168873
			vertex -0.0035668560303747654 0.0008880332461558282 0.02500024624168873
			vertex -0.0017988026374951005 0.000389999826438725 0.02485009841620922
		endloop
	endfacet
	facet normal -0.08014662725410425 0.014833290308948508 -0.9966727103911305
		outer loop
			vertex -0.00361435953527689 0.0006689317524433136 0.02500024624168873
			vertex -0.0017988026374951005 0.000389999826438725 0.02485009841620922
			vertex -0.0018192328279837966 0.0002796122571453452 0.02485009841620922
		endloop
	endfacet
	facet normal -0.13342603536553452 0.02892816574484023 -0.9906364894921215
		outer loop
			vertex -0.00361435953527689 0.0006689317524433136 0.02500024624168873
			vertex -0.005444017704576254 0.0007827316294424236 0.02525000087916851
			vertex -0.0035668560303747654 0.0008880332461558282 0.02500024624168873
		endloop
	endfacet
	facet normal -0.08090185684607798 0.009919544043034597 -0.9966727106752923
		outer loop
			vertex -0.0036484175361692905 0.0004473418230190873 0.02500024624168873
			vertex -0.0018192328279837966 0.0002796122571453452 0.02485009841620922
			vertex -0.0018328952137380838 0.00016818451695144176 0.02485009841620922
		endloop
	endfacet
	facet normal -0.1339632020999042 0.020589919715767464 -0.9907723833904732
		outer loop
			vertex -0.0036484175361692905 0.0004473418230190873 0.02500024624168873
			vertex -0.005444017704576254 0.0007827316294424236 0.02525000087916851
			vertex -0.00361435953527689 0.0006689317524433136 0.02500024624168873
		endloop
	endfacet
	facet normal -0.08067370079341943 0.012399412648195723 -0.9966634379600136
		outer loop
			vertex -0.0036484175361692905 0.0004473418230190873 0.02500024624168873
			vertex -0.00361435953527689 0.0006689317524433136 0.02500024624168873
			vertex -0.0018192328279837966 0.0002796122571453452 0.02485009841620922
		endloop
	endfacet
	facet normal -0.13564089791244702 0.00413835695789423 -0.9907494238278386
		outer loop
			vertex -0.0036689031403511763 0.00022408772201742977 0.02500024624168873
			vertex -0.0036757399793714285 -8.899043287394947e-17 0.02500024624168873
			vertex -0.005499999970197678 -8.921384443123269e-17 0.02525000087916851
		endloop
	endfacet
	facet normal -0.13630965033753542 0.009749092492141006 -0.9906183091486037
		outer loop
			vertex -0.0036689031403511763 0.00022408772201742977 0.02500024624168873
			vertex -0.005499999970197678 -8.921384443123269e-17 0.02525000087916851
			vertex -0.005444017704576254 0.0007827316294424236 0.02525000087916851
		endloop
	endfacet
	facet normal -0.13547737863778891 0.012431287675887298 -0.9907024492571685
		outer loop
			vertex -0.0036689031403511763 0.00022408772201742977 0.02500024624168873
			vertex -0.005444017704576254 0.0007827316294424236 0.02525000087916851
			vertex -0.0036484175361692905 0.0004473418230190873 0.02500024624168873
		endloop
	endfacet
	facet normal -0.08158305825905074 0.002489070936485237 -0.9966634382433086
		outer loop
			vertex -0.0036689031403511763 0.00022408772201742977 0.02500024624168873
			vertex -0.0018397391540929675 0.000056131106248358265 0.02485009841620922
			vertex -0.0036757399793714285 -8.899043287394947e-17 0.02500024624168873
		endloop
	endfacet
	facet normal -0.08135610615142744 0.004969026239471994 -0.996672710958873
		outer loop
			vertex -0.0036689031403511763 0.00022408772201742977 0.02500024624168873
			vertex -0.0018328952137380838 0.00016818451695144176 0.02485009841620922
			vertex -0.0018397391540929675 0.000056131106248358265 0.02485009841620922
		endloop
	endfacet
	facet normal -0.08127955864855735 0.007458142354752757 -0.9966634384076263
		outer loop
			vertex -0.0036689031403511763 0.00022408772201742977 0.02500024624168873
			vertex -0.0036484175361692905 0.0004473418230190873 0.02500024624168873
			vertex -0.0018328952137380838 0.00016818451695144176 0.02485009841620922
		endloop
	endfacet
	facet normal -0.07133942993542106 0.9974520969633025 0
		outer loop
			vertex -0.0007827316294424236 0.005444017704576254 0.025550000369548798
			vertex -6.735557503102785e-19 0.005499999970197678 0.025550000369548798
			vertex -6.735557503102785e-19 0.005499999970197678 0.02525000087916851
		endloop
	endfacet
	facet normal -0.07133942993542106 0.9974520969633025 0
		outer loop
			vertex -0.0007827316294424236 0.005444017704576254 0.025550000369548798
			vertex -6.735557503102785e-19 0.005499999970197678 0.02525000087916851
			vertex -0.0007827316294424236 0.005444017704576254 0.02525000087916851
		endloop
	endfacet
	facet normal -0.21256508092030657 0.9771469113563956 0
		outer loop
			vertex -0.0015495290281251073 0.005277211312204599 0.025550000369548798
			vertex -0.0007827316294424236 0.005444017704576254 0.02525000087916851
			vertex -0.0015495290281251073 0.005277211312204599 0.02525000087916851
		endloop
	endfacet
	facet normal -0.21256508092030657 0.9771469113563956 0
		outer loop
			vertex -0.0015495290281251073 0.005277211312204599 0.025550000369548798
			vertex -0.0007827316294424236 0.005444017704576254 0.025550000369548798
			vertex -0.0007827316294424236 0.005444017704576254 0.02525000087916851
		endloop
	endfacet
	facet normal -0.34946420882012214 0.936949714100883 0
		outer loop
			vertex -0.002284782472997904 0.005002975929528475 0.025550000369548798
			vertex -0.0015495290281251073 0.005277211312204599 0.025550000369548798
			vertex -0.0015495290281251073 0.005277211312204599 0.02525000087916851
		endloop
	endfacet
	facet normal -0.34946420882012214 0.936949714100883 0
		outer loop
			vertex -0.002284782472997904 0.005002975929528475 0.025550000369548798
			vertex -0.0015495290281251073 0.005277211312204599 0.02525000087916851
			vertex -0.002284782472997904 0.005002975929528475 0.02525000087916851
		endloop
	endfacet
	facet normal -0.4792490074845411 0.8776789782289892 0
		outer loop
			vertex -0.0029735243879258633 0.004626894369721413 0.025550000369548798
			vertex -0.002284782472997904 0.005002975929528475 0.025550000369548798
			vertex -0.002284782472997904 0.005002975929528475 0.02525000087916851
		endloop
	endfacet
	facet normal -0.4792490074845411 0.8776789782289892 0
		outer loop
			vertex -0.0029735243879258633 0.004626894369721413 0.025550000369548798
			vertex -0.002284782472997904 0.005002975929528475 0.02525000087916851
			vertex -0.0029735243879258633 0.004626894369721413 0.02525000087916851
		endloop
	endfacet
	facet normal -0.5992776086464904 0.8005412842414462 0
		outer loop
			vertex -0.003601734060794115 0.0041566225700080395 0.025550000369548798
			vertex -0.0029735243879258633 0.004626894369721413 0.025550000369548798
			vertex -0.0029735243879258633 0.004626894369721413 0.02525000087916851
		endloop
	endfacet
	facet normal -0.5992776086464904 0.8005412842414462 0
		outer loop
			vertex -0.003601734060794115 0.0041566225700080395 0.025550000369548798
			vertex -0.0029735243879258633 0.004626894369721413 0.02525000087916851
			vertex -0.003601734060794115 0.0041566225700080395 0.02525000087916851
		endloop
	endfacet
	facet normal -0.7071067811865476 0.7071067811865476 0
		outer loop
			vertex -0.0041566225700080395 0.003601734060794115 0.025550000369548798
			vertex -0.003601734060794115 0.0041566225700080395 0.025550000369548798
			vertex -0.003601734060794115 0.0041566225700080395 0.02525000087916851
		endloop
	endfacet
	facet normal -0.7071067811865476 0.7071067811865476 0
		outer loop
			vertex -0.0041566225700080395 0.003601734060794115 0.025550000369548798
			vertex -0.003601734060794115 0.0041566225700080395 0.02525000087916851
			vertex -0.0041566225700080395 0.003601734060794115 0.02525000087916851
		endloop
	endfacet
	facet normal -0.8005412842414462 0.5992776086464904 0
		outer loop
			vertex -0.004626894369721413 0.0029735243879258633 0.025550000369548798
			vertex -0.0041566225700080395 0.003601734060794115 0.025550000369548798
			vertex -0.0041566225700080395 0.003601734060794115 0.02525000087916851
		endloop
	endfacet
	facet normal -0.8005412842414462 0.5992776086464904 0
		outer loop
			vertex -0.004626894369721413 0.0029735243879258633 0.025550000369548798
			vertex -0.0041566225700080395 0.003601734060794115 0.02525000087916851
			vertex -0.004626894369721413 0.0029735243879258633 0.02525000087916851
		endloop
	endfacet
	facet normal -0.8776789782289892 0.4792490074845411 0
		outer loop
			vertex -0.005002975929528475 0.002284782472997904 0.025550000369548798
			vertex -0.004626894369721413 0.0029735243879258633 0.025550000369548798
			vertex -0.004626894369721413 0.0029735243879258633 0.02525000087916851
		endloop
	endfacet
	facet normal -0.8776789782289892 0.4792490074845411 0
		outer loop
			vertex -0.005002975929528475 0.002284782472997904 0.025550000369548798
			vertex -0.004626894369721413 0.0029735243879258633 0.02525000087916851
			vertex -0.005002975929528475 0.002284782472997904 0.02525000087916851
		endloop
	endfacet
	facet normal -0.936949714100883 0.34946420882012214 0
		outer loop
			vertex -0.005277211312204599 0.0015495290281251073 0.025550000369548798
			vertex -0.005002975929528475 0.002284782472997904 0.025550000369548798
			vertex -0.005002975929528475 0.002284782472997904 0.02525000087916851
		endloop
	endfacet
	facet normal -0.936949714100883 0.34946420882012214 0
		outer loop
			vertex -0.005277211312204599 0.0015495290281251073 0.025550000369548798
			vertex -0.005002975929528475 0.002284782472997904 0.02525000087916851
			vertex -0.005277211312204599 0.0015495290281251073 0.02525000087916851
		endloop
	endfacet
	facet normal -0.9771469113563956 0.21256508092030657 0
		outer loop
			vertex -0.005444017704576254 0.0007827316294424236 0.025550000369548798
			vertex -0.005277211312204599 0.0015495290281251073 0.025550000369548798
			vertex -0.005277211312204599 0.0015495290281251073 0.02525000087916851
		endloop
	endfacet
	facet normal -0.9771469113563956 0.21256508092030657 0
		outer loop
			vertex -0.005444017704576254 0.0007827316294424236 0.025550000369548798
			vertex -0.005277211312204599 0.0015495290281251073 0.02525000087916851
			vertex -0.005444017704576254 0.0007827316294424236 0.02525000087916851
		endloop
	endfacet
	facet normal -0.9974520969633025 0.07133942993542094 0
		outer loop
			vertex -0.005499999970197678 -6.735557503102785e-19 0.025550000369548798
			vertex -0.005444017704576254 0.0007827316294424236 0.025550000369548798
			vertex -0.005444017704576254 0.0007827316294424236 0.02525000087916851
		endloop
	endfacet
	facet normal -0.9974520969633031 0.07133942993541291 -2.105381481709324e-14
		outer loop
			vertex -0.005499999970197678 -6.735557503102785e-19 0.025550000369548798
			vertex -0.005444017704576254 0.0007827316294424236 0.02525000087916851
			vertex -0.005499999970197678 -8.921384443123269e-17 0.02525000087916851
		endloop
	endfacet
	facet normal -0.9971129332691009 -0.07593285394010733 2.241042743006337e-14
		outer loop
			vertex -0.005436575971543789 -0.0008328527910634875 0.025550000369548798
			vertex -0.005499999970197678 -6.735557503102785e-19 0.025550000369548798
			vertex -0.005499999970197678 -8.921384443123269e-17 0.02525000087916851
		endloop
	endfacet
	facet normal -0.9971129332691002 -0.07593285394011536 0
		outer loop
			vertex -0.005436575971543789 -0.0008328527910634875 0.025550000369548798
			vertex -0.005499999970197678 -8.921384443123269e-17 0.02525000087916851
			vertex -0.005436575971543789 -0.0008328527910634875 0.02525000087916851
		endloop
	endfacet
	facet normal -0.9741160382267822 -0.2260485436125577 0
		outer loop
			vertex -0.005247765686362982 -0.0016464971704408526 0.025550000369548798
			vertex -0.005436575971543789 -0.0008328527910634875 0.025550000369548798
			vertex -0.005436575971543789 -0.0008328527910634875 0.02525000087916851
		endloop
	endfacet
	facet normal -0.9741160382267822 -0.2260485436125577 0
		outer loop
			vertex -0.005247765686362982 -0.0016464971704408526 0.025550000369548798
			vertex -0.005436575971543789 -0.0008328527910634875 0.02525000087916851
			vertex -0.005247765686362982 -0.0016464971704408526 0.02525000087916851
		endloop
	endfacet
	facet normal -0.9286530833987646 -0.37094939101441726 0
		outer loop
			vertex -0.004937924910336733 -0.002422167919576168 0.025550000369548798
			vertex -0.005247765686362982 -0.0016464971704408526 0.025550000369548798
			vertex -0.005247765686362982 -0.0016464971704408526 0.02525000087916851
		endloop
	endfacet
	facet normal -0.9286530833987646 -0.37094939101441726 0
		outer loop
			vertex -0.004937924910336733 -0.002422167919576168 0.025550000369548798
			vertex -0.005247765686362982 -0.0016464971704408526 0.02525000087916851
			vertex -0.004937924910336733 -0.002422167919576168 0.02525000087916851
		endloop
	endfacet
	facet normal -0.8617719366006895 -0.5072958991431897 0
		outer loop
			vertex -0.004514198750257492 -0.003141975263133645 0.025550000369548798
			vertex -0.004937924910336733 -0.002422167919576168 0.025550000369548798
			vertex -0.004937924910336733 -0.002422167919576168 0.02525000087916851
		endloop
	endfacet
	facet normal -0.8617719366006895 -0.5072958991431897 0
		outer loop
			vertex -0.004514198750257492 -0.003141975263133645 0.025550000369548798
			vertex -0.004937924910336733 -0.002422167919576168 0.02525000087916851
			vertex -0.004514198750257492 -0.003141975263133645 0.02525000087916851
		endloop
	endfacet
	facet normal -0.7750158061295437 -0.6319418487878247 0
		outer loop
			vertex -0.003986360505223274 -0.0037893180269747972 0.025550000369548798
			vertex -0.004514198750257492 -0.003141975263133645 0.025550000369548798
			vertex -0.004514198750257492 -0.003141975263133645 0.02525000087916851
		endloop
	endfacet
	facet normal -0.7750158061295437 -0.6319418487878247 0
		outer loop
			vertex -0.003986360505223274 -0.0037893180269747972 0.025550000369548798
			vertex -0.004514198750257492 -0.003141975263133645 0.02525000087916851
			vertex -0.003986360505223274 -0.0037893180269747972 0.02525000087916851
		endloop
	endfacet
	facet normal -0.670384752685637 -0.7420136679109202 0
		outer loop
			vertex -0.0033665827941149473 -0.004349266644567251 0.025550000369548798
			vertex -0.003986360505223274 -0.0037893180269747972 0.025550000369548798
			vertex -0.003986360505223274 -0.0037893180269747972 0.02525000087916851
		endloop
	endfacet
	facet normal -0.670384752685637 -0.7420136679109202 0
		outer loop
			vertex -0.0033665827941149473 -0.004349266644567251 0.025550000369548798
			vertex -0.003986360505223274 -0.0037893180269747972 0.02525000087916851
			vertex -0.0033665827941149473 -0.004349266644567251 0.02525000087916851
		endloop
	endfacet
	facet normal -0.5502927229567561 -0.8349718073449182 0
		outer loop
			vertex -0.002669160719960928 -0.004808906465768814 0.025550000369548798
			vertex -0.0033665827941149473 -0.004349266644567251 0.02525000087916851
			vertex -0.002669160719960928 -0.004808906465768814 0.02525000087916851
		endloop
	endfacet
	facet normal -0.5502927229567561 -0.8349718073449182 0
		outer loop
			vertex -0.002669160719960928 -0.004808906465768814 0.025550000369548798
			vertex -0.0033665827941149473 -0.004349266644567251 0.025550000369548798
			vertex -0.0033665827941149473 -0.004349266644567251 0.02525000087916851
		endloop
	endfacet
	facet normal -0.41750917898353285 -0.9086727053590288 0
		outer loop
			vertex -0.0019101789221167564 -0.005157636944204569 0.025550000369548798
			vertex -0.002669160719960928 -0.004808906465768814 0.02525000087916851
			vertex -0.0019101789221167564 -0.005157636944204569 0.02525000087916851
		endloop
	endfacet
	facet normal -0.41750917898353285 -0.9086727053590288 0
		outer loop
			vertex -0.0019101789221167564 -0.005157636944204569 0.025550000369548798
			vertex -0.002669160719960928 -0.004808906465768814 0.025550000369548798
			vertex -0.002669160719960928 -0.004808906465768814 0.02525000087916851
		endloop
	endfacet
	facet normal -0.2750958954710337 -0.9614167921848413 0
		outer loop
			vertex -0.0011071418412029743 -0.005387414712458849 0.025550000369548798
			vertex -0.0019101789221167564 -0.005157636944204569 0.02525000087916851
			vertex -0.0011071418412029743 -0.005387414712458849 0.02525000087916851
		endloop
	endfacet
	facet normal -0.2750958954710337 -0.9614167921848413 0
		outer loop
			vertex -0.0011071418412029743 -0.005387414712458849 0.025550000369548798
			vertex -0.0019101789221167564 -0.005157636944204569 0.025550000369548798
			vertex -0.0019101789221167564 -0.005157636944204569 0.02525000087916851
		endloop
	endfacet
	facet normal -0.12633881643711312 -0.9919871488387687 0
		outer loop
			vertex -0.0002785704273264855 -0.00549294101074338 0.025550000369548798
			vertex -0.0011071418412029743 -0.005387414712458849 0.02525000087916851
			vertex -0.0002785704273264855 -0.00549294101074338 0.02525000087916851
		endloop
	endfacet
	facet normal -0.12633881643711312 -0.9919871488387687 0
		outer loop
			vertex -0.0002785704273264855 -0.00549294101074338 0.025550000369548798
			vertex -0.0011071418412029743 -0.005387414712458849 0.025550000369548798
			vertex -0.0011071418412029743 -0.005387414712458849 0.02525000087916851
		endloop
	endfacet
	facet normal 0.025332879515757686 -0.9996790711100441 0
		outer loop
			vertex 0.0005564257735386491 -0.005471781361848116 0.025550000369548798
			vertex -0.0002785704273264855 -0.00549294101074338 0.02525000087916851
			vertex 0.0005564257735386491 -0.005471781361848116 0.02525000087916851
		endloop
	endfacet
	facet normal 0.025332879515757686 -0.9996790711100441 0
		outer loop
			vertex 0.0005564257735386491 -0.005471781361848116 0.025550000369548798
			vertex -0.0002785704273264855 -0.00549294101074338 0.025550000369548798
			vertex -0.0002785704273264855 -0.00549294101074338 0.02525000087916851
		endloop
	endfacet
	facet normal 0.17641975121453948 -0.9843150264937542 0
		outer loop
			vertex 0.001378588960506022 -0.005324424244463444 0.025550000369548798
			vertex 0.0005564257735386491 -0.005471781361848116 0.02525000087916851
			vertex 0.001378588960506022 -0.005324424244463444 0.02525000087916851
		endloop
	endfacet
	facet normal 0.17641975121453948 -0.9843150264937542 0
		outer loop
			vertex 0.001378588960506022 -0.005324424244463444 0.025550000369548798
			vertex 0.0005564257735386491 -0.005471781361848116 0.025550000369548798
			vertex 0.0005564257735386491 -0.005471781361848116 0.02525000087916851
		endloop
	endfacet
	facet normal 0.32343802086951956 -0.9462493575458893 0
		outer loop
			vertex 0.002168957144021988 -0.005054268054664135 0.025550000369548798
			vertex 0.001378588960506022 -0.005324424244463444 0.02525000087916851
			vertex 0.002168957144021988 -0.005054268054664135 0.02525000087916851
		endloop
	endfacet
	facet normal 0.32343802086951956 -0.9462493575458893 0
		outer loop
			vertex 0.002168957144021988 -0.005054268054664135 0.025550000369548798
			vertex 0.001378588960506022 -0.005324424244463444 0.025550000369548798
			vertex 0.001378588960506022 -0.005324424244463444 0.02525000087916851
		endloop
	endfacet
	facet normal 0.4629967931954326 -0.886359954809978 0
		outer loop
			vertex 0.0029093020129948854 -0.004667543340474367 0.025550000369548798
			vertex 0.002168957144021988 -0.005054268054664135 0.02525000087916851
			vertex 0.0029093020129948854 -0.004667543340474367 0.02525000087916851
		endloop
	endfacet
	facet normal 0.4629967931954326 -0.886359954809978 0
		outer loop
			vertex 0.0029093020129948854 -0.004667543340474367 0.025550000369548798
			vertex 0.002168957144021988 -0.005054268054664135 0.025550000369548798
			vertex 0.002168957144021988 -0.005054268054664135 0.02525000087916851
		endloop
	endfacet
	facet normal 0.5918768725172644 -0.8060283914225242 0
		outer loop
			vertex 0.0035825485829263926 -0.00417316984385252 0.025550000369548798
			vertex 0.0029093020129948854 -0.004667543340474367 0.02525000087916851
			vertex 0.0035825485829263926 -0.00417316984385252 0.02525000087916851
		endloop
	endfacet
	facet normal 0.5918768725172644 -0.8060283914225242 0
		outer loop
			vertex 0.0035825485829263926 -0.00417316984385252 0.025550000369548798
			vertex 0.0029093020129948854 -0.004667543340474367 0.025550000369548798
			vertex 0.0029093020129948854 -0.004667543340474367 0.02525000087916851
		endloop
	endfacet
	facet normal 0.7071067811865476 -0.7071067811865476 0
		outer loop
			vertex 0.00417316984385252 -0.0035825485829263926 0.025550000369548798
			vertex 0.0035825485829263926 -0.00417316984385252 0.02525000087916851
			vertex 0.00417316984385252 -0.0035825485829263926 0.02525000087916851
		endloop
	endfacet
	facet normal 0.7071067811865476 -0.7071067811865476 0
		outer loop
			vertex 0.00417316984385252 -0.0035825485829263926 0.025550000369548798
			vertex 0.0035825485829263926 -0.00417316984385252 0.025550000369548798
			vertex 0.0035825485829263926 -0.00417316984385252 0.02525000087916851
		endloop
	endfacet
	facet normal 0.8060283914225242 -0.5918768725172644 0
		outer loop
			vertex 0.004667543340474367 -0.0029093020129948854 0.025550000369548798
			vertex 0.00417316984385252 -0.0035825485829263926 0.02525000087916851
			vertex 0.004667543340474367 -0.0029093020129948854 0.02525000087916851
		endloop
	endfacet
	facet normal 0.8060283914225242 -0.5918768725172644 0
		outer loop
			vertex 0.004667543340474367 -0.0029093020129948854 0.025550000369548798
			vertex 0.00417316984385252 -0.0035825485829263926 0.025550000369548798
			vertex 0.00417316984385252 -0.0035825485829263926 0.02525000087916851
		endloop
	endfacet
	facet normal 0.886359954809978 -0.4629967931954326 0
		outer loop
			vertex 0.005054268054664135 -0.002168957144021988 0.025550000369548798
			vertex 0.004667543340474367 -0.0029093020129948854 0.025550000369548798
			vertex 0.004667543340474367 -0.0029093020129948854 0.02525000087916851
		endloop
	endfacet
	facet normal 0.886359954809978 -0.4629967931954326 0
		outer loop
			vertex 0.005054268054664135 -0.002168957144021988 0.025550000369548798
			vertex 0.004667543340474367 -0.0029093020129948854 0.02525000087916851
			vertex 0.005054268054664135 -0.002168957144021988 0.02525000087916851
		endloop
	endfacet
	facet normal 0.9462493575458893 -0.32343802086951956 0
		outer loop
			vertex 0.005324424244463444 -0.001378588960506022 0.025550000369548798
			vertex 0.005054268054664135 -0.002168957144021988 0.025550000369548798
			vertex 0.005054268054664135 -0.002168957144021988 0.02525000087916851
		endloop
	endfacet
	facet normal 0.9462493575458893 -0.32343802086951956 0
		outer loop
			vertex 0.005324424244463444 -0.001378588960506022 0.025550000369548798
			vertex 0.005054268054664135 -0.002168957144021988 0.02525000087916851
			vertex 0.005324424244463444 -0.001378588960506022 0.02525000087916851
		endloop
	endfacet
	facet normal 0.9843150264937542 -0.17641975121453948 0
		outer loop
			vertex 0.005471781361848116 -0.0005564257735386491 0.025550000369548798
			vertex 0.005324424244463444 -0.001378588960506022 0.025550000369548798
			vertex 0.005324424244463444 -0.001378588960506022 0.02525000087916851
		endloop
	endfacet
	facet normal 0.9843150264937542 -0.17641975121453948 0
		outer loop
			vertex 0.005471781361848116 -0.0005564257735386491 0.025550000369548798
			vertex 0.005324424244463444 -0.001378588960506022 0.02525000087916851
			vertex 0.005471781361848116 -0.0005564257735386491 0.02525000087916851
		endloop
	endfacet
	facet normal 0.9996790711100441 -0.025332879515757686 0
		outer loop
			vertex 0.00549294101074338 0.0002785704273264855 0.025550000369548798
			vertex 0.005471781361848116 -0.0005564257735386491 0.025550000369548798
			vertex 0.005471781361848116 -0.0005564257735386491 0.02525000087916851
		endloop
	endfacet
	facet normal 0.9996790711100441 -0.025332879515757686 0
		outer loop
			vertex 0.00549294101074338 0.0002785704273264855 0.025550000369548798
			vertex 0.005471781361848116 -0.0005564257735386491 0.02525000087916851
			vertex 0.00549294101074338 0.0002785704273264855 0.02525000087916851
		endloop
	endfacet
	facet normal 0.9919871488387687 0.12633881643711312 0
		outer loop
			vertex 0.005387414712458849 0.0011071418412029743 0.025550000369548798
			vertex 0.00549294101074338 0.0002785704273264855 0.025550000369548798
			vertex 0.00549294101074338 0.0002785704273264855 0.02525000087916851
		endloop
	endfacet
	facet normal 0.9919871488387687 0.12633881643711312 0
		outer loop
			vertex 0.005387414712458849 0.0011071418412029743 0.025550000369548798
			vertex 0.00549294101074338 0.0002785704273264855 0.02525000087916851
			vertex 0.005387414712458849 0.0011071418412029743 0.02525000087916851
		endloop
	endfacet
	facet normal 0.9614167921848413 0.2750958954710337 0
		outer loop
			vertex 0.005157636944204569 0.0019101789221167564 0.025550000369548798
			vertex 0.005387414712458849 0.0011071418412029743 0.025550000369548798
			vertex 0.005387414712458849 0.0011071418412029743 0.02525000087916851
		endloop
	endfacet
	facet normal 0.9614167921848413 0.2750958954710337 0
		outer loop
			vertex 0.005157636944204569 0.0019101789221167564 0.025550000369548798
			vertex 0.005387414712458849 0.0011071418412029743 0.02525000087916851
			vertex 0.005157636944204569 0.0019101789221167564 0.02525000087916851
		endloop
	endfacet
	facet normal 0.9086727053590288 0.41750917898353285 0
		outer loop
			vertex 0.004808906465768814 0.002669160719960928 0.025550000369548798
			vertex 0.005157636944204569 0.0019101789221167564 0.025550000369548798
			vertex 0.005157636944204569 0.0019101789221167564 0.02525000087916851
		endloop
	endfacet
	facet normal 0.9086727053590288 0.41750917898353285 0
		outer loop
			vertex 0.004808906465768814 0.002669160719960928 0.025550000369548798
			vertex 0.005157636944204569 0.0019101789221167564 0.02525000087916851
			vertex 0.004808906465768814 0.002669160719960928 0.02525000087916851
		endloop
	endfacet
	facet normal 0.8349718073449182 0.5502927229567561 0
		outer loop
			vertex 0.004349266644567251 0.0033665827941149473 0.025550000369548798
			vertex 0.004808906465768814 0.002669160719960928 0.025550000369548798
			vertex 0.004808906465768814 0.002669160719960928 0.02525000087916851
		endloop
	endfacet
	facet normal 0.8349718073449182 0.5502927229567561 0
		outer loop
			vertex 0.004349266644567251 0.0033665827941149473 0.025550000369548798
			vertex 0.004808906465768814 0.002669160719960928 0.02525000087916851
			vertex 0.004349266644567251 0.0033665827941149473 0.02525000087916851
		endloop
	endfacet
	facet normal 0.7420136679109202 0.670384752685637 0
		outer loop
			vertex 0.0037893180269747972 0.003986360505223274 0.025550000369548798
			vertex 0.004349266644567251 0.0033665827941149473 0.025550000369548798
			vertex 0.004349266644567251 0.0033665827941149473 0.02525000087916851
		endloop
	endfacet
	facet normal 0.7420136679109202 0.670384752685637 0
		outer loop
			vertex 0.0037893180269747972 0.003986360505223274 0.025550000369548798
			vertex 0.004349266644567251 0.0033665827941149473 0.02525000087916851
			vertex 0.0037893180269747972 0.003986360505223274 0.02525000087916851
		endloop
	endfacet
	facet normal 0.6319418487878247 0.7750158061295437 0
		outer loop
			vertex 0.003141975263133645 0.004514198750257492 0.025550000369548798
			vertex 0.0037893180269747972 0.003986360505223274 0.025550000369548798
			vertex 0.0037893180269747972 0.003986360505223274 0.02525000087916851
		endloop
	endfacet
	facet normal 0.6319418487878247 0.7750158061295437 0
		outer loop
			vertex 0.003141975263133645 0.004514198750257492 0.025550000369548798
			vertex 0.0037893180269747972 0.003986360505223274 0.02525000087916851
			vertex 0.003141975263133645 0.004514198750257492 0.02525000087916851
		endloop
	endfacet
	facet normal 0.5072958991431897 0.8617719366006895 0
		outer loop
			vertex 0.002422167919576168 0.004937924910336733 0.025550000369548798
			vertex 0.003141975263133645 0.004514198750257492 0.025550000369548798
			vertex 0.003141975263133645 0.004514198750257492 0.02525000087916851
		endloop
	endfacet
	facet normal 0.5072958991431897 0.8617719366006895 0
		outer loop
			vertex 0.002422167919576168 0.004937924910336733 0.025550000369548798
			vertex 0.003141975263133645 0.004514198750257492 0.02525000087916851
			vertex 0.002422167919576168 0.004937924910336733 0.02525000087916851
		endloop
	endfacet
	facet normal 0.37094939101441726 0.9286530833987646 0
		outer loop
			vertex 0.0016464971704408526 0.005247765686362982 0.025550000369548798
			vertex 0.002422167919576168 0.004937924910336733 0.025550000369548798
			vertex 0.002422167919576168 0.004937924910336733 0.02525000087916851
		endloop
	endfacet
	facet normal 0.37094939101441726 0.9286530833987646 0
		outer loop
			vertex 0.0016464971704408526 0.005247765686362982 0.025550000369548798
			vertex 0.002422167919576168 0.004937924910336733 0.02525000087916851
			vertex 0.0016464971704408526 0.005247765686362982 0.02525000087916851
		endloop
	endfacet
	facet normal 0.2260485436125577 0.9741160382267822 0
		outer loop
			vertex 0.0008328527910634875 0.005436575971543789 0.025550000369548798
			vertex 0.0016464971704408526 0.005247765686362982 0.025550000369548798
			vertex 0.0016464971704408526 0.005247765686362982 0.02525000087916851
		endloop
	endfacet
	facet normal 0.2260485436125577 0.9741160382267822 0
		outer loop
			vertex 0.0008328527910634875 0.005436575971543789 0.025550000369548798
			vertex 0.0016464971704408526 0.005247765686362982 0.02525000087916851
			vertex 0.0008328527910634875 0.005436575971543789 0.02525000087916851
		endloop
	endfacet
	facet normal 0.07593285394010721 0.997112933269101 0
		outer loop
			vertex -6.735557503102785e-19 0.005499999970197678 0.025550000369548798
			vertex 0.0008328527910634875 0.005436575971543789 0.025550000369548798
			vertex 0.0008328527910634875 0.005436575971543789 0.02525000087916851
		endloop
	endfacet
	facet normal 0.07593285394010721 0.997112933269101 0
		outer loop
			vertex -6.735557503102785e-19 0.005499999970197678 0.025550000369548798
			vertex 0.0008328527910634875 0.005436575971543789 0.02525000087916851
			vertex -6.735557503102785e-19 0.005499999970197678 0.02525000087916851
		endloop
	endfacet
	facet normal -0.23642411537319438 -0.018004337544488422 0.9714831349537606
		outer loop
			vertex -0.004144124686717987 -0.00016081090143416077 0.02587699145078659
			vertex -0.005499999970197678 -6.735557503102785e-19 0.025550000369548798
			vertex -0.005436575971543789 -0.0008328527910634875 0.025550000369548798
		endloop
	endfacet
	facet normal -0.1686001453151203 -0.0032700751686013524 0.9856791047841647
		outer loop
			vertex -0.004144124686717987 -0.00016081090143416077 0.02587699145078659
			vertex -0.0027754504699259996 -3.398946400044508e-19 0.02611163631081581
			vertex -0.004147243686020374 -5.078908606615138e-19 0.02587699145078659
		endloop
	endfacet
	facet normal -0.23495292466875387 -0.0045570169783279105 0.9719960682975309
		outer loop
			vertex -0.004144124686717987 -0.00016081090143416077 0.02587699145078659
			vertex -0.004147243686020374 -5.078908606615138e-19 0.02587699145078659
			vertex -0.005499999970197678 -6.735557503102785e-19 0.025550000369548798
		endloop
	endfacet
	facet normal -0.23624708997492344 -0.018362479743836098 0.9715194963643488
		outer loop
			vertex -0.004119201563298702 -0.0004814655985683203 0.02587699145078659
			vertex -0.004144124686717987 -0.00016081090143416077 0.02587699145078659
			vertex -0.005436575971543789 -0.0008328527910634875 0.025550000369548798
		endloop
	endfacet
	facet normal -0.23104661145435734 -0.053615532417417115 0.9714642752150262
		outer loop
			vertex -0.004069504793733358 -0.0007992246537469327 0.02587699145078659
			vertex -0.005436575971543789 -0.0008328527910634875 0.025550000369548798
			vertex -0.005247765686362982 -0.0016464971704408526 0.025550000369548798
		endloop
	endfacet
	facet normal -0.23163320704607088 -0.036226889294404506 0.972128422527396
		outer loop
			vertex -0.004069504793733358 -0.0007992246537469327 0.02587699145078659
			vertex -0.004119201563298702 -0.0004814655985683203 0.02587699145078659
			vertex -0.005436575971543789 -0.0008328527910634875 0.025550000369548798
		endloop
	endfacet
	facet normal -0.23036926400960606 -0.05459843803574056 0.9715703848737518
		outer loop
			vertex -0.003995333798229694 -0.0011121771531179547 0.02587699145078659
			vertex -0.004069504793733358 -0.0007992246537469327 0.02587699145078659
			vertex -0.005247765686362982 -0.0016464971704408526 0.025550000369548798
		endloop
	endfacet
	facet normal -0.2203289738403216 -0.08801015161633124 0.971447042560191
		outer loop
			vertex -0.0038971342146396637 -0.0014184408355504274 0.02587699145078659
			vertex -0.005247765686362982 -0.0016464971704408526 0.025550000369548798
			vertex -0.004937924910336733 -0.002422167919576168 0.025550000369548798
		endloop
	endfacet
	facet normal -0.22326615943631878 -0.07158747557744137 0.9721252261879668
		outer loop
			vertex -0.0038971342146396637 -0.0014184408355504274 0.02587699145078659
			vertex -0.003995333798229694 -0.0011121771531179547 0.02587699145078659
			vertex -0.005247765686362982 -0.0016464971704408526 0.025550000369548798
		endloop
	endfacet
	facet normal -0.21898115069044782 -0.08946376574848863 0.9716190046825901
		outer loop
			vertex -0.0037754967343062162 -0.001716173836030066 0.02587699145078659
			vertex -0.0038971342146396637 -0.0014184408355504274 0.02587699145078659
			vertex -0.004937924910336733 -0.002422167919576168 0.025550000369548798
		endloop
	endfacet
	facet normal -0.20451593206895008 -0.12039158998060893 0.9714314688087419
		outer loop
			vertex -0.003631153143942356 -0.002003585686907172 0.02587699145078659
			vertex -0.004937924910336733 -0.002422167919576168 0.025550000369548798
			vertex -0.004514198750257492 -0.003141975263133645 0.025550000369548798
		endloop
	endfacet
	facet normal -0.20954272677719857 -0.10523626435496948 0.9721199382377606
		outer loop
			vertex -0.003631153143942356 -0.002003585686907172 0.02587699145078659
			vertex -0.0037754967343062162 -0.001716173836030066 0.02587699145078659
			vertex -0.004937924910336733 -0.002422167919576168 0.025550000369548798
		endloop
	endfacet
	facet normal -0.2023645101185335 -0.12212760725692941 0.9716652986446431
		outer loop
			vertex -0.003464971436187625 -0.002278947504237294 0.02587699145078659
			vertex -0.003631153143942356 -0.002003585686907172 0.02587699145078659
			vertex -0.004514198750257492 -0.003141975263133645 0.025550000369548798
		endloop
	endfacet
	facet normal -0.16822555531336592 -0.006527999315572596 0.9857269133814119
		outer loop
			vertex -0.002767104422673583 -0.00021507637575268745 0.02611163631081581
			vertex -0.0027754504699259996 -3.398946400044508e-19 0.02611163631081581
			vertex -0.004144124686717987 -0.00016081090143416077 0.02587699145078659
		endloop
	endfacet
	facet normal -0.16846617412358872 -0.013094157943678032 0.9856204600168905
		outer loop
			vertex -0.002767104422673583 -0.00021507637575268745 0.02611163631081581
			vertex -0.004144124686717987 -0.00016081090143416077 0.02587699145078659
			vertex -0.004119201563298702 -0.0004814655985683203 0.02587699145078659
		endloop
	endfacet
	facet normal -0.1839711553212049 -0.1500086464015698 0.9714175312472748
		outer loop
			vertex -0.003277950920164585 -0.002540603745728731 0.02587699145078659
			vertex -0.004514198750257492 -0.003141975263133645 0.025550000369548798
			vertex -0.003986360505223274 -0.0037893180269747972 0.025550000369548798
		endloop
	endfacet
	facet normal -0.1907901927751882 -0.13636854256396047 0.9721125052892736
		outer loop
			vertex -0.003277950920164585 -0.002540603745728731 0.02587699145078659
			vertex -0.003464971436187625 -0.002278947504237294 0.02587699145078659
			vertex -0.004514198750257492 -0.003141975263133645 0.025550000369548798
		endloop
	endfacet
	facet normal -0.16694486899413788 -0.026109785226591433 0.9856204593209049
		outer loop
			vertex -0.002742116805166006 -0.00042885926086455584 0.02611163631081581
			vertex -0.004119201563298702 -0.0004814655985683203 0.02587699145078659
			vertex -0.004069504793733358 -0.0007992246537469327 0.02587699145078659
		endloop
	endfacet
	facet normal -0.1672138114248725 -0.019544477377982827 0.9857269168855991
		outer loop
			vertex -0.002742116805166006 -0.00042885926086455584 0.02611163631081581
			vertex -0.002767104422673583 -0.00021507637575268745 0.02611163631081581
			vertex -0.004119201563298702 -0.0004814655985683203 0.02587699145078659
		endloop
	endfacet
	facet normal -0.1809242959391513 -0.15181357691061656 0.9717093377160306
		outer loop
			vertex -0.0030712164007127285 -0.0027869802433997393 0.02587699145078659
			vertex -0.003277950920164585 -0.002540603745728731 0.02587699145078659
			vertex -0.003986360505223274 -0.0037893180269747972 0.025550000369548798
		endloop
	endfacet
	facet normal -0.1644195845607272 -0.03896809992467892 0.9856204580877662
		outer loop
			vertex -0.0027006377931684256 -0.0006400629063136876 0.02611163631081581
			vertex -0.004069504793733358 -0.0007992246537469327 0.02587699145078659
			vertex -0.003995333798229694 -0.0011121771531179547 0.02587699145078659
		endloop
	endfacet
	facet normal -0.16519646452575093 -0.03244350313864187 0.9857269131013342
		outer loop
			vertex -0.0027006377931684256 -0.0006400629063136876 0.02611163631081581
			vertex -0.002742116805166006 -0.00042885926086455584 0.02611163631081581
			vertex -0.004069504793733358 -0.0007992246537469327 0.02587699145078659
		endloop
	endfacet
	facet normal -0.15916780761219013 -0.1761744852735987 0.9714052500159299
		outer loop
			vertex -0.0028460111934691668 -0.0030165957286953926 0.02587699145078659
			vertex -0.003986360505223274 -0.0037893180269747972 0.025550000369548798
			vertex -0.0033665827941149473 -0.004349266644567251 0.025550000369548798
		endloop
	endfacet
	facet normal -0.1674554923472207 -0.1642391357428296 0.9721029597595094
		outer loop
			vertex -0.0028460111934691668 -0.0030165957286953926 0.02587699145078659
			vertex -0.0030712164007127285 -0.0027869802433997393 0.02587699145078659
			vertex -0.003986360505223274 -0.0037893180269747972 0.025550000369548798
		endloop
	endfacet
	facet normal -0.16218555569858897 -0.04514746839150249 0.9857269153373962
		outer loop
			vertex -0.0026429167483001947 -0.0008474171627312899 0.02611163631081581
			vertex -0.0027006377931684256 -0.0006400629063136876 0.02611163631081581
			vertex -0.003995333798229694 -0.0011121771531179547 0.02587699145078659
		endloop
	endfacet
	facet normal -0.16090539675595192 -0.051592284247764304 0.9856204591529681
		outer loop
			vertex -0.0026429167483001947 -0.0008474171627312899 0.02611163631081581
			vertex -0.003995333798229694 -0.0011121771531179547 0.02587699145078659
			vertex -0.0038971342146396637 -0.0014184408355504274 0.02587699145078659
		endloop
	endfacet
	facet normal -0.1551802240671055 -0.1778169878348431 0.971751108512785
		outer loop
			vertex -0.0026036896742880344 -0.0032280688174068928 0.02587699145078659
			vertex -0.0028460111934691668 -0.0030165957286953926 0.02587699145078659
			vertex -0.0033665827941149473 -0.004349266644567251 0.025550000369548798
		endloop
	endfacet
	facet normal -0.15642354436517522 -0.06390613660815327 0.9856204545726799
		outer loop
			vertex -0.002569301053881645 -0.0010496749309822917 0.02611163631081581
			vertex -0.0038971342146396637 -0.0014184408355504274 0.02587699145078659
			vertex -0.0037754967343062162 -0.001716173836030066 0.02587699145078659
		endloop
	endfacet
	facet normal -0.1581993199165581 -0.0575797552445406 0.9857269129753521
		outer loop
			vertex -0.002569301053881645 -0.0010496749309822917 0.02611163631081581
			vertex -0.0026429167483001947 -0.0008474171627312899 0.02611163631081581
			vertex -0.0038971342146396637 -0.0014184408355504274 0.02587699145078659
		endloop
	endfacet
	facet normal -0.13067857216883744 -0.19828160365050293 0.9713946244599561
		outer loop
			vertex -0.0023457093629986048 -0.003420128021389246 0.02587699145078659
			vertex -0.0033665827941149473 -0.004349266644567251 0.025550000369548798
			vertex -0.002669160719960928 -0.004808906465768814 0.025550000369548798
		endloop
	endfacet
	facet normal -0.14009516017118112 -0.18818047915279604 0.9720912783079763
		outer loop
			vertex -0.0023457093629986048 -0.003420128021389246 0.02587699145078659
			vertex -0.0026036896742880344 -0.0032280688174068928 0.02587699145078659
			vertex -0.0033665827941149473 -0.004349266644567251 0.025550000369548798
		endloop
	endfacet
	facet normal -0.1532615723979188 -0.06966599010119033 0.98572690956945
		outer loop
			vertex -0.0024802330881357193 -0.0012456198455765843 0.02611163631081581
			vertex -0.002569301053881645 -0.0010496749309822917 0.02611163631081581
			vertex -0.0037754967343062162 -0.001716173836030066 0.02587699145078659
		endloop
	endfacet
	facet normal -0.15100097548309632 -0.0758355053320159 0.9856204551114954
		outer loop
			vertex -0.0024802330881357193 -0.0012456198455765843 0.02611163631081581
			vertex -0.0037754967343062162 -0.001716173836030066 0.02587699145078659
			vertex -0.003631153143942356 -0.002003585686907172 0.02587699145078659
		endloop
	endfacet
	facet normal -0.12575383119530364 -0.19952183154002842 0.9717906218309661
		outer loop
			vertex -0.002073621843010187 -0.0035916182678192854 0.02587699145078659
			vertex -0.0023457093629986048 -0.003420128021389246 0.02587699145078659
			vertex -0.002669160719960928 -0.004808906465768814 0.025550000369548798
		endloop
	endfacet
	facet normal -0.14467021232873856 -0.08730892023859191 0.9856204554043757
		outer loop
			vertex -0.0023762488272041082 -0.0014340734342113137 0.02611163631081581
			vertex -0.003631153143942356 -0.002003585686907172 0.02587699145078659
			vertex -0.003464971436187625 -0.002278947504237294 0.02587699145078659
		endloop
	endfacet
	facet normal -0.1474021467325763 -0.08133304013344317 0.9857269113305571
		outer loop
			vertex -0.0023762488272041082 -0.0014340734342113137 0.02611163631081581
			vertex -0.0024802330881357193 -0.0012456198455765843 0.02611163631081581
			vertex -0.003631153143942356 -0.002003585686907172 0.02587699145078659
		endloop
	endfacet
	facet normal -0.10154581545618284 -0.003940489377861811 0.9948230595974351
		outer loop
			vertex -0.0013898714678362012 -0.00005393334140535444 0.026252854615449905
			vertex -0.0027754504699259996 -3.398946400044508e-19 0.02611163631081581
			vertex -0.002767104422673583 -0.00021507637575268745 0.02611163631081581
		endloop
	endfacet
	facet normal -0.03387572849330519 -0.0006569911817292326 0.9994258368591614
		outer loop
			vertex -0.0013898714678362012 -0.00005393334140535444 0.026252854615449905
			vertex -1.2578143549657372e-18 -1.5403782436052135e-34 0.02630000002682209
			vertex -0.0013909174595028162 -1.7033826623923327e-19 0.026252854615449905
		endloop
	endfacet
	facet normal -0.10147041529405368 -0.001967933119660327 0.9948366107352952
		outer loop
			vertex -0.0013898714678362012 -0.00005393334140535444 0.026252854615449905
			vertex -0.0013909174595028162 -1.7033826623923327e-19 0.026252854615449905
			vertex -0.0027754504699259996 -3.398946400044508e-19 0.02611163631081581
		endloop
	endfacet
	facet normal -0.09916164779839225 -0.21581677076464503 0.9713856541367226
		outer loop
			vertex -0.0017890630988404155 -0.0037415078841149807 0.02587699145078659
			vertex -0.002669160719960928 -0.004808906465768814 0.025550000369548798
			vertex -0.0019101789221167564 -0.005157636944204569 0.025550000369548798
		endloop
	endfacet
	facet normal -0.10936177008981762 -0.20761843766115196 0.9720774596635623
		outer loop
			vertex -0.0017890630988404155 -0.0037415078841149807 0.02587699145078659
			vertex -0.002073621843010187 -0.0035916182678192854 0.02587699145078659
			vertex -0.002669160719960928 -0.004808906465768814 0.025550000369548798
		endloop
	endfacet
	facet normal -0.13746942387284736 -0.09825717301274955 0.985620457098781
		outer loop
			vertex -0.0022579734213650227 -0.0016139023937284946 0.02611163631081581
			vertex -0.003464971436187625 -0.002278947504237294 0.02587699145078659
			vertex -0.003277950920164585 -0.002540603745728731 0.02587699145078659
		endloop
	endfacet
	facet normal -0.14065617898097585 -0.09251105437865002 0.9857269115390034
		outer loop
			vertex -0.0022579734213650227 -0.0016139023937284946 0.02611163631081581
			vertex -0.0023762488272041082 -0.0014340734342113137 0.02611163631081581
			vertex -0.003464971436187625 -0.002278947504237294 0.02587699145078659
		endloop
	endfacet
	facet normal -0.033799257834799715 -0.002627086936742389 0.9994251890882297
		outer loop
			vertex -0.0013815126148983836 -0.00016147566202562302 0.026252854615449905
			vertex -1.2578143549657372e-18 -1.5403782436052135e-34 0.02630000002682209
			vertex -0.0013898714678362012 -0.00005393334140535444 0.026252854615449905
		endloop
	endfacet
	facet normal -0.10108990521629968 -0.007857331386632823 0.9948462662174695
		outer loop
			vertex -0.0013815126148983836 -0.00016147566202562302 0.026252854615449905
			vertex -0.0013898714678362012 -0.00005393334140535444 0.026252854615449905
			vertex -0.002767104422673583 -0.00021507637575268745 0.02611163631081581
		endloop
	endfacet
	facet normal -0.100935112723845 -0.011797614147212119 0.9948230593024361
		outer loop
			vertex -0.0013815126148983836 -0.00016147566202562302 0.026252854615449905
			vertex -0.002767104422673583 -0.00021507637575268745 0.02611163631081581
			vertex -0.002742116805166006 -0.00042885926086455584 0.02611163631081581
		endloop
	endfacet
	facet normal -0.09335265969646198 -0.21641571314785724 0.9718279271714211
		outer loop
			vertex -0.0014937447849661112 -0.0038688958156853914 0.02587699145078659
			vertex -0.0017890630988404155 -0.0037415078841149807 0.02587699145078659
			vertex -0.0019101789221167564 -0.005157636944204569 0.025550000369548798
		endloop
	endfacet
	facet normal -0.12944180149303366 -0.1086146157673621 0.9856204570056094
		outer loop
			vertex -0.002126118401065469 -0.001784025109373033 0.02611163631081581
			vertex -0.003277950920164585 -0.002540603745728731 0.02587699145078659
			vertex -0.0030712164007127285 -0.0027869802433997393 0.02587699145078659
		endloop
	endfacet
	facet normal -0.1330643304135656 -0.10313261178176183 0.9857269136828222
		outer loop
			vertex -0.002126118401065469 -0.001784025109373033 0.02611163631081581
			vertex -0.0022579734213650227 -0.0016139023937284946 0.02611163631081581
			vertex -0.003277950920164585 -0.002540603745728731 0.02587699145078659
		endloop
	endfacet
	facet normal -0.03349404292669667 -0.005238367428000526 0.999425189093768
		outer loop
			vertex -0.0013648452004417777 -0.00026804686058312654 0.026252854615449905
			vertex -1.2578143549657372e-18 -1.5403782436052135e-34 0.02630000002682209
			vertex -0.0013815126148983836 -0.00016147566202562302 0.026252854615449905
		endloop
	endfacet
	facet normal -0.1001770402150373 -0.015667387351369372 0.9948462663081856
		outer loop
			vertex -0.0013648452004417777 -0.00026804686058312654 0.026252854615449905
			vertex -0.0013815126148983836 -0.00016147566202562302 0.026252854615449905
			vertex -0.002742116805166006 -0.00042885926086455584 0.02611163631081581
		endloop
	endfacet
	facet normal -0.0997173697545676 -0.019583837994941615 0.9948230593721774
		outer loop
			vertex -0.0013648452004417777 -0.00026804686058312654 0.026252854615449905
			vertex -0.002742116805166006 -0.00042885926086455584 0.02611163631081581
			vertex -0.0027006377931684256 -0.0006400629063136876 0.02611163631081581
		endloop
	endfacet
	facet normal -0.0653456195789474 -0.22837264020734066 0.9713783440074069
		outer loop
			vertex -0.0011894428171217442 -0.003973015584051609 0.02587699145078659
			vertex -0.0019101789221167564 -0.005157636944204569 0.025550000369548798
			vertex -0.0011071418412029743 -0.005387414712458849 0.025550000369548798
		endloop
	endfacet
	facet normal -0.07598874572751269 -0.22208582694475087 0.9720615186257637
		outer loop
			vertex -0.0011894428171217442 -0.003973015584051609 0.02587699145078659
			vertex -0.0014937447849661112 -0.0038688958156853914 0.02587699145078659
			vertex -0.0019101789221167564 -0.005157636944204569 0.025550000369548798
		endloop
	endfacet
	facet normal -0.12467218023503993 -0.1131339990925574 0.9857269123468058
		outer loop
			vertex -0.001981476554647088 -0.0019434185232967138 0.02611163631081581
			vertex -0.002126118401065469 -0.001784025109373033 0.02611163631081581
			vertex -0.0030712164007127285 -0.0027869802433997393 0.02587699145078659
		endloop
	endfacet
	facet normal -0.12063579638452299 -0.11831871657430809 0.9856204573459708
		outer loop
			vertex -0.001981476554647088 -0.0019434185232967138 0.02611163631081581
			vertex -0.0030712164007127285 -0.0027869802433997393 0.02587699145078659
			vertex -0.0028460111934691668 -0.0030165957286953926 0.02587699145078659
		endloop
	endfacet
	facet normal -0.09789990780363259 -0.02725232203359503 0.9948230591395727
		outer loop
			vertex -0.0013399694580584764 -0.00037300598341971636 0.026252854615449905
			vertex -0.0027006377931684256 -0.0006400629063136876 0.02611163631081581
			vertex -0.0026429167483001947 -0.0008474171627312899 0.02611163631081581
		endloop
	endfacet
	facet normal -0.09866169949942187 -0.023383227236639152 0.9948462663828446
		outer loop
			vertex -0.0013399694580584764 -0.00037300598341971636 0.026252854615449905
			vertex -0.0013648452004417777 -0.00026804686058312654 0.026252854615449905
			vertex -0.0027006377931684256 -0.0006400629063136876 0.02611163631081581
		endloop
	endfacet
	facet normal -0.0329873907646861 -0.007818146840243581 0.9994251891114824
		outer loop
			vertex -0.0013399694580584764 -0.00037300598341971636 0.026252854615449905
			vertex -1.2578143549657372e-18 -1.5403782436052135e-34 0.02630000002682209
			vertex -0.0013648452004417777 -0.00026804686058312654 0.026252854615449905
		endloop
	endfacet
	facet normal -0.058755287980235923 -0.22810120460142494 0.9718629824176548
		outer loop
			vertex -0.0008779875352047384 -0.004053241573274136 0.02587699145078659
			vertex -0.0011894428171217442 -0.003973015584051609 0.02587699145078659
			vertex -0.0011071418412029743 -0.005387414712458849 0.025550000369548798
		endloop
	endfacet
	facet normal -0.11110415464680459 -0.1273113647953497 0.9856204559637367
		outer loop
			vertex -0.001824917970225215 -0.002091123955324292 0.02611163631081581
			vertex -0.0028460111934691668 -0.0030165957286953926 0.02587699145078659
			vertex -0.0026036896742880344 -0.0032280688174068928 0.02587699145078659
		endloop
	endfacet
	facet normal -0.11553027711935643 -0.12245491851847433 0.9857269135005692
		outer loop
			vertex -0.001824917970225215 -0.002091123955324292 0.02611163631081581
			vertex -0.001981476554647088 -0.0019434185232967138 0.02611163631081581
			vertex -0.0028460111934691668 -0.0030165957286953926 0.02587699145078659
		endloop
	endfacet
	facet normal -0.09655296439828434 -0.030958544846920757 0.9948462662978964
		outer loop
			vertex -0.0013070348650217056 -0.0004757218121085316 0.026252854615449905
			vertex -0.0013399694580584764 -0.00037300598341971636 0.026252854615449905
			vertex -0.0026429167483001947 -0.0008474171627312899 0.02611163631081581
		endloop
	endfacet
	facet normal -0.03228233877650378 -0.010350943018727658 0.9994251890870782
		outer loop
			vertex -0.0013070348650217056 -0.0004757218121085316 0.026252854615449905
			vertex -1.2578143549657372e-18 -1.5403782436052135e-34 0.02630000002682209
			vertex -0.0013399694580584764 -0.00037300598341971636 0.026252854615449905
		endloop
	endfacet
	facet normal -0.09549368441445845 -0.03475680539514387 0.9948230600039769
		outer loop
			vertex -0.0013070348650217056 -0.0004757218121085316 0.026252854615449905
			vertex -0.0026429167483001947 -0.0008474171627312899 0.02611163631081581
			vertex -0.002569301053881645 -0.0010496749309822917 0.02611163631081581
		endloop
	endfacet
	facet normal -0.03001314821225699 -0.2356572442450571 0.9713726752226535
		outer loop
			vertex -0.0005612518289126456 -0.004109090659767389 0.02587699145078659
			vertex -0.0011071418412029743 -0.005387414712458849 0.025550000369548798
			vertex -0.0002785704273264855 -0.00549294101074338 0.025550000369548798
		endloop
	endfacet
	facet normal -0.04077282772418567 -0.23123404871278858 0.9720434101598887
		outer loop
			vertex -0.0005612518289126456 -0.004109090659767389 0.02587699145078659
			vertex -0.0008779875352047384 -0.004053241573274136 0.02587699145078659
			vertex -0.0011071418412029743 -0.005387414712458849 0.025550000369548798
		endloop
	endfacet
	facet normal -0.10090445406511425 -0.13553821910352157 0.9856204555061077
		outer loop
			vertex -0.001657384098507464 -0.0022262530401349068 0.02611163631081581
			vertex -0.0026036896742880344 -0.0032280688174068928 0.02587699145078659
			vertex -0.0023457093629986048 -0.003420128021389246 0.02587699145078659
		endloop
	endfacet
	facet normal -0.10569350631411671 -0.13103946018020843 0.9857269107611436
		outer loop
			vertex -0.001657384098507464 -0.0022262530401349068 0.02611163631081581
			vertex -0.001824917970225215 -0.002091123955324292 0.02611163631081581
			vertex -0.0026036896742880344 -0.0032280688174068928 0.02587699145078659
		endloop
	endfacet
	facet normal -0.03138316321497487 -0.01282140743446878 0.999425189085217
		outer loop
			vertex -0.0012662397930398583 -0.0005755765596404672 0.026252854615449905
			vertex -1.2578143549657372e-18 -1.5403782436052135e-34 0.02630000002682209
			vertex -0.0013070348650217056 -0.0004757218121085316 0.026252854615449905
		endloop
	endfacet
	facet normal -0.09251311023164323 -0.04205240309615606 0.9948230595583852
		outer loop
			vertex -0.0012662397930398583 -0.0005755765596404672 0.026252854615449905
			vertex -0.002569301053881645 -0.0010496749309822917 0.02611163631081581
			vertex -0.0024802330881357193 -0.0012456198455765843 0.02611163631081581
		endloop
	endfacet
	facet normal -0.09386362077466907 -0.03834743225157916 0.9948462670859151
		outer loop
			vertex -0.0012662397930398583 -0.0005755765596404672 0.026252854615449905
			vertex -0.0013070348650217056 -0.0004757218121085316 0.026252854615449905
			vertex -0.002569301053881645 -0.0010496749309822917 0.02611163631081581
		endloop
	endfacet
	facet normal -0.0227903338495685 -0.23430545096824673 0.9718958567303351
		outer loop
			vertex -0.0002411407622275874 -0.004140227101743221 0.02587699145078659
			vertex -0.0005612518289126456 -0.004109090659767389 0.02587699145078659
			vertex -0.0002785704273264855 -0.00549294101074338 0.025550000369548798
		endloop
	endfacet
	facet normal -0.09009792203822696 -0.14294993840067655 0.9856204541077852
		outer loop
			vertex -0.001479882514104247 -0.0023479934316128492 0.02611163631081581
			vertex -0.0023457093629986048 -0.003420128021389246 0.02587699145078659
			vertex -0.002073621843010187 -0.0035916182678192854 0.02587699145078659
		endloop
	endfacet
	facet normal -0.09522124637145254 -0.13883577910823675 0.9857269097873286
		outer loop
			vertex -0.001479882514104247 -0.0023479934316128492 0.02611163631081581
			vertex -0.001657384098507464 -0.0022262530401349068 0.02611163631081581
			vertex -0.0023457093629986048 -0.003420128021389246 0.02587699145078659
		endloop
	endfacet
	facet normal -0.08897619853169611 -0.049094975117484604 0.9948230593995406
		outer loop
			vertex -0.0012178292963653803 -0.0006719697848893702 0.026252854615449905
			vertex -0.0024802330881357193 -0.0012456198455765843 0.02611163631081581
			vertex -0.0023762488272041082 -0.0014340734342113137 0.02611163631081581
		endloop
	endfacet
	facet normal -0.09060970727910879 -0.0455059048142042 0.9948462663013994
		outer loop
			vertex -0.0012178292963653803 -0.0006719697848893702 0.026252854615449905
			vertex -0.0012662397930398583 -0.0005755765596404672 0.026252854615449905
			vertex -0.0024802330881357193 -0.0012456198455765843 0.02611163631081581
		endloop
	endfacet
	facet normal -0.03029521897090031 -0.015214830642468204 0.999425189114236
		outer loop
			vertex -0.0012178292963653803 -0.0006719697848893702 0.026252854615449905
			vertex -1.2578143549657372e-18 -1.5403782436052135e-34 0.02630000002682209
			vertex -0.0012662397930398583 -0.0005755765596404672 0.026252854615449905
		endloop
	endfacet
	facet normal 0.006018511637106552 -0.23750083835140828 0.9713686886553697
		outer loop
			vertex 0.00008042057743296027 -0.004146463703364134 0.02587699145078659
			vertex -0.0002785704273264855 -0.00549294101074338 0.025550000369548798
			vertex 0.0005564257735386491 -0.005471781361848116 0.025550000369548798
		endloop
	endfacet
	facet normal -0.0045546786493943095 -0.2348408087044405 0.9720231733191578
		outer loop
			vertex 0.00008042057743296027 -0.004146463703364134 0.02587699145078659
			vertex -0.0002411407622275874 -0.004140227101743221 0.02587699145078659
			vertex -0.0002785704273264855 -0.00549294101074338 0.025550000369548798
		endloop
	endfacet
	facet normal -0.08417596799762653 -0.1457973220960145 0.9857269131363381
		outer loop
			vertex -0.0012934806291013956 -0.002455612411722541 0.02611163631081581
			vertex -0.001479882514104247 -0.0023479934316128492 0.02611163631081581
			vertex -0.002073621843010187 -0.0035916182678192854 0.02587699145078659
		endloop
	endfacet
	facet normal -0.07874930620414008 -0.14950204177909068 0.9856204575171165
		outer loop
			vertex -0.0012934806291013956 -0.002455612411722541 0.02611163631081581
			vertex -0.002073621843010187 -0.0035916182678192854 0.02587699145078659
			vertex -0.0017890630988404155 -0.0037415078841149807 0.02587699145078659
		endloop
	endfacet
	facet normal -0.029025083665500603 -0.017516731739575395 0.9994251891099076
		outer loop
			vertex -0.0011620946461334825 -0.0007643216522410512 0.026252854615449905
			vertex -1.2578143549657372e-18 -1.5403782436052135e-34 0.02630000002682209
			vertex -0.0012178292963653803 -0.0006719697848893702 0.026252854615449905
		endloop
	endfacet
	facet normal -0.0849041376877912 -0.05584234802560643 0.9948230594283989
		outer loop
			vertex -0.0011620946461334825 -0.0007643216522410512 0.026252854615449905
			vertex -0.0023762488272041082 -0.0014340734342113137 0.02611163631081581
			vertex -0.0022579734213650227 -0.0016139023937284946 0.02611163631081581
		endloop
	endfacet
	facet normal -0.08681086849675856 -0.052390639526208226 0.9948462665160249
		outer loop
			vertex -0.0011620946461334825 -0.0007643216522410512 0.026252854615449905
			vertex -0.0012178292963653803 -0.0006719697848893702 0.026252854615449905
			vertex -0.0023762488272041082 -0.0014340734342113137 0.02611163631081581
		endloop
	endfacet
	facet normal 0.013680472736995153 -0.23488657415379707 0.9719265105695931
		outer loop
			vertex 0.0004014982550870627 -0.004127763211727142 0.02587699145078659
			vertex 0.00008042057743296027 -0.004146463703364134 0.02587699145078659
			vertex 0.0005564257735386491 -0.005471781361848116 0.025550000369548798
		endloop
	endfacet
	facet normal -0.07262479281773133 -0.15188184668757404 0.9857269115302444
		outer loop
			vertex -0.0010992997558787465 -0.002548463176935911 0.02611163631081581
			vertex -0.0012934806291013956 -0.002455612411722541 0.02611163631081581
			vertex -0.0017890630988404155 -0.0037415078841149807 0.02587699145078659
		endloop
	endfacet
	facet normal -0.06692732450886255 -0.15515492231029054 0.9856204560158912
		outer loop
			vertex -0.0010992997558787465 -0.002548463176935911 0.02611163631081581
			vertex -0.0017890630988404155 -0.0037415078841149807 0.02587699145078659
			vertex -0.0014937447849661112 -0.0038688958156853914 0.02587699145078659
		endloop
	endfacet
	facet normal -0.08248993802149616 -0.05896029467131411 0.9948462664037503
		outer loop
			vertex -0.0010993710020557046 -0.0008520768024027348 0.026252854615449905
			vertex -0.0011620946461334825 -0.0007643216522410512 0.026252854615449905
			vertex -0.0022579734213650227 -0.0016139023937284946 0.02611163631081581
		endloop
	endfacet
	facet normal -0.027580387139201423 -0.019713286151972594 0.9994251890933818
		outer loop
			vertex -0.0010993710020557046 -0.0008520768024027348 0.026252854615449905
			vertex -1.2578143549657372e-18 -1.5403782436052135e-34 0.02630000002682209
			vertex -0.0011620946461334825 -0.0007643216522410512 0.026252854615449905
		endloop
	endfacet
	facet normal -0.08032148290135258 -0.06225383082043528 0.9948230596104558
		outer loop
			vertex -0.0010993710020557046 -0.0008520768024027348 0.026252854615449905
			vertex -0.0022579734213650227 -0.0016139023937284946 0.02611163631081581
			vertex -0.002126118401065469 -0.001784025109373033 0.02611163631081581
		endloop
	endfacet
	facet normal 0.04191496739027322 -0.23386005225157255 0.9713663631553051
		outer loop
			vertex 0.0007201613043434918 -0.004084237385541201 0.02587699145078659
			vertex 0.0005564257735386491 -0.005471781361848116 0.025550000369548798
			vertex 0.001378588960506022 -0.005324424244463444 0.025550000369548798
		endloop
	endfacet
	facet normal 0.031800069071771804 -0.23281595928094898 0.9720007637399892
		outer loop
			vertex 0.0007201613043434918 -0.004084237385541201 0.02587699145078659
			vertex 0.0004014982550870627 -0.004127763211727142 0.02587699145078659
			vertex 0.0005564257735386491 -0.005471781361848116 0.025550000369548798
		endloop
	endfacet
	facet normal -0.06063683785982723 -0.1570529594255626 0.9857269103712416
		outer loop
			vertex -0.000898507481906563 -0.0026259873993694782 0.02611163631081581
			vertex -0.0010992997558787465 -0.002548463176935911 0.02611163631081581
			vertex -0.0014937447849661112 -0.0038688958156853914 0.02587699145078659
		endloop
	endfacet
	facet normal -0.05470265413670564 -0.15987478229456265 0.9856204510949771
		outer loop
			vertex -0.000898507481906563 -0.0026259873993694782 0.02611163631081581
			vertex -0.0014937447849661112 -0.0038688958156853914 0.02587699145078659
			vertex -0.0011894428171217442 -0.003973015584051609 0.02587699145078659
		endloop
	endfacet
	facet normal -0.025969830175576886 -0.021791267406438976 0.9994251890889446
		outer loop
			vertex -0.0010300356661900878 -0.0009347074665129185 0.026252854615449905
			vertex -1.2578143549657372e-18 -1.5403782436052135e-34 0.02630000002682209
			vertex -0.0010993710020557046 -0.0008520768024027348 0.026252854615449905
		endloop
	endfacet
	facet normal -0.07767293534475139 -0.06517530892182373 0.9948462666270981
		outer loop
			vertex -0.0010300356661900878 -0.0009347074665129185 0.026252854615449905
			vertex -0.0010993710020557046 -0.0008520768024027348 0.026252854615449905
			vertex -0.002126118401065469 -0.001784025109373033 0.02611163631081581
		endloop
	endfacet
	facet normal -0.0752557355741642 -0.0682909555612658 0.9948230594692309
		outer loop
			vertex -0.0010300356661900878 -0.0009347074665129185 0.026252854615449905
			vertex -0.002126118401065469 -0.001784025109373033 0.02611163631081581
			vertex -0.001981476554647088 -0.0019434185232967138 0.02611163631081581
		endloop
	endfacet
	facet normal 0.04978570573307267 -0.22983659969919273 0.9719549994435819
		outer loop
			vertex 0.0010344932088628411 -0.00401614885777235 0.02587699145078659
			vertex 0.0007201613043434918 -0.004084237385541201 0.02587699145078659
			vertex 0.001378588960506022 -0.005324424244463444 0.025550000369548798
		endloop
	endfacet
	facet normal -0.048283834125444965 -0.16127968302832058 0.9857269070104717
		outer loop
			vertex -0.0006923114997334778 -0.002687718253582716 0.02611163631081581
			vertex -0.000898507481906563 -0.0026259873993694782 0.02611163631081581
			vertex -0.0011894428171217442 -0.003973015584051609 0.02587699145078659
		endloop
	endfacet
	facet normal -0.042149287896027024 -0.16363298815606314 0.9856204557115157
		outer loop
			vertex -0.0006923114997334778 -0.002687718253582716 0.02611163631081581
			vertex -0.0011894428171217442 -0.003973015584051609 0.02587699145078659
			vertex -0.0008779875352047384 -0.004053241573274136 0.02587699145078659
		endloop
	endfacet
	facet normal -0.024203067269366784 -0.02373821751840941 0.9994251890781037
		outer loop
			vertex -0.0009545055218040943 -0.0010117166675627232 0.026252854615449905
			vertex -1.2578143549657372e-18 -1.5403782436052135e-34 0.02630000002682209
			vertex -0.0010300356661900878 -0.0009347074665129185 0.026252854615449905
		endloop
	endfacet
	facet normal -0.0723887398609241 -0.07099842485159227 0.9948462665205817
		outer loop
			vertex -0.0009545055218040943 -0.0010117166675627232 0.026252854615449905
			vertex -0.0010300356661900878 -0.0009347074665129185 0.026252854615449905
			vertex -0.001981476554647088 -0.0019434185232967138 0.02611163631081581
		endloop
	endfacet
	facet normal -0.06973741919714863 -0.07391733317364947 0.9948230597549582
		outer loop
			vertex -0.0009545055218040943 -0.0010117166675627232 0.026252854615449905
			vertex -0.001981476554647088 -0.0019434185232967138 0.02611163631081581
			vertex -0.001824917970225215 -0.002091123955324292 0.02611163631081581
		endloop
	endfacet
	facet normal 0.07684543370164977 -0.2248187831320418 0.9713656850384584
		outer loop
			vertex 0.0013426034711301327 -0.003923906944692135 0.02587699145078659
			vertex 0.001378588960506022 -0.005324424244463444 0.025550000369548798
			vertex 0.002168957144021988 -0.005054268054664135 0.025550000369548798
		endloop
	endfacet
	facet normal 0.06742131632961887 -0.2252034759801664 0.9719762139635066
		outer loop
			vertex 0.0013426034711301327 -0.003923906944692135 0.02587699145078659
			vertex 0.0010344932088628411 -0.00401614885777235 0.02587699145078659
			vertex 0.001378588960506022 -0.005324424244463444 0.025550000369548798
		endloop
	endfacet
	facet normal -0.029342096962631334 -0.16640719462211326 0.9856204578456321
		outer loop
			vertex -0.00048195189447142184 -0.0027332850731909275 0.02611163631081581
			vertex -0.0008779875352047384 -0.004053241573274136 0.02587699145078659
			vertex -0.0005612518289126456 -0.004109090659767389 0.02587699145078659
		endloop
	endfacet
	facet normal -0.03564084542243336 -0.16453626210326835 0.9857269138005003
		outer loop
			vertex -0.00048195189447142184 -0.0027332850731909275 0.02611163631081581
			vertex -0.0006923114997334778 -0.002687718253582716 0.02611163631081581
			vertex -0.0008779875352047384 -0.004053241573274136 0.02587699145078659
		endloop
	endfacet
	facet normal -0.02229078097729437 -0.025542366727455867 0.9994251890888995
		outer loop
			vertex -0.0008732348796911538 -0.001082641421817243 0.026252854615449905
			vertex -1.2578143549657372e-18 -1.5403782436052135e-34 0.02630000002682209
			vertex -0.0009545055218040943 -0.0010117166675627232 0.026252854615449905
		endloop
	endfacet
	facet normal -0.06379965774555608 -0.07909920866674003 0.9948230590712328
		outer loop
			vertex -0.0008732348796911538 -0.001082641421817243 0.026252854615449905
			vertex -0.001824917970225215 -0.002091123955324292 0.02611163631081581
			vertex -0.001657384098507464 -0.0022262530401349068 0.02611163631081581
		endloop
	endfacet
	facet normal -0.0666693000800666 -0.07639443920078205 0.9948462665588247
		outer loop
			vertex -0.0008732348796911538 -0.001082641421817243 0.026252854615449905
			vertex -0.0009545055218040943 -0.0010117166675627232 0.026252854615449905
			vertex -0.001824917970225215 -0.002091123955324292 0.02611163631081581
		endloop
	endfacet
	facet normal 0.08466281261444977 -0.2192819495727629 0.9719812934165858
		outer loop
			vertex 0.0016426392830908298 -0.0038080657832324505 0.02587699145078659
			vertex 0.0013426034711301327 -0.003923906944692135 0.02587699145078659
			vertex 0.002168957144021988 -0.005054268054664135 0.025550000369548798
		endloop
	endfacet
	facet normal -0.016358526667566327 -0.1681805976744298 0.9856204569564992
		outer loop
			vertex -0.0002686937805265188 -0.0027624135836958885 0.02611163631081581
			vertex -0.0005612518289126456 -0.004109090659767389 0.02587699145078659
			vertex -0.0002411407622275874 -0.004140227101743221 0.02587699145078659
		endloop
	endfacet
	facet normal -0.02278335018928343 -0.16680338975401163 0.9857269135621306
		outer loop
			vertex -0.0002686937805265188 -0.0027624135836958885 0.02611163631081581
			vertex -0.00048195189447142184 -0.0027332850731909275 0.02611163631081581
			vertex -0.0005612518289126456 -0.004109090659767389 0.02587699145078659
		endloop
	endfacet
	facet normal -0.05747829183884127 -0.08380528225944921 0.9948230599622745
		outer loop
			vertex -0.0007867125095799565 -0.001147054834291339 0.026252854615449905
			vertex -0.001657384098507464 -0.0022262530401349068 0.02611163631081581
			vertex -0.001479882514104247 -0.0023479934316128492 0.02611163631081581
		endloop
	endfacet
	facet normal -0.060548715981622446 -0.08133117331777008 0.9948462661334824
		outer loop
			vertex -0.0007867125095799565 -0.001147054834291339 0.026252854615449905
			vertex -0.0008732348796911538 -0.001082641421817243 0.026252854615449905
			vertex -0.001657384098507464 -0.0022262530401349068 0.02611163631081581
		endloop
	endfacet
	facet normal -0.020244372054014276 -0.027192955383797013 0.9994251890850229
		outer loop
			vertex -0.0007867125095799565 -0.001147054834291339 0.026252854615449905
			vertex -1.2578143549657372e-18 -1.5403782436052135e-34 0.02630000002682209
			vertex -0.0008732348796911538 -0.001082641421817243 0.026252854615449905
		endloop
	endfacet
	facet normal 0.11000122750505317 -0.2105860871465381 0.9713666814584966
		outer loop
			vertex 0.0019327959744259715 -0.0036693227011710405 0.02587699145078659
			vertex 0.002168957144021988 -0.005054268054664135 0.025550000369548798
			vertex 0.0029093020129948854 -0.004667543340474367 0.025550000369548798
		endloop
	endfacet
	facet normal 0.10145754141113743 -0.21218055768592312 0.9719494730853544
		outer loop
			vertex 0.0019327959744259715 -0.0036693227011710405 0.02587699145078659
			vertex 0.0016426392830908298 -0.0038080657832324505 0.02587699145078659
			vertex 0.002168957144021988 -0.005054268054664135 0.025550000369548798
		endloop
	endfacet
	facet normal -0.0032765979359762514 -0.16894252444929136 0.9856204580560747
		outer loop
			vertex -0.000053819680033484474 -0.0027749284636229277 0.02611163631081581
			vertex -0.0002411407622275874 -0.004140227101743221 0.02587699145078659
			vertex 0.00008042057743296027 -0.004146463703364134 0.02587699145078659
		endloop
	endfacet
	facet normal -0.00978872121282359 -0.16806734685789157 0.985726913428444
		outer loop
			vertex -0.000053819680033484474 -0.0027749284636229277 0.02611163631081581
			vertex -0.0002686937805265188 -0.0027624135836958885 0.02611163631081581
			vertex -0.0002411407622275874 -0.004140227101743221 0.02587699145078659
		endloop
	endfacet
	facet normal -0.054064137445667175 -0.0857786277395212 0.9948462675536259
		outer loop
			vertex -0.0006954587297514081 -0.001204569824039936 0.026252854615449905
			vertex -0.0007867125095799565 -0.001147054834291339 0.026252854615449905
			vertex -0.001479882514104247 -0.0023479934316128492 0.02611163631081581
		endloop
	endfacet
	facet normal -0.018076266181327044 -0.028679960153749098 0.9994251890394406
		outer loop
			vertex -0.0006954587297514081 -0.001204569824039936 0.026252854615449905
			vertex -1.2578143549657372e-18 -1.5403782436052135e-34 0.02630000002682209
			vertex -0.0007867125095799565 -0.001147054834291339 0.026252854615449905
		endloop
	endfacet
	facet normal -0.05081104883750161 -0.0880074803963814 0.9948230600012816
		outer loop
			vertex -0.0006954587297514081 -0.001204569824039936 0.026252854615449905
			vertex -0.001479882514104247 -0.0023479934316128492 0.02611163631081581
			vertex -0.0012934806291013956 -0.002455612411722541 0.02611163631081581
		endloop
	endfacet
	facet normal 0.11747928360119715 -0.20347993704787287 0.9720054182686141
		outer loop
			vertex 0.0022113285958766937 -0.003508511697873473 0.02587699145078659
			vertex 0.0019327959744259715 -0.0036693227011710405 0.02587699145078659
			vertex 0.0029093020129948854 -0.004667543340474367 0.025550000369548798
		endloop
	endfacet
	facet normal 0.00982490109380043 -0.16868842208076792 0.9856204581756599
		outer loop
			vertex 0.00016137809143401682 -0.0027707547415047884 0.02611163631081581
			vertex 0.00008042057743296027 -0.004146463703364134 0.02587699145078659
			vertex 0.0004014982550870627 -0.004127763211727142 0.02587699145078659
		endloop
	endfacet
	facet normal 0.003264546179254512 -0.16832051649416382 0.9857269127224749
		outer loop
			vertex 0.00016137809143401682 -0.0027707547415047884 0.02611163631081581
			vertex -0.000053819680033484474 -0.0027749284636229277 0.02611163631081581
			vertex 0.00008042057743296027 -0.004146463703364134 0.02587699145078659
		endloop
	endfacet
	facet normal -0.01579944233197612 -0.029994485049347323 0.999425189040492
		outer loop
			vertex -0.0006000224384479225 -0.0012548404047265649 0.026252854615449905
			vertex -1.2578143549657372e-18 -1.5403782436052135e-34 0.02630000002682209
			vertex -0.0006954587297514081 -0.001204569824039936 0.026252854615449905
		endloop
	endfacet
	facet normal -0.04725441193824546 -0.08971023929932113 0.99484626627295
		outer loop
			vertex -0.0006000224384479225 -0.0012548404047265649 0.026252854615449905
			vertex -0.0006954587297514081 -0.001204569824039936 0.026252854615449905
			vertex -0.0012934806291013956 -0.002455612411722541 0.02611163631081581
		endloop
	endfacet
	facet normal -0.04383842614815432 -0.091680276954028 0.9948230592474653
		outer loop
			vertex -0.0006000224384479225 -0.0012548404047265649 0.026252854615449905
			vertex -0.0012934806291013956 -0.002455612411722541 0.02611163631081581
			vertex -0.0010992997558787465 -0.002548463176935911 0.02611163631081581
		endloop
	endfacet
	facet normal 0.14061478111903764 -0.19149169548317202 0.9713693498828473
		outer loop
			vertex 0.0024765620473772287 -0.00332660018466413 0.02587699145078659
			vertex 0.0029093020129948854 -0.004667543340474367 0.025550000369548798
			vertex 0.0035825485829263926 -0.00417316984385252 0.025550000369548798
		endloop
	endfacet
	facet normal 0.1330925288373627 -0.19405363723100053 0.9719205546983226
		outer loop
			vertex 0.0024765620473772287 -0.00332660018466413 0.02587699145078659
			vertex 0.0022113285958766937 -0.003508511697873473 0.02587699145078659
			vertex 0.0029093020129948854 -0.004667543340474367 0.025550000369548798
		endloop
	endfacet
	facet normal 0.022867679561275934 -0.16741978583668443 0.9856204566372806
		outer loop
			vertex 0.00037560530472546816 -0.0027499173302203417 0.02611163631081581
			vertex 0.0004014982550870627 -0.004127763211727142 0.02587699145078659
			vertex 0.0007201613043434918 -0.004084237385541201 0.02587699145078659
		endloop
	endfacet
	facet normal 0.016298326951246098 -0.16756136913631572 0.9857269155865401
		outer loop
			vertex 0.00037560530472546816 -0.0027499173302203417 0.02611163631081581
			vertex 0.00016137809143401682 -0.0027707547415047884 0.02611163631081581
			vertex 0.0004014982550870627 -0.004127763211727142 0.02587699145078659
		endloop
	endfacet
	facet normal -0.04016045245788409 -0.09310233454520354 0.9948462661942352
		outer loop
			vertex -0.0005009775049984455 -0.0012975642457604408 0.026252854615449905
			vertex -0.0006000224384479225 -0.0012548404047265649 0.026252854615449905
			vertex -0.0010992997558787465 -0.002548463176935911 0.02611163631081581
		endloop
	endfacet
	facet normal -0.03660214639685305 -0.09480170166924078 0.9948230597647805
		outer loop
			vertex -0.0005009775049984455 -0.0012975642457604408 0.026252854615449905
			vertex -0.0010992997558787465 -0.002548463176935911 0.02611163631081581
			vertex -0.000898507481906563 -0.0026259873993694782 0.02611163631081581
		endloop
	endfacet
	facet normal -0.013427587218565545 -0.031128626318859307 0.9994251890586852
		outer loop
			vertex -0.0005009775049984455 -0.0012975642457604408 0.026252854615449905
			vertex -1.2578143549657372e-18 -1.5403782436052135e-34 0.02630000002682209
			vertex -0.0006000224384479225 -0.0012548404047265649 0.026252854615449905
		endloop
	endfacet
	facet normal 0.14745258347957962 -0.18281273421344546 0.9720273863603853
		outer loop
			vertex 0.0027269013226032257 -0.003124682232737541 0.02587699145078659
			vertex 0.0024765620473772287 -0.00332660018466413 0.02587699145078659
			vertex 0.0035825485829263926 -0.00417316984385252 0.025550000369548798
		endloop
	endfacet
	facet normal 0.03577249128756253 -0.1651443449327385 0.985620451392836
		outer loop
			vertex 0.0005875736242160201 -0.002712541725486517 0.02611163631081581
			vertex 0.0007201613043434918 -0.004084237385541201 0.02587699145078659
			vertex 0.0010344932088628411 -0.00401614885777235 0.02587699145078659
		endloop
	endfacet
	facet normal 0.029233954746684755 -0.16579456851194851 0.9857269078917373
		outer loop
			vertex 0.0005875736242160201 -0.002712541725486517 0.02611163631081581
			vertex 0.00037560530472546816 -0.0027499173302203417 0.02611163631081581
			vertex 0.0007201613043434918 -0.004084237385541201 0.02587699145078659
		endloop
	endfacet
	facet normal -0.02914551416386499 -0.09735306591090345 0.9948230594240723
		outer loop
			vertex -0.00039891962660476565 -0.0013324844185262918 0.026252854615449905
			vertex -0.000898507481906563 -0.0026259873993694782 0.02611163631081581
			vertex -0.0006923114997334778 -0.002687718253582716 0.02611163631081581
		endloop
	endfacet
	facet normal -0.010974986530951887 -0.03207555266861419 0.9994251890920343
		outer loop
			vertex -0.00039891962660476565 -0.0013324844185262918 0.026252854615449905
			vertex -1.2578143549657372e-18 -1.5403782436052135e-34 0.02630000002682209
			vertex -0.0005009775049984455 -0.0012975642457604408 0.026252854615449905
		endloop
	endfacet
	facet normal -0.03282498832004114 -0.09593448144439838 0.9948462672251345
		outer loop
			vertex -0.00039891962660476565 -0.0013324844185262918 0.026252854615449905
			vertex -0.0005009775049984455 -0.0012975642457604408 0.026252854615449905
			vertex -0.000898507481906563 -0.0026259873993694782 0.02611163631081581
		endloop
	endfacet
	facet normal 0.16797794624523338 -0.16797794624523338 0.9713736763730358
		outer loop
			vertex 0.0029608404729515314 -0.0029039718210697174 0.02587699145078659
			vertex 0.0035825485829263926 -0.00417316984385252 0.025550000369548798
			vertex 0.00417316984385252 -0.0035825485829263926 0.025550000369548798
		endloop
	endfacet
	facet normal 0.16156721413785424 -0.17125108196725183 0.9718894495984503
		outer loop
			vertex 0.0029608404729515314 -0.0029039718210697174 0.02587699145078659
			vertex 0.0027269013226032257 -0.003124682232737541 0.02587699145078659
			vertex 0.0035825485829263926 -0.00417316984385252 0.025550000369548798
		endloop
	endfacet
	facet normal 0.04846225981403792 -0.16187564939577867 0.9856204561119923
		outer loop
			vertex 0.0007960081566125154 -0.0026588523760437965 0.02611163631081581
			vertex 0.0010344932088628411 -0.00401614885777235 0.02587699145078659
			vertex 0.0013426034711301327 -0.003923906944692135 0.02587699145078659
		endloop
	endfacet
	facet normal 0.041994023769559 -0.1630305600404725 0.9857269086620959
		outer loop
			vertex 0.0007960081566125154 -0.0026588523760437965 0.02611163631081581
			vertex 0.0005875736242160201 -0.002712541725486517 0.02611163631081581
			vertex 0.0010344932088628411 -0.00401614885777235 0.02587699145078659
		endloop
	endfacet
	facet normal -0.025292029081828035 -0.09818971737900999 0.9948462658451076
		outer loop
			vertex -0.00029446263215504587 -0.0013593907933682203 0.026252854615449905
			vertex -0.00039891962660476565 -0.0013324844185262918 0.026252854615449905
			vertex -0.0006923114997334778 -0.002687718253582716 0.02611163631081581
		endloop
	endfacet
	facet normal -0.021513847513373107 -0.09931885765768199 0.9948230590807315
		outer loop
			vertex -0.00029446263215504587 -0.0013593907933682203 0.026252854615449905
			vertex -0.0006923114997334778 -0.002687718253582716 0.02611163631081581
			vertex -0.00048195189447142184 -0.0027332850731909275 0.02611163631081581
		endloop
	endfacet
	facet normal -0.008456351409804917 -0.032829582486243285 0.9994251891135288
		outer loop
			vertex -0.00029446263215504587 -0.0013593907933682203 0.026252854615449905
			vertex -1.2578143549657372e-18 -1.5403782436052135e-34 0.02630000002682209
			vertex -0.00039891962660476565 -0.0013324844185262918 0.026252854615449905
		endloop
	endfacet
	facet normal 0.17386900984485962 -0.15777766969755838 0.9720472078867242
		outer loop
			vertex 0.003176972735673189 -0.002665796782821417 0.02587699145078659
			vertex 0.0029608404729515314 -0.0029039718210697174 0.02587699145078659
			vertex 0.00417316984385252 -0.0035825485829263926 0.025550000369548798
		endloop
	endfacet
	facet normal 0.06086083647232635 -0.15763335119819855 0.9856204569579075
		outer loop
			vertex 0.0009996554581448436 -0.002589172450825572 0.02611163631081581
			vertex 0.0013426034711301327 -0.003923906944692135 0.02587699145078659
			vertex 0.0016426392830908298 -0.0038080657832324505 0.02587699145078659
		endloop
	endfacet
	facet normal 0.05450130133885563 -0.15928609155216628 0.9857269141047161
		outer loop
			vertex 0.0009996554581448436 -0.002589172450825572 0.02611163631081581
			vertex 0.0007960081566125154 -0.0026588523760437965 0.02611163631081581
			vertex 0.0013426034711301327 -0.003923906944692135 0.02587699145078659
		endloop
	endfacet
	facet normal -0.005886852485034605 -0.03338617108340066 0.9994251890703022
		outer loop
			vertex -0.00018823466962203383 -0.0013781215529888868 0.026252854615449905
			vertex -1.2578143549657372e-18 -1.5403782436052135e-34 0.02630000002682209
			vertex -0.00029446263215504587 -0.0013593907933682203 0.026252854615449905
		endloop
	endfacet
	facet normal -0.013752689129298435 -0.10068735045292629 0.9948230601471212
		outer loop
			vertex -0.00018823466962203383 -0.0013781215529888868 0.026252854615449905
			vertex -0.00048195189447142184 -0.0027332850731909275 0.02611163631081581
			vertex -0.0002686937805265188 -0.0027624135836958885 0.02611163631081581
		endloop
	endfacet
	facet normal -0.01760693473984286 -0.09985440215684441 0.9948462666256361
		outer loop
			vertex -0.00018823466962203383 -0.0013781215529888868 0.026252854615449905
			vertex -0.00029446263215504587 -0.0013593907933682203 0.026252854615449905
			vertex -0.00048195189447142184 -0.0027332850731909275 0.02611163631081581
		endloop
	endfacet
	facet normal 0.19145770671566498 -0.14058982273590015 0.9713796622753983
		outer loop
			vertex 0.003373998450115323 -0.0024115892592817545 0.02587699145078659
			vertex 0.00417316984385252 -0.0035825485829263926 0.025550000369548798
			vertex 0.004667543340474367 -0.0029093020129948854 0.025550000369548798
		endloop
	endfacet
	facet normal 0.18619679580368248 -0.1443134184592017 0.9718561573016149
		outer loop
			vertex 0.003373998450115323 -0.0024115892592817545 0.02587699145078659
			vertex 0.003176972735673189 -0.002665796782821417 0.02587699145078659
			vertex 0.00417316984385252 -0.0035825485829263926 0.025550000369548798
		endloop
	endfacet
	facet normal 0.07289313361473469 -0.15244313558884534 0.9856204550858638
		outer loop
			vertex 0.0011972906067967415 -0.0025039210449904203 0.02611163631081581
			vertex 0.0016426392830908298 -0.0038080657832324505 0.02587699145078659
			vertex 0.0019327959744259715 -0.0036693227011710405 0.02587699145078659
		endloop
	endfacet
	facet normal 0.06668084302854464 -0.15458370680318345 0.9857269108449814
		outer loop
			vertex 0.0011972906067967415 -0.0025039210449904203 0.02611163631081581
			vertex 0.0009996554581448436 -0.002589172450825572 0.02611163631081581
			vertex 0.0016426392830908298 -0.0038080657832324505 0.02587699145078659
		endloop
	endfacet
	facet normal -0.003282011168345291 -0.03374196077562862 0.999425189039033
		outer loop
			vertex -0.00008087466267170385 -0.0013885642401874065 0.026252854615449905
			vertex -1.2578143549657372e-18 -1.5403782436052135e-34 0.02630000002682209
			vertex -0.00018823466962203383 -0.0013781215529888868 0.026252854615449905
		endloop
	endfacet
	facet normal -0.009816137183929687 -0.10091852185723545 0.9948462672176727
		outer loop
			vertex -0.00008087466267170385 -0.0013885642401874065 0.026252854615449905
			vertex -0.00018823466962203383 -0.0013781215529888868 0.026252854615449905
			vertex -0.0002686937805265188 -0.0027624135836958885 0.02611163631081581
		endloop
	endfacet
	facet normal -0.0059087554431828185 -0.10145031500814473 0.9948230597417116
		outer loop
			vertex -0.00008087466267170385 -0.0013885642401874065 0.026252854615449905
			vertex -0.0002686937805265188 -0.0027624135836958885 0.02611163631081581
			vertex -0.000053819680033484474 -0.0027749284636229277 0.02611163631081581
		endloop
	endfacet
	facet normal 0.1960993408974664 -0.1289764877723685 0.9720648713442348
		outer loop
			vertex 0.003550732508301735 -0.0021428780164569616 0.02587699145078659
			vertex 0.003373998450115323 -0.0024115892592817545 0.02587699145078659
			vertex 0.004667543340474367 -0.0029093020129948854 0.025550000369548798
		endloop
	endfacet
	facet normal 0.07845944725435632 -0.14895157192752176 0.9857269116529493
		outer loop
			vertex 0.0013877252349629998 -0.0024036106187850237 0.02611163631081581
			vertex 0.0011972906067967415 -0.0025039210449904203 0.02611163631081581
			vertex 0.0019327959744259715 -0.0036693227011710405 0.02587699145078659
		endloop
	endfacet
	facet normal 0.08448720422894263 -0.14633602172971405 0.9856204548739327
		outer loop
			vertex 0.0013877252349629998 -0.0024036106187850237 0.02611163631081581
			vertex 0.0019327959744259715 -0.0036693227011710405 0.02587699145078659
			vertex 0.0022113285958766937 -0.003508511697873473 0.02587699145078659
		endloop
	endfacet
	facet normal -0.0006574119934278582 -0.033894826281270045 0.999425189076618
		outer loop
			vertex 0.000026971742045134306 -0.001390655990689993 0.026252854615449905
			vertex -1.2578143549657372e-18 -1.5403782436052135e-34 0.02630000002682209
			vertex -0.00008087466267170385 -0.0013885642401874065 0.026252854615449905
		endloop
	endfacet
	facet normal -0.0019662478027460523 -0.10137574058012648 0.9948462660589371
		outer loop
			vertex 0.000026971742045134306 -0.001390655990689993 0.026252854615449905
			vertex -0.00008087466267170385 -0.0013885642401874065 0.026252854615449905
			vertex -0.000053819680033484474 -0.0027749284636229277 0.02611163631081581
		endloop
	endfacet
	facet normal 0.001970574668078389 -0.10160314105190998 0.9948230589224715
		outer loop
			vertex 0.000026971742045134306 -0.001390655990689993 0.026252854615449905
			vertex -0.000053819680033484474 -0.0027749284636229277 0.02611163631081581
			vertex 0.00016137809143401682 -0.0027707547415047884 0.02611163631081581
		endloop
	endfacet
	facet normal 0.2105113380436368 -0.10996218174858627 0.9713873043951977
		outer loop
			vertex 0.0037061122711747885 -0.0018612794810906053 0.02587699145078659
			vertex 0.004667543340474367 -0.0029093020129948854 0.025550000369548798
			vertex 0.005054268054664135 -0.002168957144021988 0.025550000369548798
		endloop
	endfacet
	facet normal 0.20638784008854125 -0.11388018624144655 0.9718206432491544
		outer loop
			vertex 0.0037061122711747885 -0.0018612794810906053 0.02587699145078659
			vertex 0.003550732508301735 -0.0021428780164569616 0.02587699145078659
			vertex 0.004667543340474367 -0.0029093020129948854 0.025550000369548798
		endloop
	endfacet
	facet normal 0.08976613174688292 -0.1424236684172559 0.9857269095777861
		outer loop
			vertex 0.0015698138158768415 -0.002288844669237733 0.02611163631081581
			vertex 0.0013877252349629998 -0.0024036106187850237 0.02611163631081581
			vertex 0.0022113285958766937 -0.003508511697873473 0.02587699145078659
		endloop
	endfacet
	facet normal 0.09557304422128328 -0.1393488951963833 0.9856204536360962
		outer loop
			vertex 0.0015698138158768415 -0.002288844669237733 0.02611163631081581
			vertex 0.0022113285958766937 -0.003508511697873473 0.02587699145078659
			vertex 0.0024765620473772287 -0.00332660018466413 0.02587699145078659
		endloop
	endfacet
	facet normal 0.005895570422296471 -0.10122326454887311 0.9948462659946333
		outer loop
			vertex 0.00013465592928696424 -0.0013843841152265668 0.026252854615449905
			vertex 0.000026971742045134306 -0.001390655990689993 0.026252854615449905
			vertex 0.00016137809143401682 -0.0027707547415047884 0.02611163631081581
		endloop
	endfacet
	facet normal 0.0019711750241696016 -0.033843844895661425 0.9994251891120729
		outer loop
			vertex 0.00013465592928696424 -0.0013843841152265668 0.026252854615449905
			vertex -1.2578143549657372e-18 -1.5403782436052135e-34 0.02630000002682209
			vertex 0.000026971742045134306 -0.001390655990689993 0.026252854615449905
		endloop
	endfacet
	facet normal 0.009838143404416279 -0.10114490791199707 0.9948230589093862
		outer loop
			vertex 0.00013465592928696424 -0.0013843841152265668 0.026252854615449905
			vertex 0.00016137809143401682 -0.0027707547415047884 0.02611163631081581
			vertex 0.00037560530472546816 -0.0027499173302203417 0.02611163631081581
		endloop
	endfacet
	facet normal 0.21361491397776292 -0.09709979607959453 0.9720803969464534
		outer loop
			vertex 0.0038392026908695698 -0.0015684869140386581 0.02587699145078659
			vertex 0.0037061122711747885 -0.0018612794810906053 0.02587699145078659
			vertex 0.005054268054664135 -0.002168957144021988 0.025550000369548798
		endloop
	endfacet
	facet normal 0.1005329342487655 -0.1350392169966698 0.9857269089378965
		outer loop
			vertex 0.0017424614634364843 -0.002160313306376338 0.02611163631081581
			vertex 0.0015698138158768415 -0.002288844669237733 0.02611163631081581
			vertex 0.0024765620473772287 -0.00332660018466413 0.02587699145078659
		endloop
	endfacet
	facet normal 0.10608404932777207 -0.13152373906510628 0.98562045460743
		outer loop
			vertex 0.0017424614634364843 -0.002160313306376338 0.02611163631081581
			vertex 0.0024765620473772287 -0.00332660018466413 0.02587699145078659
			vertex 0.0027269013226032257 -0.003124682232737541 0.02587699145078659
		endloop
	endfacet
	facet normal 0.017646457944725528 -0.10007838166479338 0.9948230596670752
		outer loop
			vertex 0.00024153028789442033 -0.0013697863323614001 0.026252854615449905
			vertex 0.00037560530472546816 -0.0027499173302203417 0.02611163631081581
			vertex 0.0005875736242160201 -0.002712541725486517 0.02611163631081581
		endloop
	endfacet
	facet normal 0.013721931391486206 -0.10046201055778359 0.9948462660298703
		outer loop
			vertex 0.00024153028789442033 -0.0013697863323614001 0.026252854615449905
			vertex 0.00013465592928696424 -0.0013843841152265668 0.026252854615449905
			vertex 0.00037560530472546816 -0.0027499173302203417 0.02611163631081581
		endloop
	endfacet
	facet normal 0.004587907003543274 -0.033589321260858826 0.9994251890994953
		outer loop
			vertex 0.00024153028789442033 -0.0013697863323614001 0.026252854615449905
			vertex -1.2578143549657372e-18 -1.5403782436052135e-34 0.02630000002682209
			vertex 0.00013465592928696424 -0.0013843841152265668 0.026252854615449905
		endloop
	endfacet
	facet normal 0.2246990979728996 -0.07680452405062417 0.9713966133642441
		outer loop
			vertex 0.003949203994125128 -0.0012662612134590745 0.02587699145078659
			vertex 0.005054268054664135 -0.002168957144021988 0.025550000369548798
			vertex 0.005324424244463444 -0.001378588960506022 0.025550000369548798
		endloop
	endfacet
	facet normal 0.22165188705444583 -0.08067479502333852 0.9717829070389875
		outer loop
			vertex 0.003949203994125128 -0.0012662612134590745 0.02587699145078659
			vertex 0.0038392026908695698 -0.0015684869140386581 0.02587699145078659
			vertex 0.005054268054664135 -0.002168957144021988 0.025550000369548798
		endloop
	endfacet
	facet normal 0.1159572625616987 -0.12290740285159774 0.9856204561510847
		outer loop
			vertex 0.0019046296365559101 -0.00201878952793777 0.02611163631081581
			vertex 0.0027269013226032257 -0.003124682232737541 0.02587699145078659
			vertex 0.0029608404729515314 -0.0029039718210697174 0.02587699145078659
		endloop
	endfacet
	facet normal 0.1106951822918934 -0.12684253970219103 0.9857269128613984
		outer loop
			vertex 0.0019046296365559101 -0.00201878952793777 0.02611163631081581
			vertex 0.0017424614634364843 -0.002160313306376338 0.02611163631081581
			vertex 0.0027269013226032257 -0.003124682232737541 0.02587699145078659
		endloop
	endfacet
	facet normal 0.025348803732030856 -0.09840994736457495 0.9948230598498693
		outer loop
			vertex 0.0003469520597718656 -0.0013469505356624722 0.026252854615449905
			vertex 0.0005875736242160201 -0.002712541725486517 0.02611163631081581
			vertex 0.0007960081566125154 -0.0026588523760437965 0.02611163631081581
		endloop
	endfacet
	facet normal 0.02146567103311065 -0.09909656775649608 0.9948462671317516
		outer loop
			vertex 0.0003469520597718656 -0.0013469505356624722 0.026252854615449905
			vertex 0.00024153028789442033 -0.0013697863323614001 0.026252854615449905
			vertex 0.0005875736242160201 -0.002712541725486517 0.02611163631081581
		endloop
	endfacet
	facet normal 0.007177015515683241 -0.033132791574150174 0.9994251890815999
		outer loop
			vertex 0.0003469520597718656 -0.0013469505356624722 0.026252854615449905
			vertex -1.2578143549657372e-18 -1.5403782436052135e-34 0.02630000002682209
			vertex 0.00024153028789442033 -0.0013697863323614001 0.026252854615449905
		endloop
	endfacet
	facet normal 0.22599965572626476 -0.06291137205267826 0.9720937788495817
		outer loop
			vertex 0.0040354542434215546 -0.000956420146394521 0.02587699145078659
			vertex 0.003949203994125128 -0.0012662612134590745 0.02587699145078659
			vertex 0.005324424244463444 -0.001378588960506022 0.025550000369548798
		endloop
	endfacet
	facet normal 0.12019164680902382 -0.1178831004815238 0.9857269107913195
		outer loop
			vertex 0.0020553432404994965 -0.0018651244463399053 0.02611163631081581
			vertex 0.0019046296365559101 -0.00201878952793777 0.02611163631081581
			vertex 0.0029608404729515314 -0.0029039718210697174 0.02587699145078659
		endloop
	endfacet
	facet normal 0.12513293282776852 -0.11355205025670147 0.9856204548427457
		outer loop
			vertex 0.0020553432404994965 -0.0018651244463399053 0.02611163631081581
			vertex 0.0029608404729515314 -0.0029039718210697174 0.02587699145078659
			vertex 0.003176972735673189 -0.002665796782821417 0.02587699145078659
		endloop
	endfacet
	facet normal 0.029080399757207918 -0.09713514260502648 0.9948462667272077
		outer loop
			vertex 0.0004502871888689697 -0.0013160139787942171 0.026252854615449905
			vertex 0.0003469520597718656 -0.0013469505356624722 0.026252854615449905
			vertex 0.0007960081566125154 -0.0026588523760437965 0.02611163631081581
		endloop
	endfacet
	facet normal 0.009722988638850502 -0.03247699123350958 0.9994251890623667
		outer loop
			vertex 0.0004502871888689697 -0.0013160139787942171 0.026252854615449905
			vertex -1.2578143549657372e-18 -1.5403782436052135e-34 0.02630000002682209
			vertex 0.0003469520597718656 -0.0013469505356624722 0.026252854615449905
		endloop
	endfacet
	facet normal 0.03289856303480872 -0.09614969541582849 0.9948230599567384
		outer loop
			vertex 0.0004502871888689697 -0.0013160139787942171 0.026252854615449905
			vertex 0.0007960081566125154 -0.0026588523760437965 0.02611163631081581
			vertex 0.0009996554581448436 -0.002589172450825572 0.02611163631081581
		endloop
	endfacet
	facet normal 0.23369415205702634 -0.041885232935083054 0.9714075718030621
		outer loop
			vertex 0.004097434692084789 -0.0006408270564861596 0.02587699145078659
			vertex 0.005324424244463444 -0.001378588960506022 0.025550000369548798
			vertex 0.005471781361848116 -0.0005564257735386491 0.025550000369548798
		endloop
	endfacet
	facet normal 0.23161718472596332 -0.04548812216262082 0.9717429240708356
		outer loop
			vertex 0.004097434692084789 -0.0006408270564861596 0.02587699145078659
			vertex 0.0040354542434215546 -0.000956420146394521 0.02587699145078659
			vertex 0.005324424244463444 -0.001378588960506022 0.025550000369548798
		endloop
	endfacet
	facet normal 0.13355605272683554 -0.10351376049053276 0.9856204554335992
		outer loop
			vertex 0.0021936956327408552 -0.00170024239923805 0.02611163631081581
			vertex 0.003176972735673189 -0.002665796782821417 0.02587699145078659
			vertex 0.003373998450115323 -0.0024115892592817545 0.02587699145078659
		endloop
	endfacet
	facet normal 0.12896528265787943 -0.10821466427317222 0.9857269106122739
		outer loop
			vertex 0.0021936956327408552 -0.00170024239923805 0.02611163631081581
			vertex 0.0020553432404994965 -0.0018651244463399053 0.02611163631081581
			vertex 0.003176972735673189 -0.002665796782821417 0.02587699145078659
		endloop
	endfacet
	facet normal 0.040250481376275314 -0.09331118697904892 0.9948230602139956
		outer loop
			vertex 0.0005509142647497356 -0.001277162809856236 0.026252854615449905
			vertex 0.0009996554581448436 -0.002589172450825572 0.02611163631081581
			vertex 0.0011972906067967415 -0.0025039210449904203 0.02611163631081581
		endloop
	endfacet
	facet normal 0.03652013997665193 -0.09458955797374037 0.994846266967122
		outer loop
			vertex 0.0005509142647497356 -0.001277162809856236 0.026252854615449905
			vertex 0.0004502871888689697 -0.0013160139787942171 0.026252854615449905
			vertex 0.0009996554581448436 -0.002589172450825572 0.02611163631081581
		endloop
	endfacet
	facet normal 0.012210455229928623 -0.031625879955430036 0.999425189046245
		outer loop
			vertex 0.0005509142647497356 -0.001277162809856236 0.026252854615449905
			vertex -1.2578143549657372e-18 -1.5403782436052135e-34 0.02630000002682209
			vertex 0.0004502871888689697 -0.0013160139787942171 0.026252854615449905
		endloop
	endfacet
	facet normal 0.23296002188715953 -0.027228860000451854 0.9721050444192799
		outer loop
			vertex 0.004134772345423698 -0.0003213799500372261 0.02587699145078659
			vertex 0.004097434692084789 -0.0006408270564861596 0.02587699145078659
			vertex 0.005471781361848116 -0.0005564257735386491 0.025550000369548798
		endloop
	endfacet
	facet normal 0.14117600390988483 -0.09285286252724147 0.9856204552669012
		outer loop
			vertex 0.002318854909390211 -0.001525134895928204 0.02611163631081581
			vertex 0.003373998450115323 -0.0024115892592817545 0.02587699145078659
			vertex 0.003550732508301735 -0.0021428780164569616 0.02587699145078659
		endloop
	endfacet
	facet normal 0.1369632789826023 -0.09789543338216598 0.9857269116409737
		outer loop
			vertex 0.002318854909390211 -0.001525134895928204 0.02611163631081581
			vertex 0.0021936956327408552 -0.00170024239923805 0.02611163631081581
			vertex 0.003373998450115323 -0.0024115892592817545 0.02587699145078659
		endloop
	endfacet
	facet normal 0.014624489737240244 -0.03058456710626004 0.9994251890736234
		outer loop
			vertex 0.000648228102363646 -0.0012306306743994355 0.026252854615449905
			vertex -1.2578143549657372e-18 -1.5403782436052135e-34 0.02630000002682209
			vertex 0.0005509142647497356 -0.001277162809856236 0.026252854615449905
		endloop
	endfacet
	facet normal 0.047360389250975646 -0.08991147239621222 0.9948230599767686
		outer loop
			vertex 0.000648228102363646 -0.0012306306743994355 0.026252854615449905
			vertex 0.0011972906067967415 -0.0025039210449904203 0.02611163631081581
			vertex 0.0013877252349629998 -0.0024036106187850237 0.02611163631081581
		endloop
	endfacet
	facet normal 0.043740253853354574 -0.09147510465382036 0.9948462672299759
		outer loop
			vertex 0.000648228102363646 -0.0012306306743994355 0.026252854615449905
			vertex 0.0005509142647497356 -0.001277162809856236 0.026252854615449905
			vertex 0.0011972906067967415 -0.0025039210449904203 0.02611163631081581
		endloop
	endfacet
	facet normal 0.2372902325977891 -0.006013174674139191 0.9714201908772668
		outer loop
			vertex 0.004147243686020374 -1.0157817213230276e-18 0.02587699145078659
			vertex 0.005471781361848116 -0.0005564257735386491 0.025550000369548798
			vertex 0.00549294101074338 0.0002785704273264855 0.025550000369548798
		endloop
	endfacet
	facet normal 0.23603771186574868 -0.009159584155753424 0.971700725838607
		outer loop
			vertex 0.004147243686020374 -1.0157817213230276e-18 0.02587699145078659
			vertex 0.004134772345423698 -0.0003213799500372261 0.02587699145078659
			vertex 0.005471781361848116 -0.0005564257735386491 0.025550000369548798
		endloop
	endfacet
	facet normal 0.1479468005791507 -0.08163372995498126 0.9856204534870563
		outer loop
			vertex 0.002430068561807275 -0.001340855029411614 0.02611163631081581
			vertex 0.003550732508301735 -0.0021428780164569616 0.02587699145078659
			vertex 0.0037061122711747885 -0.0018612794810906053 0.02587699145078659
		endloop
	endfacet
	facet normal 0.14413751372100947 -0.08698757848180318 0.9857269085949709
		outer loop
			vertex 0.002430068561807275 -0.001340855029411614 0.02611163631081581
			vertex 0.002318854909390211 -0.001525134895928204 0.02611163631081581
			vertex 0.003550732508301735 -0.0021428780164569616 0.02587699145078659
		endloop
	endfacet
	facet normal 0.05418542593534611 -0.08597103368812026 0.9948230601382346
		outer loop
			vertex 0.0007416433654725552 -0.0011766973184421659 0.026252854615449905
			vertex 0.0013877252349629998 -0.0024036106187850237 0.02611163631081581
			vertex 0.0015698138158768415 -0.002288844669237733 0.02611163631081581
		endloop
	endfacet
	facet normal 0.050697419022398736 -0.08781045890547146 0.9948462670238442
		outer loop
			vertex 0.0007416433654725552 -0.0011766973184421659 0.026252854615449905
			vertex 0.000648228102363646 -0.0012306306743994355 0.026252854615449905
			vertex 0.0013877252349629998 -0.0024036106187850237 0.02611163631081581
		endloop
	endfacet
	facet normal 0.0169506071680284 -0.029359297235493128 0.9994251890874442
		outer loop
			vertex 0.0007416433654725552 -0.0011766973184421659 0.026252854615449905
			vertex -1.2578143549657372e-18 -1.5403782436052135e-34 0.02630000002682209
			vertex 0.000648228102363646 -0.0012306306743994355 0.026252854615449905
		endloop
	endfacet
	facet normal 0.23433168293666914 0.009093380685873342 0.9721141768330355
		outer loop
			vertex 0.004134772345423698 0.0003213799500372261 0.02587699145078659
			vertex 0.004147243686020374 -1.0157817213230276e-18 0.02587699145078659
			vertex 0.00549294101074338 0.0002785704273264855 0.025550000369548798
		endloop
	endfacet
	facet normal 0.15382797406091545 -0.06992332433402537 0.9856204559110942
		outer loop
			vertex 0.0025266672018915415 -0.0011485111899673939 0.02611163631081581
			vertex 0.0037061122711747885 -0.0018612794810906053 0.02587699145078659
			vertex 0.0038392026908695698 -0.0015684869140386581 0.02587699145078659
		endloop
	endfacet
	facet normal 0.15044501878818103 -0.07555627601270151 0.985726912221086
		outer loop
			vertex 0.0025266672018915415 -0.0011485111899673939 0.02611163631081581
			vertex 0.002430068561807275 -0.001340855029411614 0.02611163631081581
			vertex 0.0037061122711747885 -0.0018612794810906053 0.02587699145078659
		endloop
	endfacet
	facet normal 0.06068457745584812 -0.08151356453133783 0.9948230600747053
		outer loop
			vertex 0.000830598350148648 -0.0011156871914863586 0.026252854615449905
			vertex 0.0015698138158768415 -0.002288844669237733 0.02611163631081581
			vertex 0.0017424614634364843 -0.002160313306376338 0.02611163631081581
		endloop
	endfacet
	facet normal 0.019174746002091736 -0.027957477256514516 0.9994251890868104
		outer loop
			vertex 0.000830598350148648 -0.0011156871914863586 0.026252854615449905
			vertex -1.2578143549657372e-18 -1.5403782436052135e-34 0.02630000002682209
			vertex 0.0007416433654725552 -0.0011766973184421659 0.026252854615449905
		endloop
	endfacet
	facet normal 0.05734957584532643 -0.08361776798459607 0.9948462670320654
		outer loop
			vertex 0.000830598350148648 -0.0011156871914863586 0.026252854615449905
			vertex 0.0007416433654725552 -0.0011766973184421659 0.026252854615449905
			vertex 0.0015698138158768415 -0.002288844669237733 0.02611163631081581
		endloop
	endfacet
	facet normal 0.23540652728284803 0.029981217068488362 0.971434451486935
		outer loop
			vertex 0.004097434692084789 0.0006408270564861596 0.02587699145078659
			vertex 0.00549294101074338 0.0002785704273264855 0.025550000369548798
			vertex 0.005387414712458849 0.0011071418412029743 0.025550000369548798
		endloop
	endfacet
	facet normal 0.2347998418678304 0.027443902050473583 0.9716562491432276
		outer loop
			vertex 0.004097434692084789 0.0006408270564861596 0.02587699145078659
			vertex 0.004134772345423698 0.0003213799500372261 0.02587699145078659
			vertex 0.00549294101074338 0.0002785704273264855 0.025550000369548798
		endloop
	endfacet
	facet normal 0.15878389564193637 -0.057792687462091485 0.9856204542118026
		outer loop
			vertex 0.002608070382848382 -0.0009492599638178945 0.02611163631081581
			vertex 0.0038392026908695698 -0.0015684869140386581 0.02587699145078659
			vertex 0.003949203994125128 -0.0012662612134590745 0.02587699145078659
		endloop
	endfacet
	facet normal 0.1558476303954762 -0.06367083959252022 0.9857269095878932
		outer loop
			vertex 0.002608070382848382 -0.0009492599638178945 0.02611163631081581
			vertex 0.0025266672018915415 -0.0011485111899673939 0.02611163631081581
			vertex 0.0038392026908695698 -0.0015684869140386581 0.02587699145078659
		endloop
	endfacet
	facet normal 0.06365693329044285 -0.0789221068813673 0.994846267465211
		outer loop
			vertex 0.0009145579533651471 -0.0010479671182110906 0.026252854615449905
			vertex 0.000830598350148648 -0.0011156871914863586 0.026252854615449905
			vertex 0.0017424614634364843 -0.002160313306376338 0.02611163631081581
		endloop
	endfacet
	facet normal 0.06681880955850239 -0.07656582092189364 0.9948230605267155
		outer loop
			vertex 0.0009145579533651471 -0.0010479671182110906 0.026252854615449905
			vertex 0.0017424614634364843 -0.002160313306376338 0.02611163631081581
			vertex 0.0019046296365559101 -0.00201878952793777 0.02611163631081581
		endloop
	endfacet
	facet normal 0.02128360289767144 -0.026387491446478364 0.9994251890676243
		outer loop
			vertex 0.0009145579533651471 -0.0010479671182110906 0.026252854615449905
			vertex -1.2578143549657372e-18 -1.5403782436052135e-34 0.02630000002682209
			vertex 0.000830598350148648 -0.0011156871914863586 0.026252854615449905
		endloop
	endfacet
	facet normal 0.2300838649876596 0.04518698804922228 0.9721211607528045
		outer loop
			vertex 0.0040354542434215546 0.000956420146394521 0.02587699145078659
			vertex 0.004097434692084789 0.0006408270564861596 0.02587699145078659
			vertex 0.005387414712458849 0.0011071418412029743 0.025550000369548798
		endloop
	endfacet
	facet normal 0.1603130446588286 -0.05140213538117683 0.9857269135975093
		outer loop
			vertex 0.002673787996172905 -0.0007442997884936631 0.02611163631081581
			vertex 0.002608070382848382 -0.0009492599638178945 0.02611163631081581
			vertex 0.003949203994125128 -0.0012662612134590745 0.02587699145078659
		endloop
	endfacet
	facet normal 0.1627848864892786 -0.04531431928765471 0.9856204610285692
		outer loop
			vertex 0.002673787996172905 -0.0007442997884936631 0.02611163631081581
			vertex 0.003949203994125128 -0.0012662612134590745 0.02587699145078659
			vertex 0.0040354542434215546 -0.000956420146394521 0.02587699145078659
		endloop
	endfacet
	facet normal 0.023264408344001713 -0.02465884811005717 0.9994251890533322
		outer loop
			vertex 0.00099301734007895 -0.0009739445522427559 0.026252854615449905
			vertex -1.2578143549657372e-18 -1.5403782436052135e-34 0.02630000002682209
			vertex 0.0009145579533651471 -0.0010479671182110906 0.026252854615449905
		endloop
	endfacet
	facet normal 0.06958130735264367 -0.0737519245680894 0.994846267163726
		outer loop
			vertex 0.00099301734007895 -0.0009739445522427559 0.026252854615449905
			vertex 0.0009145579533651471 -0.0010479671182110906 0.026252854615449905
			vertex 0.0019046296365559101 -0.00201878952793777 0.02611163631081581
		endloop
	endfacet
	facet normal 0.07255114889992605 -0.07115764367060709 0.994823059915957
		outer loop
			vertex 0.00099301734007895 -0.0009739445522427559 0.026252854615449905
			vertex 0.0019046296365559101 -0.00201878952793777 0.02611163631081581
			vertex 0.0020553432404994965 -0.0018651244463399053 0.02611163631081581
		endloop
	endfacet
	facet normal 0.22808928817226895 0.06526454237865797 0.971450367300961
		outer loop
			vertex 0.003949203994125128 0.0012662612134590745 0.02587699145078659
			vertex 0.005387414712458849 0.0011071418412029743 0.025550000369548798
			vertex 0.005157636944204569 0.0019101789221167564 0.025550000369548798
		endloop
	endfacet
	facet normal 0.22792438813408541 0.06344715851757853 0.9716094541376943
		outer loop
			vertex 0.003949203994125128 0.0012662612134590745 0.02587699145078659
			vertex 0.0040354542434215546 0.000956420146394521 0.02587699145078659
			vertex 0.005387414712458849 0.0011071418412029743 0.025550000369548798
		endloop
	endfacet
	facet normal 0.16381418260780528 -0.038824709441023716 0.9857269173119687
		outer loop
			vertex 0.002723425393924117 -0.0005348633276298642 0.02611163631081581
			vertex 0.002673787996172905 -0.0007442997884936631 0.02611163631081581
			vertex 0.0040354542434215546 -0.000956420146394521 0.02587699145078659
		endloop
	endfacet
	facet normal 0.1658069092219675 -0.03256340824200504 0.9856204610791737
		outer loop
			vertex 0.002723425393924117 -0.0005348633276298642 0.02611163631081581
			vertex 0.0040354542434215546 -0.000956420146394521 0.02587699145078659
			vertex 0.004097434692084789 -0.0006408270564861596 0.02587699145078659
		endloop
	endfacet
	facet normal 0.07508729261467231 -0.06813812544339908 0.9948462666909185
		outer loop
			vertex 0.001065504620783031 -0.000894064549356699 0.026252854615449905
			vertex 0.00099301734007895 -0.0009739445522427559 0.026252854615449905
			vertex 0.0020553432404994965 -0.0018651244463399053 0.02611163631081581
		endloop
	endfacet
	facet normal 0.07784717226860148 -0.0653214992286749 0.9948230593971478
		outer loop
			vertex 0.001065504620783031 -0.000894064549356699 0.026252854615449905
			vertex 0.0020553432404994965 -0.0018651244463399053 0.02611163631081581
			vertex 0.0021936956327408552 -0.00170024239923805 0.02611163631081581
		endloop
	endfacet
	facet normal 0.025105324724496066 -0.022781881005531395 0.999425189080367
		outer loop
			vertex 0.001065504620783031 -0.000894064549356699 0.026252854615449905
			vertex -1.2578143549657372e-18 -1.5403782436052135e-34 0.02630000002682209
			vertex 0.00099301734007895 -0.0009739445522427559 0.026252854615449905
		endloop
	endfacet
	facet normal 0.22031918441652837 0.08018973029607704 0.9721260536232317
		outer loop
			vertex 0.0038392026908695698 0.0015684869140386581 0.02587699145078659
			vertex 0.003949203994125128 0.0012662612134590745 0.02587699145078659
			vertex 0.005157636944204569 0.0019101789221167564 0.025550000369548798
		endloop
	endfacet
	facet normal 0.1663302065249084 -0.02601365432514234 0.9857269156242175
		outer loop
			vertex 0.0027566838543862104 -0.0003222101368010044 0.02611163631081581
			vertex 0.002723425393924117 -0.0005348633276298642 0.02611163631081581
			vertex 0.004097434692084789 -0.0006408270564861596 0.02587699145078659
		endloop
	endfacet
	facet normal 0.16783179065272413 -0.019616534606618934 0.9856204551531628
		outer loop
			vertex 0.0027566838543862104 -0.0003222101368010044 0.02611163631081581
			vertex 0.004097434692084789 -0.0006408270564861596 0.02587699145078659
			vertex 0.004134772345423698 -0.0003213799500372261 0.02587699145078659
		endloop
	endfacet
	facet normal 0.02679526085598369 -0.020767893584073292 0.9994251890920804
		outer loop
			vertex 0.0011315838200971484 -0.0008088074973784387 0.026252854615449905
			vertex -1.2578143549657372e-18 -1.5403782436052135e-34 0.02630000002682209
			vertex 0.001065504620783031 -0.000894064549356699 0.026252854615449905
		endloop
	endfacet
	facet normal 0.08014171220442451 -0.06211451195240902 0.9948462661988824
		outer loop
			vertex 0.0011315838200971484 -0.0008088074973784387 0.026252854615449905
			vertex 0.001065504620783031 -0.000894064549356699 0.026252854615449905
			vertex 0.0021936956327408552 -0.00170024239923805 0.02611163631081581
		endloop
	endfacet
	facet normal 0.08267499952895391 -0.059092517124866635 0.9948230590777111
		outer loop
			vertex 0.0011315838200971484 -0.0008088074973784387 0.026252854615449905
			vertex 0.0021936956327408552 -0.00170024239923805 0.02611163631081581
			vertex 0.002318854909390211 -0.001525134895928204 0.02611163631081581
		endloop
	endfacet
	facet normal 0.21551081804722766 0.09902107125515136 0.9714679175104534
		outer loop
			vertex 0.0037061122711747885 0.0018612794810906053 0.02587699145078659
			vertex 0.005157636944204569 0.0019101789221167564 0.025550000369548798
			vertex 0.004808906465768814 0.002669160719960928 0.025550000369548798
		endloop
	endfacet
	facet normal 0.21556649645678974 0.09798689828241985 0.9715604218834442
		outer loop
			vertex 0.0037061122711747885 0.0018612794810906053 0.02587699145078659
			vertex 0.0038392026908695698 0.0015684869140386581 0.02587699145078659
			vertex 0.005157636944204569 0.0019101789221167564 0.025550000369548798
		endloop
	endfacet
	facet normal 0.16784595793840343 -0.013045985008481422 0.9857269077583802
		outer loop
			vertex 0.0027733631432056427 -0.00010761911835288629 0.02611163631081581
			vertex 0.0027566838543862104 -0.0003222101368010044 0.02611163631081581
			vertex 0.004134772345423698 -0.0003213799500372261 0.02587699145078659
		endloop
	endfacet
	facet normal 0.16884722544028818 -0.0065522172650336235 0.9856204558094502
		outer loop
			vertex 0.0027733631432056427 -0.00010761911835288629 0.02611163631081581
			vertex 0.004134772345423698 -0.0003213799500372261 0.02587699145078659
			vertex 0.004147243686020374 -1.0157817213230276e-18 0.02587699145078659
		endloop
	endfacet
	facet normal 0.02832404454869642 -0.0186290077586892 0.999425189081369
		outer loop
			vertex 0.001190857496112585 -0.0007186862058006227 0.026252854615449905
			vertex -1.2578143549657372e-18 -1.5403782436052135e-34 0.02630000002682209
			vertex 0.0011315838200971484 -0.0008088074973784387 0.026252854615449905
		endloop
	endfacet
	facet normal 0.08471413867650751 -0.05571733740081141 0.9948462660236816
		outer loop
			vertex 0.001190857496112585 -0.0007186862058006227 0.026252854615449905
			vertex 0.0011315838200971484 -0.0008088074973784387 0.026252854615449905
			vertex 0.002318854909390211 -0.001525134895928204 0.02611163631081581
		endloop
	endfacet
	facet normal 0.08700556082074827 -0.05250821146323805 0.9948230597021759
		outer loop
			vertex 0.001190857496112585 -0.0007186862058006227 0.026252854615449905
			vertex 0.002318854909390211 -0.001525134895928204 0.02611163631081581
			vertex 0.002430068561807275 -0.001340855029411614 0.02611163631081581
		endloop
	endfacet
	facet normal 0.20527227273912807 0.11326464117124499 0.9721288058199192
		outer loop
			vertex 0.003550732508301735 0.0021428780164569616 0.02587699145078659
			vertex 0.0037061122711747885 0.0018612794810906053 0.02587699145078659
			vertex 0.004808906465768814 0.002669160719960928 0.025550000369548798
		endloop
	endfacet
	facet normal 0.16884722544028816 0.006552217265033581 0.9856204558094501
		outer loop
			vertex 0.0027733631432056427 0.00010761911835288629 0.02611163631081581
			vertex 0.004147243686020374 -1.0157817213230276e-18 0.02587699145078659
			vertex 0.004134772345423698 0.0003213799500372261 0.02587699145078659
		endloop
	endfacet
	facet normal 0.16835215783956742 0 0.9857269149976384
		outer loop
			vertex 0.0027733631432056427 0.00010761911835288629 0.02611163631081581
			vertex 0.0027733631432056427 -0.00010761911835288629 0.02611163631081581
			vertex 0.004147243686020374 -1.0157817213230276e-18 0.02587699145078659
		endloop
	endfacet
	facet normal 0.09081296367519802 -0.04560795301993566 0.9948230597698561
		outer loop
			vertex 0.0012429693015292287 -0.0006242426461540163 0.026252854615449905
			vertex 0.002430068561807275 -0.001340855029411614 0.02611163631081581
			vertex 0.0025266672018915415 -0.0011485111899673939 0.02611163631081581
		endloop
	endfacet
	facet normal 0.08877702760790267 -0.04898514208361117 0.9948462671308338
		outer loop
			vertex 0.0012429693015292287 -0.0006242426461540163 0.026252854615449905
			vertex 0.001190857496112585 -0.0007186862058006227 0.026252854615449905
			vertex 0.002430068561807275 -0.001340855029411614 0.02611163631081581
		endloop
	endfacet
	facet normal 0.02968246832221821 -0.01637811005092398 0.9994251890889384
		outer loop
			vertex 0.0012429693015292287 -0.0006242426461540163 0.026252854615449905
			vertex -1.2578143549657372e-18 -1.5403782436052135e-34 0.02630000002682209
			vertex 0.001190857496112585 -0.0007186862058006227 0.026252854615449905
		endloop
	endfacet
	facet normal 0.19801269122978082 0.13023491732450576 0.9715090531855165
		outer loop
			vertex 0.003373998450115323 0.0024115892592817545 0.02587699145078659
			vertex 0.003550732508301735 0.0021428780164569616 0.02587699145078659
			vertex 0.004808906465768814 0.002669160719960928 0.025550000369548798
		endloop
	endfacet
	facet normal 0.19796545417815054 0.1304702121350354 0.9714871088683974
		outer loop
			vertex 0.003373998450115323 0.0024115892592817545 0.02587699145078659
			vertex 0.004808906465768814 0.002669160719960928 0.025550000369548798
			vertex 0.004349266644567251 0.0033665827941149473 0.025550000369548798
		endloop
	endfacet
	facet normal 0.16783179065272413 0.019616534606618934 0.9856204551531628
		outer loop
			vertex 0.0027566838543862104 0.0003222101368010044 0.02611163631081581
			vertex 0.004134772345423698 0.0003213799500372261 0.02587699145078659
			vertex 0.004097434692084789 0.0006408270564861596 0.02587699145078659
		endloop
	endfacet
	facet normal 0.16784595793840343 0.013045985008481422 0.9857269077583802
		outer loop
			vertex 0.0027566838543862104 0.0003222101368010044 0.02611163631081581
			vertex 0.0027733631432056427 0.00010761911835288629 0.02611163631081581
			vertex 0.004134772345423698 0.0003213799500372261 0.02587699145078659
		endloop
	endfacet
	facet normal 0.030862406777720192 -0.0140286594207011 0.9994251890775742
		outer loop
			vertex 0.0012876056134700775 -0.000526044808793813 0.026252854615449905
			vertex -1.2578143549657372e-18 -1.5403782436052135e-34 0.02630000002682209
			vertex 0.0012429693015292287 -0.0006242426461540163 0.026252854615449905
		endloop
	endfacet
	facet normal 0.09407412176053817 -0.03843355398617795 0.994823060419779
		outer loop
			vertex 0.0012876056134700775 -0.000526044808793813 0.026252854615449905
			vertex 0.0025266672018915415 -0.0011485111899673939 0.02611163631081581
			vertex 0.002608070382848382 -0.0009492599638178945 0.02611163631081581
		endloop
	endfacet
	facet normal 0.09230609693525156 -0.041958192233202046 0.9948462668036211
		outer loop
			vertex 0.0012876056134700775 -0.000526044808793813 0.026252854615449905
			vertex 0.0012429693015292287 -0.0006242426461540163 0.026252854615449905
			vertex 0.0025266672018915415 -0.0011485111899673939 0.02611163631081581
		endloop
	endfacet
	facet normal 0.18530341941410838 0.14362099945062695 0.9721294416229982
		outer loop
			vertex 0.003176972735673189 0.002665796782821417 0.02587699145078659
			vertex 0.003373998450115323 0.0024115892592817545 0.02587699145078659
			vertex 0.004349266644567251 0.0033665827941149473 0.025550000369548798
		endloop
	endfacet
	facet normal 0.17594971748817798 0.15896473736866593 0.9714792376521186
		outer loop
			vertex 0.003176972735673189 0.002665796782821417 0.02587699145078659
			vertex 0.004349266644567251 0.0033665827941149473 0.025550000369548798
			vertex 0.0037893180269747972 0.003986360505223274 0.025550000369548798
		endloop
	endfacet
	facet normal 0.1658069092219675 0.03256340824200504 0.9856204610791737
		outer loop
			vertex 0.002723425393924117 0.0005348633276298642 0.02611163631081581
			vertex 0.004097434692084789 0.0006408270564861596 0.02587699145078659
			vertex 0.0040354542434215546 0.000956420146394521 0.02587699145078659
		endloop
	endfacet
	facet normal 0.1663302065249084 0.02601365432514234 0.9857269156242175
		outer loop
			vertex 0.002723425393924117 0.0005348633276298642 0.02611163631081581
			vertex 0.0027566838543862104 0.0003222101368010044 0.02611163631081581
			vertex 0.004097434692084789 0.0006408270564861596 0.02587699145078659
		endloop
	endfacet
	facet normal 0.09676959291597807 -0.03102781639781266 0.9948230598937983
		outer loop
			vertex 0.0013244982110336423 -0.00042468326864764094 0.026252854615449905
			vertex 0.002608070382848382 -0.0009492599638178945 0.02611163631081581
			vertex 0.002673787996172905 -0.0007442997884936631 0.02611163631081581
		endloop
	endfacet
	facet normal 0.09527993258963685 -0.03467907259345055 0.9948462677066103
		outer loop
			vertex 0.0013244982110336423 -0.00042468326864764094 0.026252854615449905
			vertex 0.0012876056134700775 -0.000526044808793813 0.026252854615449905
			vertex 0.002608070382848382 -0.0009492599638178945 0.02611163631081581
		endloop
	endfacet
	facet normal 0.031856707853039526 -0.011594897836273906 0.9994251890506526
		outer loop
			vertex 0.0013244982110336423 -0.00042468326864764094 0.026252854615449905
			vertex -1.2578143549657372e-18 -1.5403782436052135e-34 0.02630000002682209
			vertex 0.0012876056134700775 -0.000526044808793813 0.026252854615449905
		endloop
	endfacet
	facet normal 0.17544755861507047 0.15921012592820033 0.9715298708624135
		outer loop
			vertex 0.0029608404729515314 0.0029039718210697174 0.02587699145078659
			vertex 0.003176972735673189 0.002665796782821417 0.02587699145078659
			vertex 0.0037893180269747972 0.003986360505223274 0.025550000369548798
		endloop
	endfacet
	facet normal 0.1627848864892786 0.04531431928765471 0.9856204610285692
		outer loop
			vertex 0.002673787996172905 0.0007442997884936631 0.02611163631081581
			vertex 0.0040354542434215546 0.000956420146394521 0.02587699145078659
			vertex 0.003949203994125128 0.0012662612134590745 0.02587699145078659
		endloop
	endfacet
	facet normal 0.16381418260780528 0.038824709441023716 0.9857269173119687
		outer loop
			vertex 0.002673787996172905 0.0007442997884936631 0.02611163631081581
			vertex 0.002723425393924117 0.0005348633276298642 0.02611163631081581
			vertex 0.0040354542434215546 0.000956420146394521 0.02587699145078659
		endloop
	endfacet
	facet normal 0.09888299897570278 -0.02343572237014467 0.9948230593580754
		outer loop
			vertex 0.001353425090201199 -0.00032076763454824686 0.026252854615449905
			vertex 0.002673787996172905 -0.0007442997884936631 0.02611163631081581
			vertex 0.002723425393924117 -0.0005348633276298642 0.02611163631081581
		endloop
	endfacet
	facet normal 0.032659431883571094 -0.00909136962849578 0.9994251890498462
		outer loop
			vertex 0.001353425090201199 -0.00032076763454824686 0.026252854615449905
			vertex -1.2578143549657372e-18 -1.5403782436052135e-34 0.02630000002682209
			vertex 0.0013244982110336423 -0.00042468326864764094 0.026252854615449905
		endloop
	endfacet
	facet normal 0.09768080712108151 -0.027191297335281514 0.9948462661483928
		outer loop
			vertex 0.001353425090201199 -0.00032076763454824686 0.026252854615449905
			vertex 0.0013244982110336423 -0.00042468326864764094 0.026252854615449905
			vertex 0.002673787996172905 -0.0007442997884936631 0.02611163631081581
		endloop
	endfacet
	facet normal 0.14989697334253785 0.1838341990711407 0.9714606963920974
		outer loop
			vertex 0.0027269013226032257 0.003124682232737541 0.02587699145078659
			vertex 0.0037893180269747972 0.003986360505223274 0.025550000369548798
			vertex 0.003141975263133645 0.004514198750257492 0.025550000369548798
		endloop
	endfacet
	facet normal 0.1608900648698325 0.17053334634606873 0.9721279570150181
		outer loop
			vertex 0.0027269013226032257 0.003124682232737541 0.02587699145078659
			vertex 0.0029608404729515314 0.0029039718210697174 0.02587699145078659
			vertex 0.0037893180269747972 0.003986360505223274 0.025550000369548798
		endloop
	endfacet
	facet normal 0.15878389564193637 0.057792687462091485 0.9856204542118026
		outer loop
			vertex 0.002608070382848382 0.0009492599638178945 0.02611163631081581
			vertex 0.003949203994125128 0.0012662612134590745 0.02587699145078659
			vertex 0.0038392026908695698 0.0015684869140386581 0.02587699145078659
		endloop
	endfacet
	facet normal 0.1603130446588286 0.05140213538117683 0.9857269135975093
		outer loop
			vertex 0.002608070382848382 0.0009492599638178945 0.02611163631081581
			vertex 0.002673787996172905 0.0007442997884936631 0.02611163631081581
			vertex 0.003949203994125128 0.0012662612134590745 0.02587699145078659
		endloop
	endfacet
	facet normal 0.03326573406760821 -0.006533179524948739 0.9994251890473035
		outer loop
			vertex 0.0013742123264819384 -0.00021492289670277387 0.026252854615449905
			vertex -1.2578143549657372e-18 -1.5403782436052135e-34 0.02630000002682209
			vertex 0.001353425090201199 -0.00032076763454824686 0.026252854615449905
		endloop
	endfacet
	facet normal 0.10040173339324054 -0.015702595702276924 0.994823059855291
		outer loop
			vertex 0.0013742123264819384 -0.00021492289670277387 0.026252854615449905
			vertex 0.002723425393924117 -0.0005348633276298642 0.02611163631081581
			vertex 0.0027566838543862104 -0.0003222101368010044 0.02611163631081581
		endloop
	endfacet
	facet normal 0.09949418757486568 -0.019540028420670204 0.9948462664794682
		outer loop
			vertex 0.0013742123264819384 -0.00021492289670277387 0.026252854615449905
			vertex 0.001353425090201199 -0.00032076763454824686 0.026252854615449905
			vertex 0.002723425393924117 -0.0005348633276298642 0.02611163631081581
		endloop
	endfacet
	facet normal 0.14860940380141263 0.1842469680602689 0.9715803105571804
		outer loop
			vertex 0.0024765620473772287 0.00332660018466413 0.02587699145078659
			vertex 0.0027269013226032257 0.003124682232737541 0.02587699145078659
			vertex 0.003141975263133645 0.004514198750257492 0.025550000369548798
		endloop
	endfacet
	facet normal 0.15382797406091545 0.06992332433402537 0.9856204559110942
		outer loop
			vertex 0.0025266672018915415 0.0011485111899673939 0.02611163631081581
			vertex 0.0038392026908695698 0.0015684869140386581 0.02587699145078659
			vertex 0.0037061122711747885 0.0018612794810906053 0.02587699145078659
		endloop
	endfacet
	facet normal 0.1558476303954762 0.06367083959252022 0.9857269095878932
		outer loop
			vertex 0.0025266672018915415 0.0011485111899673939 0.02611163631081581
			vertex 0.002608070382848382 0.0009492599638178945 0.02611163631081581
			vertex 0.0038392026908695698 0.0015684869140386581 0.02587699145078659
		endloop
	endfacet
	facet normal 0.1013166552391078 -0.00787493235818017 0.994823060052145
		outer loop
			vertex 0.001386734889820218 -0.00010778556315926835 0.026252854615449905
			vertex 0.0027566838543862104 -0.0003222101368010044 0.02611163631081581
			vertex 0.0027733631432056427 -0.00010761911835288629 0.02611163631081581
		endloop
	endfacet
	facet normal 0.1007091997934837 -0.011771221958303208 0.9948462672245219
		outer loop
			vertex 0.001386734889820218 -0.00010778556315926835 0.026252854615449905
			vertex 0.0013742123264819384 -0.00021492289670277387 0.026252854615449905
			vertex 0.0027566838543862104 -0.0003222101368010044 0.02611163631081581
		endloop
	endfacet
	facet normal 0.03367197390003525 -0.0039356908739647594 0.999425189051697
		outer loop
			vertex 0.001386734889820218 -0.00010778556315926835 0.026252854615449905
			vertex -1.2578143549657372e-18 -1.5403782436052135e-34 0.02630000002682209
			vertex 0.0013742123264819384 -0.00021492289670277387 0.026252854615449905
		endloop
	endfacet
	facet normal 0.1203659757713135 0.20447241977802422 0.9714438025057028
		outer loop
			vertex 0.0022113285958766937 0.003508511697873473 0.02587699145078659
			vertex 0.003141975263133645 0.004514198750257492 0.025550000369548798
			vertex 0.002422167919576168 0.004937924910336733 0.025550000369548798
		endloop
	endfacet
	facet normal 0.13261552848083857 0.19335815375831739 0.9721243469746672
		outer loop
			vertex 0.0022113285958766937 0.003508511697873473 0.02587699145078659
			vertex 0.0024765620473772287 0.00332660018466413 0.02587699145078659
			vertex 0.003141975263133645 0.004514198750257492 0.025550000369548798
		endloop
	endfacet
	facet normal 0.1479468005791507 0.08163372995498126 0.9856204534870563
		outer loop
			vertex 0.002430068561807275 0.001340855029411614 0.02611163631081581
			vertex 0.0037061122711747885 0.0018612794810906053 0.02587699145078659
			vertex 0.003550732508301735 0.0021428780164569616 0.02587699145078659
		endloop
	endfacet
	facet normal 0.15044501878818103 0.07555627601270151 0.985726912221086
		outer loop
			vertex 0.002430068561807275 0.001340855029411614 0.02611163631081581
			vertex 0.0025266672018915415 0.0011485111899673939 0.02611163631081581
			vertex 0.0037061122711747885 0.0018612794810906053 0.02587699145078659
		endloop
	endfacet
	facet normal 0.03387570653579864 -0.0013145313619028866 0.9994251890531872
		outer loop
			vertex 0.0013909174595028162 -3.4067653247846654e-19 0.026252854615449905
			vertex -1.2578143549657372e-18 -1.5403782436052135e-34 0.02630000002682209
			vertex 0.001386734889820218 -0.00010778556315926835 0.026252854615449905
		endloop
	endfacet
	facet normal 0 0 0
		outer loop
			vertex 0.0013909174595028162 -3.4067653247846654e-19 0.026252854615449905
			vertex -1.2578143549657372e-18 -1.5403782436052135e-34 0.02630000002682209
			vertex -1.2578143549657372e-18 -1.5403782436052135e-34 0.02630000002682209
		endloop
	endfacet
	facet normal 0.10162223918503635 0 0.9948230598970951
		outer loop
			vertex 0.0013909174595028162 -3.4067653247846654e-19 0.026252854615449905
			vertex 0.0027733631432056427 -0.00010761911835288629 0.02611163631081581
			vertex 0.0027733631432056427 0.00010761911835288629 0.02611163631081581
		endloop
	endfacet
	facet normal 0.1013185453531214 -0.003931620002325602 0.9948462668833234
		outer loop
			vertex 0.0013909174595028162 -3.4067653247846654e-19 0.026252854615449905
			vertex 0.001386734889820218 -0.00010778556315926835 0.026252854615449905
			vertex 0.0027733631432056427 -0.00010761911835288629 0.02611163631081581
		endloop
	endfacet
	facet normal 0.1182563356425863 0.20482582966500465 0.9716284364830161
		outer loop
			vertex 0.0019327959744259715 0.0036693227011710405 0.02587699145078659
			vertex 0.0022113285958766937 0.003508511697873473 0.02587699145078659
			vertex 0.002422167919576168 0.004937924910336733 0.025550000369548798
		endloop
	endfacet
	facet normal 0.14413751372100947 0.08698757848180318 0.9857269085949709
		outer loop
			vertex 0.002318854909390211 0.001525134895928204 0.02611163631081581
			vertex 0.002430068561807275 0.001340855029411614 0.02611163631081581
			vertex 0.003550732508301735 0.0021428780164569616 0.02587699145078659
		endloop
	endfacet
	facet normal 0.14117600390988483 0.09285286252724147 0.9856204552669012
		outer loop
			vertex 0.002318854909390211 0.001525134895928204 0.02611163631081581
			vertex 0.003550732508301735 0.0021428780164569616 0.02587699145078659
			vertex 0.003373998450115323 0.0024115892592817545 0.02587699145078659
		endloop
	endfacet
	facet normal 0.03387570653579863 0.0013145313619028782 0.9994251890531872
		outer loop
			vertex 0.001386734889820218 0.00010778556315926835 0.026252854615449905
			vertex -1.2578143549657372e-18 -1.5403782436052135e-34 0.02630000002682209
			vertex 0.0013909174595028162 -3.4067653247846654e-19 0.026252854615449905
		endloop
	endfacet
	facet normal 0.1013166552391078 0.00787493235818017 0.994823060052145
		outer loop
			vertex 0.001386734889820218 0.00010778556315926835 0.026252854615449905
			vertex 0.0027733631432056427 0.00010761911835288629 0.02611163631081581
			vertex 0.0027566838543862104 0.0003222101368010044 0.02611163631081581
		endloop
	endfacet
	facet normal 0.10131854535312138 0.003931620002325577 0.9948462668833234
		outer loop
			vertex 0.001386734889820218 0.00010778556315926835 0.026252854615449905
			vertex 0.0013909174595028162 -3.4067653247846654e-19 0.026252854615449905
			vertex 0.0027733631432056427 0.00010761911835288629 0.02611163631081581
		endloop
	endfacet
	facet normal 0.0880382374319344 0.22039928526255717 0.9714285479671844
		outer loop
			vertex 0.0016426392830908298 0.0038080657832324505 0.02587699145078659
			vertex 0.002422167919576168 0.004937924910336733 0.025550000369548798
			vertex 0.0016464971704408526 0.005247765686362982 0.025550000369548798
		endloop
	endfacet
	facet normal 0.10115552024672911 0.21154893367645272 0.9721186189884286
		outer loop
			vertex 0.0016426392830908298 0.0038080657832324505 0.02587699145078659
			vertex 0.0019327959744259715 0.0036693227011710405 0.02587699145078659
			vertex 0.002422167919576168 0.004937924910336733 0.025550000369548798
		endloop
	endfacet
	facet normal 0.1369632789826023 0.09789543338216598 0.9857269116409737
		outer loop
			vertex 0.0021936956327408552 0.00170024239923805 0.02611163631081581
			vertex 0.002318854909390211 0.001525134895928204 0.02611163631081581
			vertex 0.003373998450115323 0.0024115892592817545 0.02587699145078659
		endloop
	endfacet
	facet normal 0.13355605272683554 0.10351376049053276 0.9856204554335992
		outer loop
			vertex 0.0021936956327408552 0.00170024239923805 0.02611163631081581
			vertex 0.003373998450115323 0.0024115892592817545 0.02587699145078659
			vertex 0.003176972735673189 0.002665796782821417 0.02587699145078659
		endloop
	endfacet
	facet normal 0.03367197390003525 0.0039356908739647594 0.999425189051697
		outer loop
			vertex 0.0013742123264819384 0.00021492289670277387 0.026252854615449905
			vertex -1.2578143549657372e-18 -1.5403782436052135e-34 0.02630000002682209
			vertex 0.001386734889820218 0.00010778556315926835 0.026252854615449905
		endloop
	endfacet
	facet normal 0.1007091997934837 0.011771221958303208 0.9948462672245219
		outer loop
			vertex 0.0013742123264819384 0.00021492289670277387 0.026252854615449905
			vertex 0.001386734889820218 0.00010778556315926835 0.026252854615449905
			vertex 0.0027566838543862104 0.0003222101368010044 0.02611163631081581
		endloop
	endfacet
	facet normal 0.10040173339324054 0.015702595702276924 0.994823059855291
		outer loop
			vertex 0.0013742123264819384 0.00021492289670277387 0.026252854615449905
			vertex 0.0027566838543862104 0.0003222101368010044 0.02611163631081581
			vertex 0.002723425393924117 0.0005348633276298642 0.02611163631081581
		endloop
	endfacet
	facet normal 0.08511877437683467 0.22046291889209932 0.971674274457321
		outer loop
			vertex 0.0013426034711301327 0.003923906944692135 0.02587699145078659
			vertex 0.0016426392830908298 0.0038080657832324505 0.02587699145078659
			vertex 0.0016464971704408526 0.005247765686362982 0.025550000369548798
		endloop
	endfacet
	facet normal 0.12896528265787943 0.10821466427317222 0.9857269106122739
		outer loop
			vertex 0.0020553432404994965 0.0018651244463399053 0.02611163631081581
			vertex 0.0021936956327408552 0.00170024239923805 0.02611163631081581
			vertex 0.003176972735673189 0.002665796782821417 0.02587699145078659
		endloop
	endfacet
	facet normal 0.12513293282776852 0.11355205025670147 0.9856204548427457
		outer loop
			vertex 0.0020553432404994965 0.0018651244463399053 0.02611163631081581
			vertex 0.003176972735673189 0.002665796782821417 0.02587699145078659
			vertex 0.0029608404729515314 0.0029039718210697174 0.02587699145078659
		endloop
	endfacet
	facet normal 0.03326573406760821 0.006533179524948739 0.9994251890473035
		outer loop
			vertex 0.001353425090201199 0.00032076763454824686 0.026252854615449905
			vertex -1.2578143549657372e-18 -1.5403782436052135e-34 0.02630000002682209
			vertex 0.0013742123264819384 0.00021492289670277387 0.026252854615449905
		endloop
	endfacet
	facet normal 0.09949418757486568 0.019540028420670204 0.9948462664794682
		outer loop
			vertex 0.001353425090201199 0.00032076763454824686 0.026252854615449905
			vertex 0.0013742123264819384 0.00021492289670277387 0.026252854615449905
			vertex 0.002723425393924117 0.0005348633276298642 0.02611163631081581
		endloop
	endfacet
	facet normal 0.09888299897570278 0.02343572237014467 0.9948230593580754
		outer loop
			vertex 0.001353425090201199 0.00032076763454824686 0.026252854615449905
			vertex 0.002723425393924117 0.0005348633276298642 0.02611163631081581
			vertex 0.002673787996172905 0.0007442997884936631 0.02611163631081581
		endloop
	endfacet
	facet normal 0.05366118056080762 0.2312433240183108 0.9714149488235103
		outer loop
			vertex 0.0010344932088628411 0.00401614885777235 0.02587699145078659
			vertex 0.0016464971704408526 0.005247765686362982 0.025550000369548798
			vertex 0.0008328527910634875 0.005436575971543789 0.025550000369548798
		endloop
	endfacet
	facet normal 0.06726156788455885 0.22466987760107127 0.9721107589078677
		outer loop
			vertex 0.0010344932088628411 0.00401614885777235 0.02587699145078659
			vertex 0.0013426034711301327 0.003923906944692135 0.02587699145078659
			vertex 0.0016464971704408526 0.005247765686362982 0.025550000369548798
		endloop
	endfacet
	facet normal 0.12019164680902382 0.1178831004815238 0.9857269107913195
		outer loop
			vertex 0.0019046296365559101 0.00201878952793777 0.02611163631081581
			vertex 0.0020553432404994965 0.0018651244463399053 0.02611163631081581
			vertex 0.0029608404729515314 0.0029039718210697174 0.02587699145078659
		endloop
	endfacet
	facet normal 0.1159572625616987 0.12290740285159774 0.9856204561510847
		outer loop
			vertex 0.0019046296365559101 0.00201878952793777 0.02611163631081581
			vertex 0.0029608404729515314 0.0029039718210697174 0.02587699145078659
			vertex 0.0027269013226032257 0.003124682232737541 0.02587699145078659
		endloop
	endfacet
	facet normal 0.032659431883571094 0.00909136962849578 0.9994251890498462
		outer loop
			vertex 0.0013244982110336423 0.00042468326864764094 0.026252854615449905
			vertex -1.2578143549657372e-18 -1.5403782436052135e-34 0.02630000002682209
			vertex 0.001353425090201199 0.00032076763454824686 0.026252854615449905
		endloop
	endfacet
	facet normal 0.09768080712108151 0.027191297335281514 0.9948462661483928
		outer loop
			vertex 0.0013244982110336423 0.00042468326864764094 0.026252854615449905
			vertex 0.001353425090201199 0.00032076763454824686 0.026252854615449905
			vertex 0.002673787996172905 0.0007442997884936631 0.02611163631081581
		endloop
	endfacet
	facet normal 0.09676959291597807 0.03102781639781266 0.9948230598937983
		outer loop
			vertex 0.0013244982110336423 0.00042468326864764094 0.026252854615449905
			vertex 0.002673787996172905 0.0007442997884936631 0.02611163631081581
			vertex 0.002608070382848382 0.0009492599638178945 0.02611163631081581
		endloop
	endfacet
	facet normal 0.049992722392476374 0.23079229580468805 0.9717178828780453
		outer loop
			vertex 0.0007201613043434918 0.004084237385541201 0.02587699145078659
			vertex 0.0010344932088628411 0.00401614885777235 0.02587699145078659
			vertex 0.0008328527910634875 0.005436575971543789 0.025550000369548798
		endloop
	endfacet
	facet normal 0.10608404932777207 0.13152373906510628 0.98562045460743
		outer loop
			vertex 0.0017424614634364843 0.002160313306376338 0.02611163631081581
			vertex 0.0027269013226032257 0.003124682232737541 0.02587699145078659
			vertex 0.0024765620473772287 0.00332660018466413 0.02587699145078659
		endloop
	endfacet
	facet normal 0.1106951822918934 0.12684253970219103 0.9857269128613984
		outer loop
			vertex 0.0017424614634364843 0.002160313306376338 0.02611163631081581
			vertex 0.0019046296365559101 0.00201878952793777 0.02611163631081581
			vertex 0.0027269013226032257 0.003124682232737541 0.02587699145078659
		endloop
	endfacet
	facet normal 0.09407412176053817 0.03843355398617795 0.994823060419779
		outer loop
			vertex 0.0012876056134700775 0.000526044808793813 0.026252854615449905
			vertex 0.002608070382848382 0.0009492599638178945 0.02611163631081581
			vertex 0.0025266672018915415 0.0011485111899673939 0.02611163631081581
		endloop
	endfacet
	facet normal 0.09527993258963685 0.03467907259345055 0.9948462677066103
		outer loop
			vertex 0.0012876056134700775 0.000526044808793813 0.026252854615449905
			vertex 0.0013244982110336423 0.00042468326864764094 0.026252854615449905
			vertex 0.002608070382848382 0.0009492599638178945 0.02611163631081581
		endloop
	endfacet
	facet normal 0.031856707853039526 0.011594897836273906 0.9994251890506526
		outer loop
			vertex 0.0012876056134700775 0.000526044808793813 0.026252854615449905
			vertex -1.2578143549657372e-18 -1.5403782436052135e-34 0.02630000002682209
			vertex 0.0013244982110336423 0.00042468326864764094 0.026252854615449905
		endloop
	endfacet
	facet normal 0.031744013718379704 0.23240556454742312 0.9721008029831274
		outer loop
			vertex 0.0004014982550870627 0.004127763211727142 0.02587699145078659
			vertex 0.0007201613043434918 0.004084237385541201 0.02587699145078659
			vertex 0.0008328527910634875 0.005436575971543789 0.025550000369548798
		endloop
	endfacet
	facet normal 0.018029253070229772 0.23675129381660606 0.9714029909928694
		outer loop
			vertex 0.0004014982550870627 0.004127763211727142 0.02587699145078659
			vertex 0.0008328527910634875 0.005436575971543789 0.025550000369548798
			vertex -6.735557503102785e-19 0.005499999970197678 0.025550000369548798
		endloop
	endfacet
	facet normal 0.09557304422128328 0.1393488951963833 0.9856204536360962
		outer loop
			vertex 0.0015698138158768415 0.002288844669237733 0.02611163631081581
			vertex 0.0024765620473772287 0.00332660018466413 0.02587699145078659
			vertex 0.0022113285958766937 0.003508511697873473 0.02587699145078659
		endloop
	endfacet
	facet normal 0.1005329342487655 0.1350392169966698 0.9857269089378965
		outer loop
			vertex 0.0015698138158768415 0.002288844669237733 0.02611163631081581
			vertex 0.0017424614634364843 0.002160313306376338 0.02611163631081581
			vertex 0.0024765620473772287 0.00332660018466413 0.02587699145078659
		endloop
	endfacet
	facet normal 0.09081296367519802 0.04560795301993566 0.9948230597698561
		outer loop
			vertex 0.0012429693015292287 0.0006242426461540163 0.026252854615449905
			vertex 0.0025266672018915415 0.0011485111899673939 0.02611163631081581
			vertex 0.002430068561807275 0.001340855029411614 0.02611163631081581
		endloop
	endfacet
	facet normal 0.09230609693525156 0.041958192233202046 0.9948462668036211
		outer loop
			vertex 0.0012429693015292287 0.0006242426461540163 0.026252854615449905
			vertex 0.0012876056134700775 0.000526044808793813 0.026252854615449905
			vertex 0.0025266672018915415 0.0011485111899673939 0.02611163631081581
		endloop
	endfacet
	facet normal 0.030862406777720192 0.0140286594207011 0.9994251890775742
		outer loop
			vertex 0.0012429693015292287 0.0006242426461540163 0.026252854615449905
			vertex -1.2578143549657372e-18 -1.5403782436052135e-34 0.02630000002682209
			vertex 0.0012876056134700775 0.000526044808793813 0.026252854615449905
		endloop
	endfacet
	facet normal 0.013720598778338337 0.23557551733336765 0.9717591886893997
		outer loop
			vertex 0.00008042057743296027 0.004146463703364134 0.02587699145078659
			vertex 0.0004014982550870627 0.004127763211727142 0.02587699145078659
			vertex -6.735557503102785e-19 0.005499999970197678 0.025550000369548798
		endloop
	endfacet
	facet normal 0.08448720422894263 0.14633602172971405 0.9856204548739327
		outer loop
			vertex 0.0013877252349629998 0.0024036106187850237 0.02611163631081581
			vertex 0.0022113285958766937 0.003508511697873473 0.02587699145078659
			vertex 0.0019327959744259715 0.0036693227011710405 0.02587699145078659
		endloop
	endfacet
	facet normal 0.08976613174688292 0.1424236684172559 0.9857269095777861
		outer loop
			vertex 0.0013877252349629998 0.0024036106187850237 0.02611163631081581
			vertex 0.0015698138158768415 0.002288844669237733 0.02611163631081581
			vertex 0.0022113285958766937 0.003508511697873473 0.02587699145078659
		endloop
	endfacet
	facet normal 0.08877702760790267 0.04898514208361117 0.9948462671308338
		outer loop
			vertex 0.001190857496112585 0.0007186862058006227 0.026252854615449905
			vertex 0.0012429693015292287 0.0006242426461540163 0.026252854615449905
			vertex 0.002430068561807275 0.001340855029411614 0.02611163631081581
		endloop
	endfacet
	facet normal 0.02968246832221821 0.01637811005092398 0.9994251890889384
		outer loop
			vertex 0.001190857496112585 0.0007186862058006227 0.026252854615449905
			vertex -1.2578143549657372e-18 -1.5403782436052135e-34 0.02630000002682209
			vertex 0.0012429693015292287 0.0006242426461540163 0.026252854615449905
		endloop
	endfacet
	facet normal 0.08700556082074827 0.05250821146323805 0.9948230597021759
		outer loop
			vertex 0.001190857496112585 0.0007186862058006227 0.026252854615449905
			vertex 0.002430068561807275 0.001340855029411614 0.02611163631081581
			vertex 0.002318854909390211 0.001525134895928204 0.02611163631081581
		endloop
	endfacet
	facet normal -0.004549418646097365 0.23456960111261474 0.9720886816663651
		outer loop
			vertex -0.0002411407622275874 0.004140227101743221 0.02587699145078659
			vertex 0.00008042057743296027 0.004146463703364134 0.02587699145078659
			vertex -6.735557503102785e-19 0.005499999970197678 0.025550000369548798
		endloop
	endfacet
	facet normal -0.016922879995038376 0.23661195713211475 0.9714568430325579
		outer loop
			vertex -0.0002411407622275874 0.004140227101743221 0.02587699145078659
			vertex -6.735557503102785e-19 0.005499999970197678 0.025550000369548798
			vertex -0.0007827316294424236 0.005444017704576254 0.025550000369548798
		endloop
	endfacet
	facet normal 0.07289313361473469 0.15244313558884534 0.9856204550858638
		outer loop
			vertex 0.0011972906067967415 0.0025039210449904203 0.02611163631081581
			vertex 0.0019327959744259715 0.0036693227011710405 0.02587699145078659
			vertex 0.0016426392830908298 0.0038080657832324505 0.02587699145078659
		endloop
	endfacet
	facet normal 0.07845944725435632 0.14895157192752176 0.9857269116529493
		outer loop
			vertex 0.0011972906067967415 0.0025039210449904203 0.02611163631081581
			vertex 0.0013877252349629998 0.0024036106187850237 0.02611163631081581
			vertex 0.0019327959744259715 0.0036693227011710405 0.02587699145078659
		endloop
	endfacet
	facet normal 0.08267499952895391 0.059092517124866635 0.9948230590777111
		outer loop
			vertex 0.0011315838200971484 0.0008088074973784387 0.026252854615449905
			vertex 0.002318854909390211 0.001525134895928204 0.02611163631081581
			vertex 0.0021936956327408552 0.00170024239923805 0.02611163631081581
		endloop
	endfacet
	facet normal 0.02832404454869642 0.0186290077586892 0.999425189081369
		outer loop
			vertex 0.0011315838200971484 0.0008088074973784387 0.026252854615449905
			vertex -1.2578143549657372e-18 -1.5403782436052135e-34 0.02630000002682209
			vertex 0.001190857496112585 0.0007186862058006227 0.026252854615449905
		endloop
	endfacet
	facet normal 0.08471413867650751 0.05571733740081141 0.9948462660236816
		outer loop
			vertex 0.0011315838200971484 0.0008088074973784387 0.026252854615449905
			vertex 0.001190857496112585 0.0007186862058006227 0.026252854615449905
			vertex 0.002318854909390211 0.001525134895928204 0.02611163631081581
		endloop
	endfacet
	facet normal -0.02278850473219585 0.2342866459707552 0.9719004329517735
		outer loop
			vertex -0.0005612518289126456 0.004109090659767389 0.02587699145078659
			vertex -0.0002411407622275874 0.004140227101743221 0.02587699145078659
			vertex -0.0007827316294424236 0.005444017704576254 0.025550000369548798
		endloop
	endfacet
	facet normal 0.06668084302854464 0.15458370680318345 0.9857269108449814
		outer loop
			vertex 0.0009996554581448436 0.002589172450825572 0.02611163631081581
			vertex 0.0011972906067967415 0.0025039210449904203 0.02611163631081581
			vertex 0.0016426392830908298 0.0038080657832324505 0.02587699145078659
		endloop
	endfacet
	facet normal 0.06086083647232635 0.15763335119819855 0.9856204569579075
		outer loop
			vertex 0.0009996554581448436 0.002589172450825572 0.02611163631081581
			vertex 0.0016426392830908298 0.0038080657832324505 0.02587699145078659
			vertex 0.0013426034711301327 0.003923906944692135 0.02587699145078659
		endloop
	endfacet
	facet normal 0.07784717226860148 0.0653214992286749 0.9948230593971478
		outer loop
			vertex 0.001065504620783031 0.000894064549356699 0.026252854615449905
			vertex 0.0021936956327408552 0.00170024239923805 0.02611163631081581
			vertex 0.0020553432404994965 0.0018651244463399053 0.02611163631081581
		endloop
	endfacet
	facet normal 0.08014171220442451 0.06211451195240902 0.9948462661988824
		outer loop
			vertex 0.001065504620783031 0.000894064549356699 0.026252854615449905
			vertex 0.0011315838200971484 0.0008088074973784387 0.026252854615449905
			vertex 0.0021936956327408552 0.00170024239923805 0.02611163631081581
		endloop
	endfacet
	facet normal 0.02679526085598369 0.020767893584073292 0.9994251890920804
		outer loop
			vertex 0.001065504620783031 0.000894064549356699 0.026252854615449905
			vertex -1.2578143549657372e-18 -1.5403782436052135e-34 0.02630000002682209
			vertex 0.0011315838200971484 0.0008088074973784387 0.026252854615449905
		endloop
	endfacet
	facet normal -0.040789631355352254 0.231329346779776 0.972020030293788
		outer loop
			vertex -0.0008779875352047384 0.004053241573274136 0.02587699145078659
			vertex -0.0005612518289126456 0.004109090659767389 0.02587699145078659
			vertex -0.0007827316294424236 0.005444017704576254 0.025550000369548798
		endloop
	endfacet
	facet normal -0.05043674434082829 0.23185421019358202 0.971442103285527
		outer loop
			vertex -0.0008779875352047384 0.004053241573274136 0.02587699145078659
			vertex -0.0007827316294424236 0.005444017704576254 0.025550000369548798
			vertex -0.0015495290281251073 0.005277211312204599 0.025550000369548798
		endloop
	endfacet
	facet normal 0.04846225981403792 0.16187564939577867 0.9856204561119923
		outer loop
			vertex 0.0007960081566125154 0.0026588523760437965 0.02611163631081581
			vertex 0.0013426034711301327 0.003923906944692135 0.02587699145078659
			vertex 0.0010344932088628411 0.00401614885777235 0.02587699145078659
		endloop
	endfacet
	facet normal 0.05450130133885563 0.15928609155216628 0.9857269141047161
		outer loop
			vertex 0.0007960081566125154 0.0026588523760437965 0.02611163631081581
			vertex 0.0009996554581448436 0.002589172450825572 0.02611163631081581
			vertex 0.0013426034711301327 0.003923906944692135 0.02587699145078659
		endloop
	endfacet
	facet normal 0.07255114889992605 0.07115764367060709 0.994823059915957
		outer loop
			vertex 0.00099301734007895 0.0009739445522427559 0.026252854615449905
			vertex 0.0020553432404994965 0.0018651244463399053 0.02611163631081581
			vertex 0.0019046296365559101 0.00201878952793777 0.02611163631081581
		endloop
	endfacet
	facet normal 0.025105324724496066 0.022781881005531395 0.999425189080367
		outer loop
			vertex 0.00099301734007895 0.0009739445522427559 0.026252854615449905
			vertex -1.2578143549657372e-18 -1.5403782436052135e-34 0.02630000002682209
			vertex 0.001065504620783031 0.000894064549356699 0.026252854615449905
		endloop
	endfacet
	facet normal 0.07508729261467231 0.06813812544339908 0.9948462666909185
		outer loop
			vertex 0.00099301734007895 0.0009739445522427559 0.026252854615449905
			vertex 0.001065504620783031 0.000894064549356699 0.026252854615449905
			vertex 0.0020553432404994965 0.0018651244463399053 0.02611163631081581
		endloop
	endfacet
	facet normal -0.05860633755985634 0.2275229456653799 0.9720075135478988
		outer loop
			vertex -0.0011894428171217442 0.003973015584051609 0.02587699145078659
			vertex -0.0008779875352047384 0.004053241573274136 0.02587699145078659
			vertex -0.0015495290281251073 0.005277211312204599 0.025550000369548798
		endloop
	endfacet
	facet normal 0.03577249128756253 0.1651443449327385 0.985620451392836
		outer loop
			vertex 0.0005875736242160201 0.002712541725486517 0.02611163631081581
			vertex 0.0010344932088628411 0.00401614885777235 0.02587699145078659
			vertex 0.0007201613043434918 0.004084237385541201 0.02587699145078659
		endloop
	endfacet
	facet normal 0.041994023769559 0.1630305600404725 0.9857269086620959
		outer loop
			vertex 0.0005875736242160201 0.002712541725486517 0.02611163631081581
			vertex 0.0007960081566125154 0.0026588523760437965 0.02611163631081581
			vertex 0.0010344932088628411 0.00401614885777235 0.02587699145078659
		endloop
	endfacet
	facet normal 0.023264408344001713 0.02465884811005717 0.9994251890533322
		outer loop
			vertex 0.0009145579533651471 0.0010479671182110906 0.026252854615449905
			vertex -1.2578143549657372e-18 -1.5403782436052135e-34 0.02630000002682209
			vertex 0.00099301734007895 0.0009739445522427559 0.026252854615449905
		endloop
	endfacet
	facet normal 0.06681880955850239 0.07656582092189364 0.9948230605267155
		outer loop
			vertex 0.0009145579533651471 0.0010479671182110906 0.026252854615449905
			vertex 0.0019046296365559101 0.00201878952793777 0.02611163631081581
			vertex 0.0017424614634364843 0.002160313306376338 0.02611163631081581
		endloop
	endfacet
	facet normal 0.06958130735264367 0.0737519245680894 0.994846267163726
		outer loop
			vertex 0.0009145579533651471 0.0010479671182110906 0.026252854615449905
			vertex 0.00099301734007895 0.0009739445522427559 0.026252854615449905
			vertex 0.0019046296365559101 0.00201878952793777 0.02611163631081581
		endloop
	endfacet
	facet normal -0.0829038896939255 0.2222739089900814 0.9714531663728758
		outer loop
			vertex -0.0014937447849661112 0.0038688958156853914 0.02587699145078659
			vertex -0.0015495290281251073 0.005277211312204599 0.025550000369548798
			vertex -0.002284782472997904 0.005002975929528475 0.025550000369548798
		endloop
	endfacet
	facet normal -0.07618112912923232 0.22264808950682233 0.9719178277012709
		outer loop
			vertex -0.0014937447849661112 0.0038688958156853914 0.02587699145078659
			vertex -0.0011894428171217442 0.003973015584051609 0.02587699145078659
			vertex -0.0015495290281251073 0.005277211312204599 0.025550000369548798
		endloop
	endfacet
	facet normal 0.022867679561275934 0.16741978583668443 0.9856204566372806
		outer loop
			vertex 0.00037560530472546816 0.0027499173302203417 0.02611163631081581
			vertex 0.0007201613043434918 0.004084237385541201 0.02587699145078659
			vertex 0.0004014982550870627 0.004127763211727142 0.02587699145078659
		endloop
	endfacet
	facet normal 0.029233954746684755 0.16579456851194851 0.9857269078917373
		outer loop
			vertex 0.00037560530472546816 0.0027499173302203417 0.02611163631081581
			vertex 0.0005875736242160201 0.002712541725486517 0.02611163631081581
			vertex 0.0007201613043434918 0.004084237385541201 0.02587699145078659
		endloop
	endfacet
	facet normal 0.02128360289767144 0.026387491446478364 0.9994251890676243
		outer loop
			vertex 0.000830598350148648 0.0011156871914863586 0.026252854615449905
			vertex -1.2578143549657372e-18 -1.5403782436052135e-34 0.02630000002682209
			vertex 0.0009145579533651471 0.0010479671182110906 0.026252854615449905
		endloop
	endfacet
	facet normal 0.06365693329044285 0.0789221068813673 0.994846267465211
		outer loop
			vertex 0.000830598350148648 0.0011156871914863586 0.026252854615449905
			vertex 0.0009145579533651471 0.0010479671182110906 0.026252854615449905
			vertex 0.0017424614634364843 0.002160313306376338 0.02611163631081581
		endloop
	endfacet
	facet normal 0.06068457745584812 0.08151356453133783 0.9948230600747053
		outer loop
			vertex 0.000830598350148648 0.0011156871914863586 0.026252854615449905
			vertex 0.0017424614634364843 0.002160313306376338 0.02611163631081581
			vertex 0.0015698138158768415 0.002288844669237733 0.02611163631081581
		endloop
	endfacet
	facet normal -0.0929385122527073 0.21545561180012962 0.9720809185886149
		outer loop
			vertex -0.0017890630988404155 0.0037415078841149807 0.02587699145078659
			vertex -0.0014937447849661112 0.0038688958156853914 0.02587699145078659
			vertex -0.002284782472997904 0.005002975929528475 0.025550000369548798
		endloop
	endfacet
	facet normal 0.016298326951246098 0.16756136913631572 0.9857269155865401
		outer loop
			vertex 0.00016137809143401682 0.0027707547415047884 0.02611163631081581
			vertex 0.00037560530472546816 0.0027499173302203417 0.02611163631081581
			vertex 0.0004014982550870627 0.004127763211727142 0.02587699145078659
		endloop
	endfacet
	facet normal 0.00982490109380043 0.16868842208076792 0.9856204581756599
		outer loop
			vertex 0.00016137809143401682 0.0027707547415047884 0.02611163631081581
			vertex 0.0004014982550870627 0.004127763211727142 0.02587699145078659
			vertex 0.00008042057743296027 0.004146463703364134 0.02587699145078659
		endloop
	endfacet
	facet normal 0.05734957584532643 0.08361776798459607 0.9948462670320654
		outer loop
			vertex 0.0007416433654725552 0.0011766973184421659 0.026252854615449905
			vertex 0.000830598350148648 0.0011156871914863586 0.026252854615449905
			vertex 0.0015698138158768415 0.002288844669237733 0.02611163631081581
		endloop
	endfacet
	facet normal 0.05418542593534611 0.08597103368812026 0.9948230601382346
		outer loop
			vertex 0.0007416433654725552 0.0011766973184421659 0.026252854615449905
			vertex 0.0015698138158768415 0.002288844669237733 0.02611163631081581
			vertex 0.0013877252349629998 0.0024036106187850237 0.02611163631081581
		endloop
	endfacet
	facet normal 0.019174746002091736 0.027957477256514516 0.9994251890868104
		outer loop
			vertex 0.0007416433654725552 0.0011766973184421659 0.026252854615449905
			vertex -1.2578143549657372e-18 -1.5403782436052135e-34 0.02630000002682209
			vertex 0.000830598350148648 0.0011156871914863586 0.026252854615449905
		endloop
	endfacet
	facet normal -0.10993159283468185 0.20870022070046573 0.9717814892126763
		outer loop
			vertex -0.002073621843010187 0.0035916182678192854 0.02587699145078659
			vertex -0.0017890630988404155 0.0037415078841149807 0.02587699145078659
			vertex -0.002284782472997904 0.005002975929528475 0.025550000369548798
		endloop
	endfacet
	facet normal -0.11362068339210162 0.20808073412332717 0.9714899630939113
		outer loop
			vertex -0.002073621843010187 0.0035916182678192854 0.02587699145078659
			vertex -0.002284782472997904 0.005002975929528475 0.025550000369548798
			vertex -0.0029735243879258633 0.004626894369721413 0.025550000369548798
		endloop
	endfacet
	facet normal 0.003264546179254512 0.16832051649416382 0.9857269127224749
		outer loop
			vertex -0.000053819680033484474 0.0027749284636229277 0.02611163631081581
			vertex 0.00016137809143401682 0.0027707547415047884 0.02611163631081581
			vertex 0.00008042057743296027 0.004146463703364134 0.02587699145078659
		endloop
	endfacet
	facet normal -0.0032765979359762514 0.16894252444929136 0.9856204580560747
		outer loop
			vertex -0.000053819680033484474 0.0027749284636229277 0.02611163631081581
			vertex 0.00008042057743296027 0.004146463703364134 0.02587699145078659
			vertex -0.0002411407622275874 0.004140227101743221 0.02587699145078659
		endloop
	endfacet
	facet normal 0.0169506071680284 0.029359297235493128 0.9994251890874442
		outer loop
			vertex 0.000648228102363646 0.0012306306743994355 0.026252854615449905
			vertex -1.2578143549657372e-18 -1.5403782436052135e-34 0.02630000002682209
			vertex 0.0007416433654725552 0.0011766973184421659 0.026252854615449905
		endloop
	endfacet
	facet normal 0.050697419022398736 0.08781045890547146 0.9948462670238442
		outer loop
			vertex 0.000648228102363646 0.0012306306743994355 0.026252854615449905
			vertex 0.0007416433654725552 0.0011766973184421659 0.026252854615449905
			vertex 0.0013877252349629998 0.0024036106187850237 0.02611163631081581
		endloop
	endfacet
	facet normal 0.047360389250975646 0.08991147239621222 0.9948230599767686
		outer loop
			vertex 0.000648228102363646 0.0012306306743994355 0.026252854615449905
			vertex 0.0013877252349629998 0.0024036106187850237 0.02611163631081581
			vertex 0.0011972906067967415 0.0025039210449904203 0.02611163631081581
		endloop
	endfacet
	facet normal -0.125025619811106 0.19836644670807232 0.9721210558419472
		outer loop
			vertex -0.0023457093629986048 0.003420128021389246 0.02587699145078659
			vertex -0.002073621843010187 0.0035916182678192854 0.02587699145078659
			vertex -0.0029735243879258633 0.004626894369721413 0.025550000369548798
		endloop
	endfacet
	facet normal -0.00978872121282359 0.16806734685789157 0.985726913428444
		outer loop
			vertex -0.0002686937805265188 0.0027624135836958885 0.02611163631081581
			vertex -0.000053819680033484474 0.0027749284636229277 0.02611163631081581
			vertex -0.0002411407622275874 0.004140227101743221 0.02587699145078659
		endloop
	endfacet
	facet normal -0.016358526667566327 0.1681805976744298 0.9856204569564992
		outer loop
			vertex -0.0002686937805265188 0.0027624135836958885 0.02611163631081581
			vertex -0.0002411407622275874 0.004140227101743221 0.02587699145078659
			vertex -0.0005612518289126456 0.004109090659767389 0.02587699145078659
		endloop
	endfacet
	facet normal 0.014624489737240244 0.03058456710626004 0.9994251890736234
		outer loop
			vertex 0.0005509142647497356 0.001277162809856236 0.026252854615449905
			vertex -1.2578143549657372e-18 -1.5403782436052135e-34 0.02630000002682209
			vertex 0.000648228102363646 0.0012306306743994355 0.026252854615449905
		endloop
	endfacet
	facet normal 0.040250481376275314 0.09331118697904892 0.9948230602139956
		outer loop
			vertex 0.0005509142647497356 0.001277162809856236 0.026252854615449905
			vertex 0.0011972906067967415 0.0025039210449904203 0.02611163631081581
			vertex 0.0009996554581448436 0.002589172450825572 0.02611163631081581
		endloop
	endfacet
	facet normal 0.043740253853354574 0.09147510465382036 0.9948462672299759
		outer loop
			vertex 0.0005509142647497356 0.001277162809856236 0.026252854615449905
			vertex 0.000648228102363646 0.0012306306743994355 0.026252854615449905
			vertex 0.0011972906067967415 0.0025039210449904203 0.02611163631081581
		endloop
	endfacet
	facet normal -0.14127988829073698 0.18977184537081096 0.9716103333482584
		outer loop
			vertex -0.0026036896742880344 0.0032280688174068928 0.02587699145078659
			vertex -0.0023457093629986048 0.003420128021389246 0.02587699145078659
			vertex -0.0029735243879258633 0.004626894369721413 0.025550000369548798
		endloop
	endfacet
	facet normal -0.14192381374739557 0.18958804814749064 0.9715523676524181
		outer loop
			vertex -0.0026036896742880344 0.0032280688174068928 0.02587699145078659
			vertex -0.0029735243879258633 0.004626894369721413 0.025550000369548798
			vertex -0.003601734060794115 0.0041566225700080395 0.025550000369548798
		endloop
	endfacet
	facet normal -0.029342096962631334 0.16640719462211326 0.9856204578456321
		outer loop
			vertex -0.00048195189447142184 0.0027332850731909275 0.02611163631081581
			vertex -0.0005612518289126456 0.004109090659767389 0.02587699145078659
			vertex -0.0008779875352047384 0.004053241573274136 0.02587699145078659
		endloop
	endfacet
	facet normal -0.02278335018928343 0.16680338975401163 0.9857269135621306
		outer loop
			vertex -0.00048195189447142184 0.0027332850731909275 0.02611163631081581
			vertex -0.0002686937805265188 0.0027624135836958885 0.02611163631081581
			vertex -0.0005612518289126456 0.004109090659767389 0.02587699145078659
		endloop
	endfacet
	facet normal 0.03289856303480872 0.09614969541582849 0.9948230599567384
		outer loop
			vertex 0.0004502871888689697 0.0013160139787942171 0.026252854615449905
			vertex 0.0009996554581448436 0.002589172450825572 0.02611163631081581
			vertex 0.0007960081566125154 0.0026588523760437965 0.02611163631081581
		endloop
	endfacet
	facet normal 0.03652013997665193 0.09458955797374037 0.994846266967122
		outer loop
			vertex 0.0004502871888689697 0.0013160139787942171 0.026252854615449905
			vertex 0.0005509142647497356 0.001277162809856236 0.026252854615449905
			vertex 0.0009996554581448436 0.002589172450825572 0.02611163631081581
		endloop
	endfacet
	facet normal 0.012210455229928623 0.031625879955430036 0.999425189046245
		outer loop
			vertex 0.0004502871888689697 0.0013160139787942171 0.026252854615449905
			vertex -1.2578143549657372e-18 -1.5403782436052135e-34 0.02630000002682209
			vertex 0.0005509142647497356 0.001277162809856236 0.026252854615449905
		endloop
	endfacet
	facet normal -0.1541559259980529 0.17664327128443252 0.9721281320842523
		outer loop
			vertex -0.0028460111934691668 0.0030165957286953926 0.02587699145078659
			vertex -0.0026036896742880344 0.0032280688174068928 0.02587699145078659
			vertex -0.003601734060794115 0.0041566225700080395 0.025550000369548798
		endloop
	endfacet
	facet normal -0.1675729006647896 0.1675729006647896 0.9715135850442738
		outer loop
			vertex -0.0028460111934691668 0.0030165957286953926 0.02587699145078659
			vertex -0.003601734060794115 0.0041566225700080395 0.025550000369548798
			vertex -0.0041566225700080395 0.003601734060794115 0.025550000369548798
		endloop
	endfacet
	facet normal -0.042149287896027024 0.16363298815606314 0.9856204557115157
		outer loop
			vertex -0.0006923114997334778 0.002687718253582716 0.02611163631081581
			vertex -0.0008779875352047384 0.004053241573274136 0.02587699145078659
			vertex -0.0011894428171217442 0.003973015584051609 0.02587699145078659
		endloop
	endfacet
	facet normal -0.03564084542243336 0.16453626210326835 0.9857269138005003
		outer loop
			vertex -0.0006923114997334778 0.002687718253582716 0.02611163631081581
			vertex -0.00048195189447142184 0.0027332850731909275 0.02611163631081581
			vertex -0.0008779875352047384 0.004053241573274136 0.02587699145078659
		endloop
	endfacet
	facet normal 0.025348803732030856 0.09840994736457495 0.9948230598498693
		outer loop
			vertex 0.0003469520597718656 0.0013469505356624722 0.026252854615449905
			vertex 0.0007960081566125154 0.0026588523760437965 0.02611163631081581
			vertex 0.0005875736242160201 0.002712541725486517 0.02611163631081581
		endloop
	endfacet
	facet normal 0.009722988638850502 0.03247699123350958 0.9994251890623667
		outer loop
			vertex 0.0003469520597718656 0.0013469505356624722 0.026252854615449905
			vertex -1.2578143549657372e-18 -1.5403782436052135e-34 0.02630000002682209
			vertex 0.0004502871888689697 0.0013160139787942171 0.026252854615449905
		endloop
	endfacet
	facet normal 0.029080399757207918 0.09713514260502648 0.9948462667272077
		outer loop
			vertex 0.0003469520597718656 0.0013469505356624722 0.026252854615449905
			vertex 0.0004502871888689697 0.0013160139787942171 0.026252854615449905
			vertex 0.0007960081566125154 0.0026588523760437965 0.02611163631081581
		endloop
	endfacet
	facet normal -0.16860678085139358 0.1653683111808256 0.971712444660524
		outer loop
			vertex -0.0030712164007127285 0.0027869802433997393 0.02587699145078659
			vertex -0.0028460111934691668 0.0030165957286953926 0.02587699145078659
			vertex -0.0041566225700080395 0.003601734060794115 0.025550000369548798
		endloop
	endfacet
	facet normal -0.048283834125444965 0.16127968302832058 0.9857269070104717
		outer loop
			vertex -0.000898507481906563 0.0026259873993694782 0.02611163631081581
			vertex -0.0006923114997334778 0.002687718253582716 0.02611163631081581
			vertex -0.0011894428171217442 0.003973015584051609 0.02587699145078659
		endloop
	endfacet
	facet normal -0.05470265413670564 0.15987478229456265 0.9856204510949771
		outer loop
			vertex -0.000898507481906563 0.0026259873993694782 0.02611163631081581
			vertex -0.0011894428171217442 0.003973015584051609 0.02587699145078659
			vertex -0.0014937447849661112 0.0038688958156853914 0.02587699145078659
		endloop
	endfacet
	facet normal 0.02146567103311065 0.09909656775649608 0.9948462671317516
		outer loop
			vertex 0.00024153028789442033 0.0013697863323614001 0.026252854615449905
			vertex 0.0003469520597718656 0.0013469505356624722 0.026252854615449905
			vertex 0.0005875736242160201 0.002712541725486517 0.02611163631081581
		endloop
	endfacet
	facet normal 0.007177015515683241 0.033132791574150174 0.9994251890815999
		outer loop
			vertex 0.00024153028789442033 0.0013697863323614001 0.026252854615449905
			vertex -1.2578143549657372e-18 -1.5403782436052135e-34 0.02630000002682209
			vertex 0.0003469520597718656 0.0013469505356624722 0.026252854615449905
		endloop
	endfacet
	facet normal 0.017646457944725528 0.10007838166479338 0.9948230596670752
		outer loop
			vertex 0.00024153028789442033 0.0013697863323614001 0.026252854615449905
			vertex 0.0005875736242160201 0.002712541725486517 0.02611163631081581
			vertex 0.00037560530472546816 0.0027499173302203417 0.02611163631081581
		endloop
	endfacet
	facet normal -0.18987217047856092 0.1421365050282559 0.9714657857156438
		outer loop
			vertex -0.003277950920164585 0.002540603745728731 0.02587699145078659
			vertex -0.0041566225700080395 0.003601734060794115 0.025550000369548798
			vertex -0.004626894369721413 0.0029735243879258633 0.025550000369548798
		endloop
	endfacet
	facet normal -0.17968166466132057 0.15077088500409708 0.9721021755040044
		outer loop
			vertex -0.003277950920164585 0.002540603745728731 0.02587699145078659
			vertex -0.0030712164007127285 0.0027869802433997393 0.02587699145078659
			vertex -0.0041566225700080395 0.003601734060794115 0.025550000369548798
		endloop
	endfacet
	facet normal -0.06063683785982723 0.1570529594255626 0.9857269103712416
		outer loop
			vertex -0.0010992997558787465 0.002548463176935911 0.02611163631081581
			vertex -0.000898507481906563 0.0026259873993694782 0.02611163631081581
			vertex -0.0014937447849661112 0.0038688958156853914 0.02587699145078659
		endloop
	endfacet
	facet normal -0.06692732450886255 0.15515492231029054 0.9856204560158912
		outer loop
			vertex -0.0010992997558787465 0.002548463176935911 0.02611163631081581
			vertex -0.0014937447849661112 0.0038688958156853914 0.02587699145078659
			vertex -0.0017890630988404155 0.0037415078841149807 0.02587699145078659
		endloop
	endfacet
	facet normal 0.004587907003543274 0.033589321260858826 0.9994251890994953
		outer loop
			vertex 0.00013465592928696424 0.0013843841152265668 0.026252854615449905
			vertex -1.2578143549657372e-18 -1.5403782436052135e-34 0.02630000002682209
			vertex 0.00024153028789442033 0.0013697863323614001 0.026252854615449905
		endloop
	endfacet
	facet normal 0.013721931391486206 0.10046201055778359 0.9948462660298703
		outer loop
			vertex 0.00013465592928696424 0.0013843841152265668 0.026252854615449905
			vertex 0.00024153028789442033 0.0013697863323614001 0.026252854615449905
			vertex 0.00037560530472546816 0.0027499173302203417 0.02611163631081581
		endloop
	endfacet
	facet normal 0.009838143404416279 0.10114490791199707 0.9948230589093862
		outer loop
			vertex 0.00013465592928696424 0.0013843841152265668 0.026252854615449905
			vertex 0.00037560530472546816 0.0027499173302203417 0.02611163631081581
			vertex 0.00016137809143401682 0.0027707547415047884 0.02611163631081581
		endloop
	endfacet
	facet normal -0.19162763373272923 0.13696710898502282 0.97186360207916
		outer loop
			vertex -0.003464971436187625 0.002278947504237294 0.02587699145078659
			vertex -0.003277950920164585 0.002540603745728731 0.02587699145078659
			vertex -0.004626894369721413 0.0029735243879258633 0.025550000369548798
		endloop
	endfacet
	facet normal -0.07874930620414008 0.14950204177909068 0.9856204575171165
		outer loop
			vertex -0.0012934806291013956 0.002455612411722541 0.02611163631081581
			vertex -0.0017890630988404155 0.0037415078841149807 0.02587699145078659
			vertex -0.002073621843010187 0.0035916182678192854 0.02587699145078659
		endloop
	endfacet
	facet normal -0.07262479281773133 0.15188184668757404 0.9857269115302444
		outer loop
			vertex -0.0012934806291013956 0.002455612411722541 0.02611163631081581
			vertex -0.0010992997558787465 0.002548463176935911 0.02611163631081581
			vertex -0.0017890630988404155 0.0037415078841149807 0.02587699145078659
		endloop
	endfacet
	facet normal 0.001970574668078389 0.10160314105190998 0.9948230589224715
		outer loop
			vertex 0.000026971742045134306 0.001390655990689993 0.026252854615449905
			vertex 0.00016137809143401682 0.0027707547415047884 0.02611163631081581
			vertex -0.000053819680033484474 0.0027749284636229277 0.02611163631081581
		endloop
	endfacet
	facet normal 0.0019711750241696016 0.033843844895661425 0.9994251891120729
		outer loop
			vertex 0.000026971742045134306 0.001390655990689993 0.026252854615449905
			vertex -1.2578143549657372e-18 -1.5403782436052135e-34 0.02630000002682209
			vertex 0.00013465592928696424 0.0013843841152265668 0.026252854615449905
		endloop
	endfacet
	facet normal 0.005895570422296471 0.10122326454887311 0.9948462659946333
		outer loop
			vertex 0.000026971742045134306 0.001390655990689993 0.026252854615449905
			vertex 0.00013465592928696424 0.0013843841152265668 0.026252854615449905
			vertex 0.00016137809143401682 0.0027707547415047884 0.02611163631081581
		endloop
	endfacet
	facet normal -0.20824709296110214 0.11371152219520342 0.9714436875049939
		outer loop
			vertex -0.003631153143942356 0.002003585686907172 0.02587699145078659
			vertex -0.004626894369721413 0.0029735243879258633 0.025550000369548798
			vertex -0.005002975929528475 0.002284782472997904 0.025550000369548798
		endloop
	endfacet
	facet normal -0.20103027165823026 0.1213223902227194 0.972043058463803
		outer loop
			vertex -0.003631153143942356 0.002003585686907172 0.02587699145078659
			vertex -0.003464971436187625 0.002278947504237294 0.02587699145078659
			vertex -0.004626894369721413 0.0029735243879258633 0.025550000369548798
		endloop
	endfacet
	facet normal -0.09009792203822696 0.14294993840067655 0.9856204541077852
		outer loop
			vertex -0.001479882514104247 0.0023479934316128492 0.02611163631081581
			vertex -0.002073621843010187 0.0035916182678192854 0.02587699145078659
			vertex -0.0023457093629986048 0.003420128021389246 0.02587699145078659
		endloop
	endfacet
	facet normal -0.08417596799762653 0.1457973220960145 0.9857269131363381
		outer loop
			vertex -0.001479882514104247 0.0023479934316128492 0.02611163631081581
			vertex -0.0012934806291013956 0.002455612411722541 0.02611163631081581
			vertex -0.002073621843010187 0.0035916182678192854 0.02587699145078659
		endloop
	endfacet
	facet normal -0.0019662478027460523 0.10137574058012648 0.9948462660589371
		outer loop
			vertex -0.00008087466267170385 0.0013885642401874065 0.026252854615449905
			vertex 0.000026971742045134306 0.001390655990689993 0.026252854615449905
			vertex -0.000053819680033484474 0.0027749284636229277 0.02611163631081581
		endloop
	endfacet
	facet normal -0.0059087554431828185 0.10145031500814473 0.9948230597417116
		outer loop
			vertex -0.00008087466267170385 0.0013885642401874065 0.026252854615449905
			vertex -0.000053819680033484474 0.0027749284636229277 0.02611163631081581
			vertex -0.0002686937805265188 0.0027624135836958885 0.02611163631081581
		endloop
	endfacet
	facet normal -0.0006574119934278582 0.033894826281270045 0.999425189076618
		outer loop
			vertex -0.00008087466267170385 0.0013885642401874065 0.026252854615449905
			vertex -1.2578143549657372e-18 -1.5403782436052135e-34 0.02630000002682209
			vertex 0.000026971742045134306 0.001390655990689993 0.026252854615449905
		endloop
	endfacet
	facet normal -0.21005912001690052 0.10549560666820652 0.9719803717521421
		outer loop
			vertex -0.0037754967343062162 0.001716173836030066 0.02587699145078659
			vertex -0.003631153143942356 0.002003585686907172 0.02587699145078659
			vertex -0.005002975929528475 0.002284782472997904 0.025550000369548798
		endloop
	endfacet
	facet normal -0.10090445406511425 0.13553821910352157 0.9856204555061077
		outer loop
			vertex -0.001657384098507464 0.0022262530401349068 0.02611163631081581
			vertex -0.0023457093629986048 0.003420128021389246 0.02587699145078659
			vertex -0.0026036896742880344 0.0032280688174068928 0.02587699145078659
		endloop
	endfacet
	facet normal -0.09522124637145254 0.13883577910823675 0.9857269097873286
		outer loop
			vertex -0.001657384098507464 0.0022262530401349068 0.02611163631081581
			vertex -0.001479882514104247 0.0023479934316128492 0.02611163631081581
			vertex -0.0023457093629986048 0.003420128021389246 0.02587699145078659
		endloop
	endfacet
	facet normal -0.013752689129298435 0.10068735045292629 0.9948230601471212
		outer loop
			vertex -0.00018823466962203383 0.0013781215529888868 0.026252854615449905
			vertex -0.0002686937805265188 0.0027624135836958885 0.02611163631081581
			vertex -0.00048195189447142184 0.0027332850731909275 0.02611163631081581
		endloop
	endfacet
	facet normal -0.009816137183929687 0.10091852185723545 0.9948462672176727
		outer loop
			vertex -0.00018823466962203383 0.0013781215529888868 0.026252854615449905
			vertex -0.00008087466267170385 0.0013885642401874065 0.026252854615449905
			vertex -0.0002686937805265188 0.0027624135836958885 0.02611163631081581
		endloop
	endfacet
	facet normal -0.003282011168345291 0.03374196077562862 0.999425189039033
		outer loop
			vertex -0.00018823466962203383 0.0013781215529888868 0.026252854615449905
			vertex -1.2578143549657372e-18 -1.5403782436052135e-34 0.02630000002682209
			vertex -0.00008087466267170385 0.0013885642401874065 0.026252854615449905
		endloop
	endfacet
	facet normal -0.22229614448785032 0.08291218310660133 0.971447370699172
		outer loop
			vertex -0.0038971342146396637 0.0014184408355504274 0.02587699145078659
			vertex -0.005002975929528475 0.002284782472997904 0.025550000369548798
			vertex -0.005277211312204599 0.0015495290281251073 0.025550000369548798
		endloop
	endfacet
	facet normal -0.2177168947923454 0.08894725967864034 0.9719504816180912
		outer loop
			vertex -0.0038971342146396637 0.0014184408355504274 0.02587699145078659
			vertex -0.0037754967343062162 0.001716173836030066 0.02587699145078659
			vertex -0.005002975929528475 0.002284782472997904 0.025550000369548798
		endloop
	endfacet
	facet normal -0.11110415464680459 0.1273113647953497 0.9856204559637367
		outer loop
			vertex -0.001824917970225215 0.002091123955324292 0.02611163631081581
			vertex -0.0026036896742880344 0.0032280688174068928 0.02587699145078659
			vertex -0.0028460111934691668 0.0030165957286953926 0.02587699145078659
		endloop
	endfacet
	facet normal -0.10569350631411671 0.13103946018020843 0.9857269107611436
		outer loop
			vertex -0.001824917970225215 0.002091123955324292 0.02611163631081581
			vertex -0.001657384098507464 0.0022262530401349068 0.02611163631081581
			vertex -0.0026036896742880344 0.0032280688174068928 0.02587699145078659
		endloop
	endfacet
	facet normal -0.005886852485034605 0.03338617108340066 0.9994251890703022
		outer loop
			vertex -0.00029446263215504587 0.0013593907933682203 0.026252854615449905
			vertex -1.2578143549657372e-18 -1.5403782436052135e-34 0.02630000002682209
			vertex -0.00018823466962203383 0.0013781215529888868 0.026252854615449905
		endloop
	endfacet
	facet normal -0.01760693473984286 0.09985440215684441 0.9948462666256361
		outer loop
			vertex -0.00029446263215504587 0.0013593907933682203 0.026252854615449905
			vertex -0.00018823466962203383 0.0013781215529888868 0.026252854615449905
			vertex -0.00048195189447142184 0.0027332850731909275 0.02611163631081581
		endloop
	endfacet
	facet normal -0.021513847513373107 0.09931885765768199 0.9948230590807315
		outer loop
			vertex -0.00029446263215504587 0.0013593907933682203 0.026252854615449905
			vertex -0.00048195189447142184 0.0027332850731909275 0.02611163631081581
			vertex -0.0006923114997334778 0.002687718253582716 0.02611163631081581
		endloop
	endfacet
	facet normal -0.2235103443703494 0.07166577039402006 0.9720633432617855
		outer loop
			vertex -0.003995333798229694 0.0011121771531179547 0.02587699145078659
			vertex -0.0038971342146396637 0.0014184408355504274 0.02587699145078659
			vertex -0.005277211312204599 0.0015495290281251073 0.025550000369548798
		endloop
	endfacet
	facet normal -0.11553027711935643 0.12245491851847433 0.9857269135005692
		outer loop
			vertex -0.001981476554647088 0.0019434185232967138 0.02611163631081581
			vertex -0.001824917970225215 0.002091123955324292 0.02611163631081581
			vertex -0.0028460111934691668 0.0030165957286953926 0.02587699145078659
		endloop
	endfacet
	facet normal -0.12063579638452299 0.11831871657430809 0.9856204573459708
		outer loop
			vertex -0.001981476554647088 0.0019434185232967138 0.02611163631081581
			vertex -0.0028460111934691668 0.0030165957286953926 0.02587699145078659
			vertex -0.0030712164007127285 0.0027869802433997393 0.02587699145078659
		endloop
	endfacet
	facet normal -0.025292029081828035 0.09818971737900999 0.9948462658451076
		outer loop
			vertex -0.00039891962660476565 0.0013324844185262918 0.026252854615449905
			vertex -0.00029446263215504587 0.0013593907933682203 0.026252854615449905
			vertex -0.0006923114997334778 0.002687718253582716 0.02611163631081581
		endloop
	endfacet
	facet normal -0.008456351409804917 0.032829582486243285 0.9994251891135288
		outer loop
			vertex -0.00039891962660476565 0.0013324844185262918 0.026252854615449905
			vertex -1.2578143549657372e-18 -1.5403782436052135e-34 0.02630000002682209
			vertex -0.00029446263215504587 0.0013593907933682203 0.026252854615449905
		endloop
	endfacet
	facet normal -0.02914551416386499 0.09735306591090345 0.9948230594240723
		outer loop
			vertex -0.00039891962660476565 0.0013324844185262918 0.026252854615449905
			vertex -0.0006923114997334778 0.002687718253582716 0.02611163631081581
			vertex -0.000898507481906563 0.0026259873993694782 0.02611163631081581
		endloop
	endfacet
	facet normal -0.22935438602772049 0.054357907890167374 0.9718239467412045
		outer loop
			vertex -0.004069504793733358 0.0007992246537469327 0.02587699145078659
			vertex -0.003995333798229694 0.0011121771531179547 0.02587699145078659
			vertex -0.005277211312204599 0.0015495290281251073 0.025550000369548798
		endloop
	endfacet
	facet normal -0.23171525777879087 0.05040651712427479 0.9714768254281255
		outer loop
			vertex -0.004069504793733358 0.0007992246537469327 0.02587699145078659
			vertex -0.005277211312204599 0.0015495290281251073 0.025550000369548798
			vertex -0.005444017704576254 0.0007827316294424236 0.025550000369548798
		endloop
	endfacet
	facet normal -0.12467218023503993 0.1131339990925574 0.9857269123468058
		outer loop
			vertex -0.002126118401065469 0.001784025109373033 0.02611163631081581
			vertex -0.001981476554647088 0.0019434185232967138 0.02611163631081581
			vertex -0.0030712164007127285 0.0027869802433997393 0.02587699145078659
		endloop
	endfacet
	facet normal -0.12944180149303366 0.1086146157673621 0.9856204570056094
		outer loop
			vertex -0.002126118401065469 0.001784025109373033 0.02611163631081581
			vertex -0.0030712164007127285 0.0027869802433997393 0.02587699145078659
			vertex -0.003277950920164585 0.002540603745728731 0.02587699145078659
		endloop
	endfacet
	facet normal -0.010974986530951887 0.03207555266861419 0.9994251890920343
		outer loop
			vertex -0.0005009775049984455 0.0012975642457604408 0.026252854615449905
			vertex -1.2578143549657372e-18 -1.5403782436052135e-34 0.02630000002682209
			vertex -0.00039891962660476565 0.0013324844185262918 0.026252854615449905
		endloop
	endfacet
	facet normal -0.03282498832004114 0.09593448144439838 0.9948462672251345
		outer loop
			vertex -0.0005009775049984455 0.0012975642457604408 0.026252854615449905
			vertex -0.00039891962660476565 0.0013324844185262918 0.026252854615449905
			vertex -0.000898507481906563 0.0026259873993694782 0.02611163631081581
		endloop
	endfacet
	facet normal -0.03660214639685305 0.09480170166924078 0.9948230597647805
		outer loop
			vertex -0.0005009775049984455 0.0012975642457604408 0.026252854615449905
			vertex -0.000898507481906563 0.0026259873993694782 0.02611163631081581
			vertex -0.0010992997558787465 0.002548463176935911 0.02611163631081581
		endloop
	endfacet
	facet normal -0.23169656532150082 0.0362367983798036 0.9721129543738224
		outer loop
			vertex -0.004119201563298702 0.0004814655985683203 0.02587699145078659
			vertex -0.004069504793733358 0.0007992246537469327 0.02587699145078659
			vertex -0.005444017704576254 0.0007827316294424236 0.025550000369548798
		endloop
	endfacet
	facet normal -0.1330643304135656 0.10313261178176183 0.9857269136828222
		outer loop
			vertex -0.0022579734213650227 0.0016139023937284946 0.02611163631081581
			vertex -0.002126118401065469 0.001784025109373033 0.02611163631081581
			vertex -0.003277950920164585 0.002540603745728731 0.02587699145078659
		endloop
	endfacet
	facet normal -0.13746942387284736 0.09825717301274955 0.985620457098781
		outer loop
			vertex -0.0022579734213650227 0.0016139023937284946 0.02611163631081581
			vertex -0.003277950920164585 0.002540603745728731 0.02587699145078659
			vertex -0.003464971436187625 0.002278947504237294 0.02587699145078659
		endloop
	endfacet
	facet normal -0.013427587218565545 0.031128626318859307 0.9994251890586852
		outer loop
			vertex -0.0006000224384479225 0.0012548404047265649 0.026252854615449905
			vertex -1.2578143549657372e-18 -1.5403782436052135e-34 0.02630000002682209
			vertex -0.0005009775049984455 0.0012975642457604408 0.026252854615449905
		endloop
	endfacet
	facet normal -0.04016045245788409 0.09310233454520354 0.9948462661942352
		outer loop
			vertex -0.0006000224384479225 0.0012548404047265649 0.026252854615449905
			vertex -0.0005009775049984455 0.0012975642457604408 0.026252854615449905
			vertex -0.0010992997558787465 0.002548463176935911 0.02611163631081581
		endloop
	endfacet
	facet normal -0.04383842614815432 0.091680276954028 0.9948230592474653
		outer loop
			vertex -0.0006000224384479225 0.0012548404047265649 0.026252854615449905
			vertex -0.0010992997558787465 0.002548463176935911 0.02611163631081581
			vertex -0.0012934806291013956 0.002455612411722541 0.02611163631081581
		endloop
	endfacet
	facet normal -0.2363050161372421 0.0169009270655045 0.9715319336041943
		outer loop
			vertex -0.004144124686717987 0.00016081090143416077 0.02587699145078659
			vertex -0.005444017704576254 0.0007827316294424236 0.025550000369548798
			vertex -0.005499999970197678 -6.735557503102785e-19 0.025550000369548798
		endloop
	endfacet
	facet normal -0.2356604884722127 0.018316885708318565 0.9716628149059665
		outer loop
			vertex -0.004144124686717987 0.00016081090143416077 0.02587699145078659
			vertex -0.004119201563298702 0.0004814655985683203 0.02587699145078659
			vertex -0.005444017704576254 0.0007827316294424236 0.025550000369548798
		endloop
	endfacet
	facet normal -0.16860014531512027 0.003270075168601331 0.9856791047841647
		outer loop
			vertex -0.004144124686717987 0.00016081090143416077 0.02587699145078659
			vertex -0.004147243686020374 -5.078908606615138e-19 0.02587699145078659
			vertex -0.0027754504699259996 -3.398946400044508e-19 0.02611163631081581
		endloop
	endfacet
	facet normal -0.2349529246687538 0.004557016978327881 0.9719960682975309
		outer loop
			vertex -0.004144124686717987 0.00016081090143416077 0.02587699145078659
			vertex -0.005499999970197678 -6.735557503102785e-19 0.025550000369548798
			vertex -0.004147243686020374 -5.078908606615138e-19 0.02587699145078659
		endloop
	endfacet
	facet normal -0.14467021232873856 0.08730892023859191 0.9856204554043757
		outer loop
			vertex -0.0023762488272041082 0.0014340734342113137 0.02611163631081581
			vertex -0.003464971436187625 0.002278947504237294 0.02587699145078659
			vertex -0.003631153143942356 0.002003585686907172 0.02587699145078659
		endloop
	endfacet
	facet normal -0.14065617898097585 0.09251105437865002 0.9857269115390034
		outer loop
			vertex -0.0023762488272041082 0.0014340734342113137 0.02611163631081581
			vertex -0.0022579734213650227 0.0016139023937284946 0.02611163631081581
			vertex -0.003464971436187625 0.002278947504237294 0.02587699145078659
		endloop
	endfacet
	facet normal -0.05081104883750161 0.0880074803963814 0.9948230600012816
		outer loop
			vertex -0.0006954587297514081 0.001204569824039936 0.026252854615449905
			vertex -0.0012934806291013956 0.002455612411722541 0.02611163631081581
			vertex -0.001479882514104247 0.0023479934316128492 0.02611163631081581
		endloop
	endfacet
	facet normal -0.04725441193824546 0.08971023929932113 0.99484626627295
		outer loop
			vertex -0.0006954587297514081 0.001204569824039936 0.026252854615449905
			vertex -0.0006000224384479225 0.0012548404047265649 0.026252854615449905
			vertex -0.0012934806291013956 0.002455612411722541 0.02611163631081581
		endloop
	endfacet
	facet normal -0.01579944233197612 0.029994485049347323 0.999425189040492
		outer loop
			vertex -0.0006954587297514081 0.001204569824039936 0.026252854615449905
			vertex -1.2578143549657372e-18 -1.5403782436052135e-34 0.02630000002682209
			vertex -0.0006000224384479225 0.0012548404047265649 0.026252854615449905
		endloop
	endfacet
	facet normal -0.1474021467325763 0.08133304013344317 0.9857269113305571
		outer loop
			vertex -0.0024802330881357193 0.0012456198455765843 0.02611163631081581
			vertex -0.0023762488272041082 0.0014340734342113137 0.02611163631081581
			vertex -0.003631153143942356 0.002003585686907172 0.02587699145078659
		endloop
	endfacet
	facet normal -0.15100097548309632 0.0758355053320159 0.9856204551114954
		outer loop
			vertex -0.0024802330881357193 0.0012456198455765843 0.02611163631081581
			vertex -0.003631153143942356 0.002003585686907172 0.02587699145078659
			vertex -0.0037754967343062162 0.001716173836030066 0.02587699145078659
		endloop
	endfacet
	facet normal -0.018076266181327044 0.028679960153749098 0.9994251890394406
		outer loop
			vertex -0.0007867125095799565 0.001147054834291339 0.026252854615449905
			vertex -1.2578143549657372e-18 -1.5403782436052135e-34 0.02630000002682209
			vertex -0.0006954587297514081 0.001204569824039936 0.026252854615449905
		endloop
	endfacet
	facet normal -0.054064137445667175 0.0857786277395212 0.9948462675536259
		outer loop
			vertex -0.0007867125095799565 0.001147054834291339 0.026252854615449905
			vertex -0.0006954587297514081 0.001204569824039936 0.026252854615449905
			vertex -0.001479882514104247 0.0023479934316128492 0.02611163631081581
		endloop
	endfacet
	facet normal -0.05747829183884127 0.08380528225944921 0.9948230599622745
		outer loop
			vertex -0.0007867125095799565 0.001147054834291339 0.026252854615449905
			vertex -0.001479882514104247 0.0023479934316128492 0.02611163631081581
			vertex -0.001657384098507464 0.0022262530401349068 0.02611163631081581
		endloop
	endfacet
	facet normal -0.15642354436517522 0.06390613660815327 0.9856204545726799
		outer loop
			vertex -0.002569301053881645 0.0010496749309822917 0.02611163631081581
			vertex -0.0037754967343062162 0.001716173836030066 0.02587699145078659
			vertex -0.0038971342146396637 0.0014184408355504274 0.02587699145078659
		endloop
	endfacet
	facet normal -0.1532615723979188 0.06966599010119033 0.98572690956945
		outer loop
			vertex -0.002569301053881645 0.0010496749309822917 0.02611163631081581
			vertex -0.0024802330881357193 0.0012456198455765843 0.02611163631081581
			vertex -0.0037754967343062162 0.001716173836030066 0.02587699145078659
		endloop
	endfacet
	facet normal -0.06379965774555608 0.07909920866674003 0.9948230590712328
		outer loop
			vertex -0.0008732348796911538 0.001082641421817243 0.026252854615449905
			vertex -0.001657384098507464 0.0022262530401349068 0.02611163631081581
			vertex -0.001824917970225215 0.002091123955324292 0.02611163631081581
		endloop
	endfacet
	facet normal -0.020244372054014276 0.027192955383797013 0.9994251890850229
		outer loop
			vertex -0.0008732348796911538 0.001082641421817243 0.026252854615449905
			vertex -1.2578143549657372e-18 -1.5403782436052135e-34 0.02630000002682209
			vertex -0.0007867125095799565 0.001147054834291339 0.026252854615449905
		endloop
	endfacet
	facet normal -0.060548715981622446 0.08133117331777008 0.9948462661334824
		outer loop
			vertex -0.0008732348796911538 0.001082641421817243 0.026252854615449905
			vertex -0.0007867125095799565 0.001147054834291339 0.026252854615449905
			vertex -0.001657384098507464 0.0022262530401349068 0.02611163631081581
		endloop
	endfacet
	facet normal -0.1581993199165581 0.0575797552445406 0.9857269129753521
		outer loop
			vertex -0.0026429167483001947 0.0008474171627312899 0.02611163631081581
			vertex -0.002569301053881645 0.0010496749309822917 0.02611163631081581
			vertex -0.0038971342146396637 0.0014184408355504274 0.02587699145078659
		endloop
	endfacet
	facet normal -0.16090539675595192 0.051592284247764304 0.9856204591529681
		outer loop
			vertex -0.0026429167483001947 0.0008474171627312899 0.02611163631081581
			vertex -0.0038971342146396637 0.0014184408355504274 0.02587699145078659
			vertex -0.003995333798229694 0.0011121771531179547 0.02587699145078659
		endloop
	endfacet
	facet normal -0.0666693000800666 0.07639443920078205 0.9948462665588247
		outer loop
			vertex -0.0009545055218040943 0.0010117166675627232 0.026252854615449905
			vertex -0.0008732348796911538 0.001082641421817243 0.026252854615449905
			vertex -0.001824917970225215 0.002091123955324292 0.02611163631081581
		endloop
	endfacet
	facet normal -0.02229078097729437 0.025542366727455867 0.9994251890888995
		outer loop
			vertex -0.0009545055218040943 0.0010117166675627232 0.026252854615449905
			vertex -1.2578143549657372e-18 -1.5403782436052135e-34 0.02630000002682209
			vertex -0.0008732348796911538 0.001082641421817243 0.026252854615449905
		endloop
	endfacet
	facet normal -0.06973741919714863 0.07391733317364947 0.9948230597549582
		outer loop
			vertex -0.0009545055218040943 0.0010117166675627232 0.026252854615449905
			vertex -0.001824917970225215 0.002091123955324292 0.02611163631081581
			vertex -0.001981476554647088 0.0019434185232967138 0.02611163631081581
		endloop
	endfacet
	facet normal -0.16218555569858897 0.04514746839150249 0.9857269153373962
		outer loop
			vertex -0.0027006377931684256 0.0006400629063136876 0.02611163631081581
			vertex -0.0026429167483001947 0.0008474171627312899 0.02611163631081581
			vertex -0.003995333798229694 0.0011121771531179547 0.02587699145078659
		endloop
	endfacet
	facet normal -0.1644195845607272 0.03896809992467892 0.9856204580877662
		outer loop
			vertex -0.0027006377931684256 0.0006400629063136876 0.02611163631081581
			vertex -0.003995333798229694 0.0011121771531179547 0.02587699145078659
			vertex -0.004069504793733358 0.0007992246537469327 0.02587699145078659
		endloop
	endfacet
	facet normal -0.024203067269366784 0.02373821751840941 0.9994251890781037
		outer loop
			vertex -0.0010300356661900878 0.0009347074665129185 0.026252854615449905
			vertex -1.2578143549657372e-18 -1.5403782436052135e-34 0.02630000002682209
			vertex -0.0009545055218040943 0.0010117166675627232 0.026252854615449905
		endloop
	endfacet
	facet normal -0.0752557355741642 0.0682909555612658 0.9948230594692309
		outer loop
			vertex -0.0010300356661900878 0.0009347074665129185 0.026252854615449905
			vertex -0.001981476554647088 0.0019434185232967138 0.02611163631081581
			vertex -0.002126118401065469 0.001784025109373033 0.02611163631081581
		endloop
	endfacet
	facet normal -0.0723887398609241 0.07099842485159227 0.9948462665205817
		outer loop
			vertex -0.0010300356661900878 0.0009347074665129185 0.026252854615449905
			vertex -0.0009545055218040943 0.0010117166675627232 0.026252854615449905
			vertex -0.001981476554647088 0.0019434185232967138 0.02611163631081581
		endloop
	endfacet
	facet normal -0.16519646452575093 0.03244350313864187 0.9857269131013342
		outer loop
			vertex -0.002742116805166006 0.00042885926086455584 0.02611163631081581
			vertex -0.0027006377931684256 0.0006400629063136876 0.02611163631081581
			vertex -0.004069504793733358 0.0007992246537469327 0.02587699145078659
		endloop
	endfacet
	facet normal -0.16694486899413788 0.026109785226591433 0.9856204593209049
		outer loop
			vertex -0.002742116805166006 0.00042885926086455584 0.02611163631081581
			vertex -0.004069504793733358 0.0007992246537469327 0.02587699145078659
			vertex -0.004119201563298702 0.0004814655985683203 0.02587699145078659
		endloop
	endfacet
	facet normal -0.08032148290135258 0.06225383082043528 0.9948230596104558
		outer loop
			vertex -0.0010993710020557046 0.0008520768024027348 0.026252854615449905
			vertex -0.002126118401065469 0.001784025109373033 0.02611163631081581
			vertex -0.0022579734213650227 0.0016139023937284946 0.02611163631081581
		endloop
	endfacet
	facet normal -0.07767293534475139 0.06517530892182373 0.9948462666270981
		outer loop
			vertex -0.0010993710020557046 0.0008520768024027348 0.026252854615449905
			vertex -0.0010300356661900878 0.0009347074665129185 0.026252854615449905
			vertex -0.002126118401065469 0.001784025109373033 0.02611163631081581
		endloop
	endfacet
	facet normal -0.025969830175576886 0.021791267406438976 0.9994251890889446
		outer loop
			vertex -0.0010993710020557046 0.0008520768024027348 0.026252854615449905
			vertex -1.2578143549657372e-18 -1.5403782436052135e-34 0.02630000002682209
			vertex -0.0010300356661900878 0.0009347074665129185 0.026252854615449905
		endloop
	endfacet
	facet normal -0.16846617412358872 0.013094157943678032 0.9856204600168905
		outer loop
			vertex -0.002767104422673583 0.00021507637575268745 0.02611163631081581
			vertex -0.004119201563298702 0.0004814655985683203 0.02587699145078659
			vertex -0.004144124686717987 0.00016081090143416077 0.02587699145078659
		endloop
	endfacet
	facet normal -0.1682255553133659 0.006527999315572576 0.985726913381412
		outer loop
			vertex -0.002767104422673583 0.00021507637575268745 0.02611163631081581
			vertex -0.004144124686717987 0.00016081090143416077 0.02587699145078659
			vertex -0.0027754504699259996 -3.398946400044508e-19 0.02611163631081581
		endloop
	endfacet
	facet normal -0.1672138114248725 0.019544477377982827 0.9857269168855991
		outer loop
			vertex -0.002767104422673583 0.00021507637575268745 0.02611163631081581
			vertex -0.002742116805166006 0.00042885926086455584 0.02611163631081581
			vertex -0.004119201563298702 0.0004814655985683203 0.02587699145078659
		endloop
	endfacet
	facet normal -0.0849041376877912 0.05584234802560643 0.9948230594283989
		outer loop
			vertex -0.0011620946461334825 0.0007643216522410512 0.026252854615449905
			vertex -0.0022579734213650227 0.0016139023937284946 0.02611163631081581
			vertex -0.0023762488272041082 0.0014340734342113137 0.02611163631081581
		endloop
	endfacet
	facet normal -0.027580387139201423 0.019713286151972594 0.9994251890933818
		outer loop
			vertex -0.0011620946461334825 0.0007643216522410512 0.026252854615449905
			vertex -1.2578143549657372e-18 -1.5403782436052135e-34 0.02630000002682209
			vertex -0.0010993710020557046 0.0008520768024027348 0.026252854615449905
		endloop
	endfacet
	facet normal -0.08248993802149616 0.05896029467131411 0.9948462664037503
		outer loop
			vertex -0.0011620946461334825 0.0007643216522410512 0.026252854615449905
			vertex -0.0010993710020557046 0.0008520768024027348 0.026252854615449905
			vertex -0.0022579734213650227 0.0016139023937284946 0.02611163631081581
		endloop
	endfacet
	facet normal -0.08897619853169611 0.049094975117484604 0.9948230593995406
		outer loop
			vertex -0.0012178292963653803 0.0006719697848893702 0.026252854615449905
			vertex -0.0023762488272041082 0.0014340734342113137 0.02611163631081581
			vertex -0.0024802330881357193 0.0012456198455765843 0.02611163631081581
		endloop
	endfacet
	facet normal -0.029025083665500603 0.017516731739575395 0.9994251891099076
		outer loop
			vertex -0.0012178292963653803 0.0006719697848893702 0.026252854615449905
			vertex -1.2578143549657372e-18 -1.5403782436052135e-34 0.02630000002682209
			vertex -0.0011620946461334825 0.0007643216522410512 0.026252854615449905
		endloop
	endfacet
	facet normal -0.08681086849675856 0.052390639526208226 0.9948462665160249
		outer loop
			vertex -0.0012178292963653803 0.0006719697848893702 0.026252854615449905
			vertex -0.0011620946461334825 0.0007643216522410512 0.026252854615449905
			vertex -0.0023762488272041082 0.0014340734342113137 0.02611163631081581
		endloop
	endfacet
	facet normal -0.09251311023164323 0.04205240309615606 0.9948230595583852
		outer loop
			vertex -0.0012662397930398583 0.0005755765596404672 0.026252854615449905
			vertex -0.0024802330881357193 0.0012456198455765843 0.02611163631081581
			vertex -0.002569301053881645 0.0010496749309822917 0.02611163631081581
		endloop
	endfacet
	facet normal -0.09060970727910879 0.0455059048142042 0.9948462663013994
		outer loop
			vertex -0.0012662397930398583 0.0005755765596404672 0.026252854615449905
			vertex -0.0012178292963653803 0.0006719697848893702 0.026252854615449905
			vertex -0.0024802330881357193 0.0012456198455765843 0.02611163631081581
		endloop
	endfacet
	facet normal -0.03029521897090031 0.015214830642468204 0.999425189114236
		outer loop
			vertex -0.0012662397930398583 0.0005755765596404672 0.026252854615449905
			vertex -1.2578143549657372e-18 -1.5403782436052135e-34 0.02630000002682209
			vertex -0.0012178292963653803 0.0006719697848893702 0.026252854615449905
		endloop
	endfacet
	facet normal -0.09549368441445845 0.03475680539514387 0.9948230600039769
		outer loop
			vertex -0.0013070348650217056 0.0004757218121085316 0.026252854615449905
			vertex -0.002569301053881645 0.0010496749309822917 0.02611163631081581
			vertex -0.0026429167483001947 0.0008474171627312899 0.02611163631081581
		endloop
	endfacet
	facet normal -0.09386362077466907 0.03834743225157916 0.9948462670859151
		outer loop
			vertex -0.0013070348650217056 0.0004757218121085316 0.026252854615449905
			vertex -0.0012662397930398583 0.0005755765596404672 0.026252854615449905
			vertex -0.002569301053881645 0.0010496749309822917 0.02611163631081581
		endloop
	endfacet
	facet normal -0.03138316321497487 0.01282140743446878 0.999425189085217
		outer loop
			vertex -0.0013070348650217056 0.0004757218121085316 0.026252854615449905
			vertex -1.2578143549657372e-18 -1.5403782436052135e-34 0.02630000002682209
			vertex -0.0012662397930398583 0.0005755765596404672 0.026252854615449905
		endloop
	endfacet
	facet normal -0.09789990780363259 0.02725232203359503 0.9948230591395727
		outer loop
			vertex -0.0013399694580584764 0.00037300598341971636 0.026252854615449905
			vertex -0.0026429167483001947 0.0008474171627312899 0.02611163631081581
			vertex -0.0027006377931684256 0.0006400629063136876 0.02611163631081581
		endloop
	endfacet
	facet normal -0.09655296439828434 0.030958544846920757 0.9948462662978964
		outer loop
			vertex -0.0013399694580584764 0.00037300598341971636 0.026252854615449905
			vertex -0.0013070348650217056 0.0004757218121085316 0.026252854615449905
			vertex -0.0026429167483001947 0.0008474171627312899 0.02611163631081581
		endloop
	endfacet
	facet normal -0.03228233877650378 0.010350943018727658 0.9994251890870782
		outer loop
			vertex -0.0013399694580584764 0.00037300598341971636 0.026252854615449905
			vertex -1.2578143549657372e-18 -1.5403782436052135e-34 0.02630000002682209
			vertex -0.0013070348650217056 0.0004757218121085316 0.026252854615449905
		endloop
	endfacet
	facet normal -0.0329873907646861 0.007818146840243581 0.9994251891114824
		outer loop
			vertex -0.0013648452004417777 0.00026804686058312654 0.026252854615449905
			vertex -1.2578143549657372e-18 -1.5403782436052135e-34 0.02630000002682209
			vertex -0.0013399694580584764 0.00037300598341971636 0.026252854615449905
		endloop
	endfacet
	facet normal -0.09866169949942187 0.023383227236639152 0.9948462663828446
		outer loop
			vertex -0.0013648452004417777 0.00026804686058312654 0.026252854615449905
			vertex -0.0013399694580584764 0.00037300598341971636 0.026252854615449905
			vertex -0.0027006377931684256 0.0006400629063136876 0.02611163631081581
		endloop
	endfacet
	facet normal -0.0997173697545676 0.019583837994941615 0.9948230593721774
		outer loop
			vertex -0.0013648452004417777 0.00026804686058312654 0.026252854615449905
			vertex -0.0027006377931684256 0.0006400629063136876 0.02611163631081581
			vertex -0.002742116805166006 0.00042885926086455584 0.02611163631081581
		endloop
	endfacet
	facet normal -0.03349404292669667 0.005238367428000526 0.999425189093768
		outer loop
			vertex -0.0013815126148983836 0.00016147566202562302 0.026252854615449905
			vertex -1.2578143549657372e-18 -1.5403782436052135e-34 0.02630000002682209
			vertex -0.0013648452004417777 0.00026804686058312654 0.026252854615449905
		endloop
	endfacet
	facet normal -0.1001770402150373 0.015667387351369372 0.9948462663081856
		outer loop
			vertex -0.0013815126148983836 0.00016147566202562302 0.026252854615449905
			vertex -0.0013648452004417777 0.00026804686058312654 0.026252854615449905
			vertex -0.002742116805166006 0.00042885926086455584 0.02611163631081581
		endloop
	endfacet
	facet normal -0.100935112723845 0.011797614147212119 0.9948230593024361
		outer loop
			vertex -0.0013815126148983836 0.00016147566202562302 0.026252854615449905
			vertex -0.002742116805166006 0.00042885926086455584 0.02611163631081581
			vertex -0.002767104422673583 0.00021507637575268745 0.02611163631081581
		endloop
	endfacet
	facet normal -0.033799257834799715 0.002627086936742389 0.9994251890882297
		outer loop
			vertex -0.0013898714678362012 0.00005393334140535444 0.026252854615449905
			vertex -1.2578143549657372e-18 -1.5403782436052135e-34 0.02630000002682209
			vertex -0.0013815126148983836 0.00016147566202562302 0.026252854615449905
		endloop
	endfacet
	facet normal -0.10108990521629968 0.007857331386632823 0.9948462662174695
		outer loop
			vertex -0.0013898714678362012 0.00005393334140535444 0.026252854615449905
			vertex -0.0013815126148983836 0.00016147566202562302 0.026252854615449905
			vertex -0.002767104422673583 0.00021507637575268745 0.02611163631081581
		endloop
	endfacet
	facet normal -0.03387572849330518 0.0006569911817292285 0.9994258368591614
		outer loop
			vertex -0.0013898714678362012 0.00005393334140535444 0.026252854615449905
			vertex -0.0013909174595028162 -1.7033826623923327e-19 0.026252854615449905
			vertex -1.2578143549657372e-18 -1.5403782436052135e-34 0.02630000002682209
		endloop
	endfacet
	facet normal -0.10147041529405366 0.0019679331196603145 0.9948366107352951
		outer loop
			vertex -0.0013898714678362012 0.00005393334140535444 0.026252854615449905
			vertex -0.0027754504699259996 -3.398946400044508e-19 0.02611163631081581
			vertex -0.0013909174595028162 -1.7033826623923327e-19 0.026252854615449905
		endloop
	endfacet
	facet normal -0.10154581545618287 0.003940489377861798 0.9948230595974351
		outer loop
			vertex -0.0013898714678362012 0.00005393334140535444 0.026252854615449905
			vertex -0.002767104422673583 0.00021507637575268745 0.02611163631081581
			vertex -0.0027754504699259996 -3.398946400044508e-19 0.02611163631081581
		endloop
	endfacet
endsolid exported
